01/01/2018 00:00,-0.004870010000000091
01/01/2018 01:00,-0.003140039999999983
01/01/2018 02:00,-7.00000000000145e-5
01/01/2018 03:00,0.002109960000000022
01/01/2018 04:00,0.00034994999999998777
01/01/2018 05:00,0.00036009000000000735
01/01/2018 06:00,0.003789790000000015
01/01/2018 07:00,-0.0041900200000000165
01/01/2018 08:00,0.001669820000000044
01/01/2018 09:00,0.0038599999999999746
01/01/2018 10:00,0.0043999999999999595
01/01/2018 11:00,0.0011999999999999789
01/01/2018 12:00,-0.0027201199999999925
01/01/2018 13:00,0.0017899200000000004
01/01/2018 14:00,0.0065800499999999484
01/01/2018 15:00,0.003820020000000035
01/01/2018 16:00,0.0038000400000002266
01/01/2018 17:00,0.00031997000000005826
01/01/2018 18:00,0.0008400399999999308
01/01/2018 19:00,-0.003029949999999948
01/01/2018 20:00,0.0004299599999999515
01/01/2018 21:00,0.0018299999999999983
01/01/2018 22:00,-0.0032200299999999293
01/01/2018 23:00,0.004029969999999994
01/02/2018 00:00,-0.0025700100000000115
01/02/2018 01:00,0.004659946999999998
01/02/2018 02:00,0.00209005000000001
01/02/2018 03:00,0.0020899300000000176
01/02/2018 04:00,0.00035008999999999735
01/02/2018 05:00,0.00034006000000000314
01/02/2018 06:00,0.003790020000000005
01/02/2018 07:00,0.0004201399999999855
01/02/2018 08:00,-0.0006000200000000344
01/02/2018 09:00,0.0004100099999999607
01/02/2018 10:00,-0.004259849999999954
01/02/2018 11:00,0.002080049999999889
01/02/2018 12:00,-0.002730160000000037
01/02/2018 13:00,-0.0023000699999999874
01/02/2018 14:00,-0.0022400700000000384
01/02/2018 15:00,-0.006179979999999974
01/02/2018 16:00,0.00379003
01/02/2018 17:00,-0.0015199799999999764
01/02/2018 18:00,0.0024999999999999467
01/02/2018 19:00,0.006940000000000168
01/02/2018 20:00,0.0004299599999999515
01/02/2018 21:00,0.003139930000000124
01/02/2018 22:00,-0.0019800299999999105
01/02/2018 23:00,-0.00011997600000002162
01/03/2018 00:00,0.0006100199999999889
01/03/2018 01:00,-0.005350002999999992
01/03/2018 02:00,0.0021000600000000147
01/03/2018 03:00,0.002110080000000014
01/03/2018 04:00,0.00036009000000000735
01/03/2018 05:00,0.00036009000000000735
01/03/2018 06:00,0.0038000400000000045
01/03/2018 07:00,-0.0019399200000000116
01/03/2018 08:00,0.00165003000000008
01/03/2018 09:00,0.003920105999999923
01/03/2018 10:00,-1.0100000000012876e-5
01/03/2018 11:00,0.002979839999999956
01/03/2018 12:00,-0.008429850000000183
01/03/2018 13:00,0.0018200800000000017
01/03/2018 14:00,-0.003430029999999862
01/03/2018 15:00,-0.0021200000000000108
01/03/2018 16:00,0.0037800000000003386
01/03/2018 17:00,0.0007099799999998879
01/03/2018 18:00,0.002870000000000039
01/03/2018 19:00,-0.0008899699999997956
01/03/2018 20:00,0.0004299599999999515
01/03/2018 21:00,0.0018299999999999983
01/03/2018 22:00,-0.006549999999999945
01/03/2018 23:00,-0.0005799699999999852
01/04/2018 00:00,-3.997000000000028e-5
01/04/2018 01:00,-0.005340023000000027
01/04/2018 02:00,0.0020800400000000052
01/04/2018 03:00,0.0021000000000000185
01/04/2018 04:00,0.000369979999999992
01/04/2018 05:00,0.00036009000000000735
01/04/2018 06:00,0.0038000100000000203
01/04/2018 07:00,-0.0019500500000000087
01/04/2018 08:00,-0.0014000399999999358
01/04/2018 09:00,0.0050801300000000715
01/04/2018 10:00,0.0017199499999999146
01/04/2018 11:00,0.00589006000000003
01/04/2018 12:00,-0.002699969999999996
01/04/2018 13:00,0.002959970000000034
01/04/2018 14:00,0.0050499800000000095
01/04/2018 15:00,0.006450000000000067
01/04/2018 16:00,0.0037999899999999753
01/04/2018 17:00,-0.0015100500000000405
01/04/2018 18:00,-0.0025100000000000122
01/04/2018 19:00,-0.00304009999999999
01/04/2018 20:00,0.00041994999999994675
01/04/2018 21:00,0.0018200999999999912
01/04/2018 22:00,0.0017199999999999438
01/04/2018 23:00,-0.008810059999999953
01/05/2018 00:00,0.005790009999999901
01/05/2018 01:00,-0.0031500199999999756
01/05/2018 02:00,0.0010999999999999899
01/05/2018 03:00,-0.005009999999999987
01/05/2018 04:00,0.001109969999999988
01/05/2018 05:00,0.00034994999999998777
01/05/2018 06:00,0.0025999600000000123
01/05/2018 07:00,-0.004169989999999957
01/05/2018 08:00,0.005739979999999756
01/05/2018 09:00,0.0009199399999999525
01/05/2018 10:00,0.0057600500000000165
01/05/2018 11:00,0.002089939999999957
01/05/2018 12:00,0.00021997000000006928
01/05/2018 13:00,-0.0024699999999999722
01/05/2018 14:00,-0.003430029999999862
01/05/2018 15:00,0.0038200000000000456
01/05/2018 16:00,0.003790000000000071
01/05/2018 17:00,-0.0015100000000001224
01/05/2018 18:00,-0.002500009999999997
01/05/2018 19:00,0.006939950000000028
01/05/2018 20:00,0.0004100500000001617
01/05/2018 21:00,-0.0024199999999998667
01/05/2018 22:00,-0.00546000000000002
01/05/2018 23:00,-0.0011400000000000299
01/06/2018 00:00,0.0021499999999999853
01/06/2018 01:00,-0.002860012000000023
01/06/2018 02:00,0.0026600000000000235
01/06/2018 03:00,-0.00734000999999998
01/06/2018 04:00,0.0009199500000000027
01/06/2018 05:00,0.0009101199999999865
01/06/2018 06:00,0.004349829999999999
01/06/2018 07:00,-0.0013799899999999976
01/06/2018 08:00,0.0021599679999999566
01/06/2018 09:00,0.0013300060000001057
01/06/2018 10:00,-0.005459899999999962
01/06/2018 11:00,-0.002589940000000013
01/06/2018 12:00,0.0015400100000000083
01/06/2018 13:00,0.0023600000000000287
01/06/2018 14:00,0.00492999999999999
01/06/2018 15:00,0.0003900400000000914
01/06/2018 16:00,0.002739979999999975
01/06/2018 17:00,-0.00012988999999996587
01/06/2018 18:00,0.00038999999999989043
01/06/2018 19:00,0.004629959999999933
01/06/2018 20:00,0.005550000000000166
01/06/2018 21:00,0.0002499000000000251
01/06/2018 22:00,-0.003060049999999981
01/06/2018 23:00,-0.0023400000000000087
01/07/2018 00:00,0.0011700000000000044
01/07/2018 01:00,-0.004780002999999977
01/07/2018 02:00,0.0026400000000000035
01/07/2018 03:00,0.002669990000000011
01/07/2018 04:00,0.0009200299999999884
01/07/2018 05:00,0.0009200099999999989
01/07/2018 06:00,0.0043400000000000105
01/07/2018 07:00,-0.0013900000000000023
01/07/2018 08:00,0.002170008000000001
01/07/2018 09:00,-0.0019999899999998405
01/07/2018 10:00,0.005640000000000089
01/07/2018 11:00,0.0009399999999999409
01/07/2018 12:00,0.0033599999999999186
01/07/2018 13:00,0.0023600000000000287
01/07/2018 14:00,0.0049200000000000355
01/07/2018 15:00,0.006650000000000017
01/07/2018 16:00,0.0009399999999999964
01/07/2018 17:00,-0.0013799999999999923
01/07/2018 18:00,0.002579969999999987
01/07/2018 19:00,0.004630000000000134
01/07/2018 20:00,0.005560060000000311
01/07/2018 21:00,0.0020300499999998944
01/07/2018 22:00,0.00019996000000011005
01/07/2018 23:00,0.007279999999999953
01/08/2018 00:00,0.0006799999999999584
01/08/2018 01:00,-0.0053500229999999815
01/08/2018 02:00,-0.007920010000000033
01/08/2018 03:00,0.0020800000000000263
01/08/2018 04:00,0.00036000000000002697
01/08/2018 05:00,-0.009639990000000043
01/08/2018 06:00,-0.001859970000000044
01/08/2018 07:00,0.0012900199999998918
01/08/2018 08:00,0.0009299999999999864
01/08/2018 09:00,0.003920055999999894
01/08/2018 10:00,-0.0017800000000001148
01/08/2018 11:00,0.0007899799999999679
01/08/2018 12:00,-0.0043800000000002726
01/08/2018 13:00,-0.002779980000000015
01/08/2018 14:00,-0.0021699600000000263
01/08/2018 15:00,0.002360020000000018
01/08/2018 16:00,-0.0009100799999999243
01/08/2018 17:00,-0.0015200400000001668
01/08/2018 18:00,-0.002500009999999886
01/08/2018 19:00,-0.003049999999999997
01/08/2018 20:00,0.00495000000000001
01/08/2018 21:00,-0.00817000000000001
01/08/2018 22:00,0.006799999999999917
01/08/2018 23:00,0.0040400000000000436
01/09/2018 00:00,-0.005230000000000012
01/09/2018 01:00,-0.0044900200000000945
01/09/2018 02:00,0.0040800129999999935
01/09/2018 03:00,-0.005019990000000002
01/09/2018 04:00,0.0023699899999999885
01/09/2018 05:00,0.0016600099999999895
01/09/2018 06:00,0.0023599599999999388
01/09/2018 07:00,0.00884000000000007
01/09/2018 08:00,0.00047997999999993546
01/09/2018 09:00,-0.003040049999999961
01/09/2018 10:00,-0.0042500199999999655
01/09/2018 11:00,0.002059960000000083
01/09/2018 12:00,0.007290000000000019
01/09/2018 13:00,0.0018099799999999888
01/09/2018 14:00,-0.003430029999999973
01/09/2018 15:00,0.0038199000000000982
01/09/2018 16:00,0.0009199800000001535
01/09/2018 17:00,0.003310030000000186
01/09/2018 18:00,-0.002489900000000045
01/09/2018 19:00,0.006940000000000168
01/09/2018 20:00,0.00043999999999999595
01/09/2018 21:00,-0.006579999999999808
01/09/2018 22:00,0.0032699400000001377
01/09/2018 23:00,0.003290000000000015
01/10/2018 00:00,0.0006099900000000047
01/10/2018 01:00,-0.005340002999999982
01/10/2018 02:00,-0.00019998000000001626
01/10/2018 03:00,-0.005019989999999974
01/10/2018 04:00,0.0023599900000000062
01/10/2018 05:00,-0.0011099500000000262
01/10/2018 06:00,0.006840060000000037
01/10/2018 07:00,0.004889980000000016
01/10/2018 08:00,-0.0008599899999999217
01/10/2018 09:00,0.00828998999999997
01/10/2018 10:00,-0.0042599999999999305
01/10/2018 11:00,0.0020699699999999766
01/10/2018 12:00,0.007280029999999993
01/10/2018 13:00,0.0029600300000000024
01/10/2018 14:00,0.005060000000000009
01/10/2018 15:00,0.000150000000000039
01/10/2018 16:00,0.0069599700000000375
01/10/2018 17:00,0.0019700000000000273
01/10/2018 18:00,-0.00388995999999997
01/10/2018 19:00,0.005359979999999931
01/10/2018 20:00,0.0034799999999999276
01/10/2018 21:00,-0.0022998999999999103
01/10/2018 22:00,0.0026199799999999662
01/10/2018 23:00,-0.005999980000000127
01/11/2018 00:00,-0.0005100000000000104
01/11/2018 01:00,-0.003140020000000021
01/11/2018 02:00,0.004070032999999973
01/11/2018 03:00,-0.007760019999999979
01/11/2018 04:00,0.00035999999999997145
01/11/2018 05:00,0.00035994999999994226
01/11/2018 06:00,-0.00045996999999997623
01/11/2018 07:00,-0.007730000000000015
01/11/2018 08:00,0.0019199900000002046
01/11/2018 09:00,0.004430000000000156
01/11/2018 10:00,0.004019996000000026
01/11/2018 11:00,0.0038600399999999535
01/11/2018 12:00,0.004100009999999987
01/11/2018 13:00,0.0021599999999999953
01/11/2018 14:00,0.0050600000000000644
01/11/2018 15:00,0.0001500000000000945
01/11/2018 16:00,-0.003039970000000003
01/11/2018 17:00,-0.0020000000000000018
01/11/2018 18:00,0.0028800300000000334
01/11/2018 19:00,-0.0035700499999999913
01/11/2018 20:00,0.003430000000000044
01/11/2018 21:00,-0.008190000000000142
01/11/2018 22:00,0.0034400000000001096
01/11/2018 23:00,-0.01056995999999999
01/12/2018 00:00,-0.0010099700000000267
01/12/2018 01:00,-0.005140039999999957
01/12/2018 02:00,0.002079980000000009
01/12/2018 03:00,0.0020899900000000138
01/12/2018 04:00,0.00035000999999998395
01/12/2018 05:00,-0.0011101199999999922
01/12/2018 06:00,-0.003179970000000032
01/12/2018 07:00,-0.0012100800000000023
01/12/2018 08:00,0.005940009999999996
01/12/2018 09:00,0.0009198999999999735
01/12/2018 10:00,-0.0013699900000000431
01/12/2018 11:00,0.003330040000000145
01/12/2018 12:00,0.0067699500000000246
01/12/2018 13:00,0.001810069999999886
01/12/2018 14:00,-0.0004899999999999904
01/12/2018 15:00,-0.00446003000000017
01/12/2018 16:00,0.0037999899999999753
01/12/2018 17:00,0.004479899999999981
01/12/2018 18:00,-0.0025099699999999725
01/12/2018 19:00,0.006940000000000168
01/12/2018 20:00,-0.005709999999999882
01/12/2018 21:00,-0.004460019999999898
01/12/2018 22:00,0.0007499799999999834
01/12/2018 23:00,-0.005090009999999978
01/13/2018 00:00,0.0007099999999999884
01/13/2018 01:00,-0.004800002999999997
01/13/2018 02:00,0.002649980000000024
01/13/2018 03:00,0.002649980000000024
01/13/2018 04:00,0.0008999899999999894
01/13/2018 05:00,-0.0007398000000000127
01/13/2018 06:00,-0.002349902999999931
01/13/2018 07:00,0.001080089999999978
01/13/2018 08:00,0.0023599399999999493
01/13/2018 09:00,-0.00028000399999994485
01/13/2018 10:00,-0.007249893999999979
01/13/2018 11:00,0.0046599999999998865
01/13/2018 12:00,-0.000539960000000006
01/13/2018 13:00,0.0023599800000000393
01/13/2018 14:00,0.004930070000000009
01/13/2018 15:00,0.004530002000000033
01/13/2018 16:00,0.0009099999999999941
01/13/2018 17:00,-0.0013900199999999918
01/13/2018 18:00,-0.0010899999999999799
01/13/2018 19:00,0.007349999999999968
01/13/2018 20:00,0.004029900000000031
01/13/2018 21:00,0.0020200399999998897
01/13/2018 22:00,-0.0026700499999998684
01/13/2018 23:00,0.0015799599999999359
01/14/2018 00:00,0.0011599899999999996
01/14/2018 01:00,-0.004769993000000028
01/14/2018 02:00,0.0026599900000000287
01/14/2018 03:00,0.0026399600000000245
01/14/2018 04:00,0.0009099999999999941
01/14/2018 05:00,0.0009098499999999898
01/14/2018 06:00,-0.0015499100000000432
01/14/2018 07:00,-0.00151002999999994
01/14/2018 08:00,-0.0014599699999999771
01/14/2018 09:00,0.001989859999999899
01/14/2018 10:00,-0.007849970000000095
01/14/2018 11:00,-0.003980000000000039
01/14/2018 12:00,0.001519980000000004
01/14/2018 13:00,0.00607996999999999
01/14/2018 14:00,0.0042299699999999996
01/14/2018 15:00,0.004760034000000024
01/14/2018 16:00,0.0010000000000000009
01/14/2018 17:00,-0.0013900000000000023
01/14/2018 18:00,-0.0010900299999999918
01/14/2018 19:00,0.004679970000000089
01/14/2018 20:00,0.005549999999999944
01/14/2018 21:00,0.002349949999999934
01/14/2018 22:00,-0.001700009999999974
01/14/2018 23:00,-0.00501000000000007
01/15/2018 00:00,0.0010699899999999929
01/15/2018 01:00,-0.005349973000000008
01/15/2018 02:00,0.0021199700000000266
01/15/2018 03:00,0.00209005000000001
01/15/2018 04:00,0.004410029999999954
01/15/2018 05:00,0.0023598600000001024
01/15/2018 06:00,0.0037800100000000003
01/15/2018 07:00,-0.0019500500000000087
01/15/2018 08:00,-0.0012499700000000447
01/15/2018 09:00,-0.0008499199999998375
01/15/2018 10:00,0.00038000000000004697
01/15/2018 11:00,0.000520000000000076
01/15/2018 12:00,0.003100010000000042
01/15/2018 13:00,-0.0033999900000001304
01/15/2018 14:00,0.00658000000000003
01/15/2018 15:00,0.0045500200000000435
01/15/2018 16:00,0.004710009999999931
01/15/2018 17:00,-0.0028599499999999445
01/15/2018 18:00,-0.0038900199999998275
01/15/2018 19:00,-0.0008899999999999464
01/15/2018 20:00,0.0004099999999997994
01/15/2018 21:00,-0.008179900000000018
01/15/2018 22:00,-0.0010999999999998789
01/15/2018 23:00,-0.00599005000000008
01/16/2018 00:00,0.00275000000000003
01/16/2018 01:00,-0.0031400100000000264
01/16/2018 02:00,-0.0036399999999998656
01/16/2018 03:00,-0.007909999999999862
01/16/2018 04:00,0.0003600899999999796
01/16/2018 05:00,0.00035996999999998724
01/16/2018 06:00,-0.0018501699999999843
01/16/2018 07:00,0.0012799799999999584
01/16/2018 08:00,-0.0038101099999998667
01/16/2018 09:00,0.005340149999999988
01/16/2018 10:00,0.00573990000000002
01/16/2018 11:00,0.0029899699999998974
01/16/2018 12:00,0.001580049999999944
01/16/2018 13:00,-0.0005599699999999652
01/16/2018 14:00,-0.0034199999999999786
01/16/2018 15:00,-0.0061899000000000814
01/16/2018 16:00,0.001449900000000115
01/16/2018 17:00,-0.0020200199999999002
01/16/2018 18:00,0.0028699800000000497
01/16/2018 19:00,0.0002100800000001124
01/16/2018 20:00,0.0004199500000001688
01/16/2018 21:00,0.00473005999999998
01/16/2018 22:00,-0.00013999999999980695
01/16/2018 23:00,0.0032899599999999807
01/17/2018 00:00,0.0006199100000000013
01/17/2018 01:00,-0.005339992999999987
01/17/2018 02:00,0.0020699000000000134
01/17/2018 03:00,0.0020800400000000052
01/17/2018 04:00,0.0003500700000000079
01/17/2018 05:00,0.0003598499999999949
01/17/2018 06:00,0.003780249999999985
01/17/2018 07:00,0.0029898499999999606
01/17/2018 08:00,0.004209995999999994
01/17/2018 09:00,-0.00040005000000009616
01/17/2018 10:00,0.005730039999999992
01/17/2018 11:00,-0.0050101099999997345
01/17/2018 12:00,0.006430009999999986
01/17/2018 13:00,0.008640099999999928
01/17/2018 14:00,0.00658000000000003
01/17/2018 15:00,0.0038400000000000656
01/17/2018 16:00,0.003790000000000404
01/17/2018 17:00,0.0014200999999998132
01/17/2018 18:00,0.0005500000000000504
01/17/2018 19:00,0.006959899999999797
01/17/2018 20:00,0.00045000000000006146
01/17/2018 21:00,0.0018199500000000146
01/17/2018 22:00,0.004210040000000026
01/17/2018 23:00,-0.0006599800000000045
01/18/2018 00:00,-0.0052399599999999324
01/18/2018 01:00,-0.005140070000000052
01/18/2018 02:00,0.0021000000000000185
01/18/2018 03:00,0.0020800400000000052
01/18/2018 04:00,0.0014699999999999713
01/18/2018 05:00,0.004789969999999921
01/18/2018 06:00,0.0037998599999999882
01/18/2018 07:00,0.0033601000000000325
01/18/2018 08:00,0.005120010000000175
01/18/2018 09:00,-0.0008099899999998161
01/18/2018 10:00,-0.004270140000000033
01/18/2018 11:00,-0.002540100000000045
01/18/2018 12:00,0.004099949999999963
01/18/2018 13:00,-0.004599979999999948
01/18/2018 14:00,0.0043400399999999895
01/18/2018 15:00,0.0017000399999999027
01/18/2018 16:00,-0.006200000000000094
01/18/2018 17:00,0.008559960000000033
01/18/2018 18:00,-0.006060020000000055
01/18/2018 19:00,-0.003029949999999948
01/18/2018 20:00,0.001040000000000152
01/18/2018 21:00,-0.0038200000000000456
01/18/2018 22:00,0.003100019999999981
01/18/2018 23:00,-0.005080010000000135
01/19/2018 00:00,-0.00938998000000002
01/19/2018 01:00,0.004659947000000053
01/19/2018 02:00,0.0020899300000000176
01/19/2018 03:00,-0.007920010000000033
01/19/2018 04:00,0.0003500099999999007
01/19/2018 05:00,0.0003600899999999796
01/19/2018 06:00,-0.006209980000000004
01/19/2018 07:00,0.008059959999999977
01/19/2018 08:00,-0.004329999999999945
01/19/2018 09:00,-0.009070020000000012
01/19/2018 10:00,0.005740029999999896
01/19/2018 11:00,-0.007929969999999953
01/19/2018 12:00,-0.0027200000000000557
01/19/2018 13:00,0.0017800299999999325
01/19/2018 14:00,-0.0034299699999998934
01/19/2018 15:00,0.006360029999999961
01/19/2018 16:00,0.00653999999999999
01/19/2018 17:00,-0.002029979999999987
01/19/2018 18:00,-0.007120000000000015
01/19/2018 19:00,0.006390019999999885
01/19/2018 20:00,0.005689970000000044
01/19/2018 21:00,0.0018200000000001548
01/19/2018 22:00,-0.006560039999999989
01/19/2018 23:00,0.000329979999999952
01/20/2018 00:00,-0.0070900060000000376
01/20/2018 01:00,-0.0013499900000000231
01/20/2018 02:00,0.005300002999999998
01/20/2018 03:00,0.003709999999999991
01/20/2018 04:00,0.0009100099999999889
01/20/2018 05:00,0.0009100699999999851
01/20/2018 06:00,0.004350010000000015
01/20/2018 07:00,0.0010899500000000062
01/20/2018 08:00,0.0023600300000000685
01/20/2018 09:00,0.007989929999999923
01/20/2018 10:00,0.00273000000000001
01/20/2018 11:00,-0.004870000000000152
01/20/2018 12:00,-0.009410020000000019
01/20/2018 13:00,0.0007699999999999374
01/20/2018 14:00,0.0014899500000000732
01/20/2018 15:00,-0.005970059999999999
01/20/2018 16:00,0.0014599699999999771
01/20/2018 17:00,0.0025399999999999867
01/20/2018 18:00,0.004919980000000046
01/20/2018 19:00,0.0052699800000001185
01/20/2018 20:00,0.0015400000000000968
01/20/2018 21:00,0.002020099999999969
01/20/2018 22:00,0.005210000000000048
01/20/2018 23:00,-0.000249979999999983
01/21/2018 00:00,0.00021999999999999797
01/21/2018 01:00,-0.004779992999999982
01/21/2018 02:00,0.0026599700000000115
01/21/2018 03:00,-0.00734000999999998
01/21/2018 04:00,0.0009200000000000041
01/21/2018 05:00,0.0009100300000000061
01/21/2018 06:00,0.004350010000000015
01/21/2018 07:00,-0.0013900000000000023
01/21/2018 08:00,0.006039967000000007
01/21/2018 09:00,-0.0025100000000000122
01/21/2018 10:00,0.0023600000000000287
01/21/2018 11:00,-0.0034700000000000286
01/21/2018 12:00,0.00782000799999999
01/21/2018 13:00,0.005350060000000045
01/21/2018 14:00,0.0005599700000000207
01/21/2018 15:00,-0.003349989999999997
01/21/2018 16:00,0.006429930000000028
01/21/2018 17:00,-0.005360020000000021
01/21/2018 18:00,-0.0023599999999999177
01/21/2018 19:00,-0.005370039999999854
01/21/2018 20:00,0.0013898500000002478
01/21/2018 21:00,-0.007329900000000222
01/21/2018 22:00,-0.0016900100000000196
01/21/2018 23:00,-0.0032599749999999705
01/22/2018 00:00,-0.008949979999999969
01/22/2018 01:00,-0.005339992999999987
01/22/2018 02:00,0.00268999999999997
01/22/2018 03:00,0.0049799199999999155
01/22/2018 04:00,-0.007629979999999981
01/22/2018 05:00,0.0003500599999999854
01/22/2018 06:00,0.008149980000000001
01/22/2018 07:00,0.0012899600000000344
01/22/2018 08:00,0.005929969999999729
01/22/2018 09:00,0.0009200300000000716
01/22/2018 10:00,0.005759969999999948
01/22/2018 11:00,0.002080049999999889
01/22/2018 12:00,-0.0027200000000000557
01/22/2018 13:00,0.0047399999999999665
01/22/2018 14:00,-0.007690000000000086
01/22/2018 15:00,-0.006180040000000053
01/22/2018 16:00,0.003790030000000111
01/22/2018 17:00,-0.003740019999999955
01/22/2018 18:00,0.0020099699999998055
01/22/2018 19:00,0.003710040000000081
01/22/2018 20:00,0.00042996000000017354
01/22/2018 21:00,-0.00817000000000001
01/22/2018 22:00,-0.006570000000000187
01/22/2018 23:00,0.008000000000000007
01/23/2018 00:00,-0.0006000100000000397
01/23/2018 01:00,-0.005330003000000028
01/23/2018 02:00,0.0020899900000000138
01/23/2018 03:00,0.0020799900000000038
01/23/2018 04:00,0.0003599999999999992
01/23/2018 05:00,0.00034006000000000314
01/23/2018 06:00,-0.006659989999999949
01/23/2018 07:00,0.0012600999999998752
01/23/2018 08:00,0.0008398999999998935
01/23/2018 09:00,-0.0016899999999999693
01/23/2018 10:00,0.0003500100000000117
01/23/2018 11:00,0.0020800200000000713
01/23/2018 12:00,0.006299990000000033
01/23/2018 13:00,0.0002999780000000063
01/23/2018 14:00,0.004359990000000036
01/23/2018 15:00,0.0022800000000000042
01/23/2018 16:00,-0.0014499599999999724
01/23/2018 17:00,0.008480020000000033
01/23/2018 18:00,0.0024198999999998083
01/23/2018 19:00,0.005730000000000235
01/23/2018 20:00,0.0027000000000001467
01/23/2018 21:00,0.001179919999999779
01/23/2018 22:00,0.0012499999999999734
01/23/2018 23:00,-0.0012699999999999934
01/24/2018 00:00,0.0005999899999999947
01/24/2018 01:00,-0.005360003000000002
01/24/2018 02:00,0.0020900000000000085
01/24/2018 03:00,0.0020899900000000138
01/24/2018 04:00,0.0003700000000000092
01/24/2018 05:00,0.004600130000000036
01/24/2018 06:00,0.0029899479999999645
01/24/2018 07:00,0.0004300399999999649
01/24/2018 08:00,0.0004500899999999586
01/24/2018 09:00,0.0004100100000000717
01/24/2018 10:00,-0.0013299600000000744
01/24/2018 11:00,-0.0021900599999999937
01/24/2018 12:00,-0.0027200000000000557
01/24/2018 13:00,0.0018000299999999525
01/24/2018 14:00,-0.0034299699999997824
01/24/2018 15:00,-0.0032598999999999823
01/24/2018 16:00,-0.00047003000000001016
01/24/2018 17:00,-0.0015300200000000208
01/24/2018 18:00,-0.0024899999999999922
01/24/2018 19:00,-0.006789999999999852
01/24/2018 20:00,-0.00032003999999963284
01/24/2018 21:00,0.007120000000000015
01/24/2018 22:00,0.0009999999999998899
01/24/2018 23:00,0.004049939999999919
01/25/2018 00:00,-0.005230000000000012
01/25/2018 01:00,-0.0031400000000000317
01/25/2018 02:00,0.003460003000000045
01/25/2018 03:00,0.0021000000000000185
01/25/2018 04:00,0.00034997999999999974
01/25/2018 05:00,0.0003798799999999991
01/25/2018 06:00,0.0038000400000000045
01/25/2018 07:00,0.008410019999999907
01/25/2018 08:00,-0.005629949999999884
01/25/2018 09:00,0.007420000000000093
01/25/2018 10:00,0.005919950000000007
01/25/2018 11:00,-0.0019300499999999055
01/25/2018 12:00,0.007290000000000019
01/25/2018 13:00,-0.00819005000000006
01/25/2018 14:00,-0.003429999999999933
01/25/2018 15:00,0.004070000000000018
01/25/2018 16:00,-0.0018099999999999783
01/25/2018 17:00,0.0014100000000000223
01/25/2018 18:00,0.0018400199999999423
01/25/2018 19:00,0.006409980000000037
01/25/2018 20:00,0.0011899500000001062
01/25/2018 21:00,-0.00881997999999995
01/25/2018 22:00,-0.001949990000000068
01/25/2018 23:00,-0.0016599999999999948
01/26/2018 00:00,0.0006099999999999994
01/26/2018 01:00,-0.005339992999999987
01/26/2018 02:00,0.0020900000000000085
01/26/2018 03:00,-0.007909999999999973
01/26/2018 04:00,0.0003499999999999892
01/26/2018 05:00,0.0003600599999999954
01/26/2018 06:00,0.0037900200000000606
01/26/2018 07:00,-0.001959969999999922
01/26/2018 08:00,0.0006800680000000892
01/26/2018 09:00,0.003900016000000006
01/26/2018 10:00,-0.004320010000000041
01/26/2018 11:00,0.0005199399999999965
01/26/2018 12:00,-0.009269980000000011
01/26/2018 13:00,0.00736996000000012
01/26/2018 14:00,-0.0006400000000000294
01/26/2018 15:00,0.0022699800000000048
01/26/2018 16:00,0.0037999900000000864
01/26/2018 17:00,-0.0015099999999999003
01/26/2018 18:00,-0.0005800200000000144
01/26/2018 19:00,0.006400030000000001
01/26/2018 20:00,0.009529999999999816
01/26/2018 21:00,-0.004439929999999981
01/26/2018 22:00,0.0007599400000000145
01/26/2018 23:00,0.0040399999999999325
01/27/2018 00:00,0.005159990000000003
01/27/2018 01:00,-0.002860002000000028
01/27/2018 02:00,0.002640019999999965
01/27/2018 03:00,0.0026599999999999957
01/27/2018 04:00,0.0009200099999999711
01/27/2018 05:00,0.0009199699999999367
01/27/2018 06:00,0.0043499799999999755
01/27/2018 07:00,-0.008900040000000053
01/27/2018 08:00,-0.005170059999999976
01/27/2018 09:00,-0.0016999999999999238
01/27/2018 10:00,-0.007220003999999891
01/27/2018 11:00,0.0017800199999999933
01/27/2018 12:00,0.010270000000000112
01/27/2018 13:00,-0.003060019999999941
01/27/2018 14:00,0.0041800000000000725
01/27/2018 15:00,-0.00010003999999996793
01/27/2018 16:00,0.0013399800000000184
01/27/2018 17:00,0.006659999999999999
01/27/2018 18:00,0.0012999399999999994
01/27/2018 19:00,0.005439999999999889
01/27/2018 20:00,0.0012900500000001536
01/27/2018 21:00,-0.0009900199999999248
01/27/2018 22:00,-0.0016899599999999904
01/27/2018 23:00,-0.0018199300000000251
01/28/2018 00:00,0.007830010000000054
01/28/2018 01:00,-0.0013599999999999723
01/28/2018 02:00,-0.0053800270000000094
01/28/2018 03:00,0.002650019999999975
01/28/2018 04:00,0.0019900199999999812
01/28/2018 05:00,0.0035500170000000164
01/28/2018 06:00,0.0018200300000000835
01/28/2018 07:00,-0.0015100000000000113
01/28/2018 08:00,0.0048400899999998526
01/28/2018 09:00,0.007579900000000084
01/28/2018 10:00,0.004819939999999967
01/28/2018 11:00,-0.003989989999999999
01/28/2018 12:00,0.0015400100000000083
01/28/2018 13:00,0.0023700000000000387
01/28/2018 14:00,0.0049200000000000355
01/28/2018 15:00,0.006660000000000027
01/28/2018 16:00,0.0009200000000000041
01/28/2018 17:00,-0.0013999899999999899
01/28/2018 18:00,0.0010299999999998644
01/28/2018 19:00,-0.00365003999999991
01/28/2018 20:00,0.0013999499999997056
01/28/2018 21:00,0.002059970000000133
01/28/2018 22:00,0.006920000000000037
01/28/2018 23:00,0.0008999899999999617
01/29/2018 00:00,0.0010599900000000106
01/29/2018 01:00,-0.005339992999999987
01/29/2018 02:00,0.0020800000000000263
01/29/2018 03:00,0.0020900000000000085
01/29/2018 04:00,0.0003500300000000012
01/29/2018 05:00,0.00035996999999998724
01/29/2018 06:00,-0.0018499999999999628
01/29/2018 07:00,0.004220030000000152
01/29/2018 08:00,0.001660009999999934
01/29/2018 09:00,-0.00259003999999996
01/29/2018 10:00,-0.005629990000000085
01/29/2018 11:00,0.0038399999999999546
01/29/2018 12:00,0.0040999999999999925
01/29/2018 13:00,-0.0013300000000000534
01/29/2018 14:00,-0.0034199999999999786
01/29/2018 15:00,-0.006180000000000074
01/29/2018 16:00,-0.0062100300000000885
01/29/2018 17:00,-0.0015200000000001879
01/29/2018 18:00,0.0027600000000000957
01/29/2018 19:00,0.006409980000000037
01/29/2018 20:00,-0.00048000000000003595
01/29/2018 21:00,0.0024599999999999067
01/29/2018 22:00,0.0003700000000002035
01/29/2018 23:00,-0.0016599999999999948
01/30/2018 00:00,-0.005539989999999995
01/30/2018 01:00,-0.005349992999999997
01/30/2018 02:00,0.0020800000000000263
01/30/2018 03:00,0.0020899900000000138
01/30/2018 04:00,0.00036000999999999395
01/30/2018 05:00,0.0003500700000000079
01/30/2018 06:00,0.003799920000000012
01/30/2018 07:00,0.0004300099999999807
01/30/2018 08:00,0.0004900200000000354
01/30/2018 09:00,0.000399959999999977
01/30/2018 10:00,-0.011099929999999869
01/30/2018 11:00,0.0004999699999999052
01/30/2018 12:00,-0.0005100000000000104
01/30/2018 13:00,0.0017999399999999444
01/30/2018 14:00,0.006569970000000147
01/30/2018 15:00,-0.006169999999999898
01/30/2018 16:00,0.0037999899999999753
01/30/2018 17:00,-0.0015199500000000477
01/30/2018 18:00,-0.0024800000000000377
01/30/2018 19:00,-0.0030501000000002776
01/30/2018 20:00,0.0004399000000001596
01/30/2018 21:00,-0.00817000000000001
01/30/2018 22:00,0.0006699999999999484
01/30/2018 23:00,-0.005080010000000024
01/31/2018 00:00,0.0006199900000000147
01/31/2018 01:00,-0.005360003000000002
01/31/2018 02:00,0.0020900000000000085
01/31/2018 03:00,-0.007169960000000031
01/31/2018 04:00,0.0003399899999999567
01/31/2018 05:00,0.00036009000000000735
01/31/2018 06:00,0.0037900000000000156
01/31/2018 07:00,-0.0010600600000000293
01/31/2018 08:00,-0.007250030000000018
01/31/2018 09:00,-0.0017100400000000793
01/31/2018 10:00,-0.00426002999999997
01/31/2018 11:00,0.0020699700000000876
01/31/2018 12:00,-0.009120049999999935
01/31/2018 13:00,0.00045000000000006146
01/31/2018 14:00,0.00658002000000002
01/31/2018 15:00,-0.006180000000000074
01/31/2018 16:00,0.0037999899999999753
01/31/2018 17:00,0.004319989999999996
01/31/2018 18:00,0.00288995000000003
01/31/2018 19:00,-0.0008999999999999009
01/31/2018 20:00,-0.0030599999999998406
01/31/2018 21:00,0.007129960000000102
01/31/2018 22:00,-0.00738992000000005
01/31/2018 23:00,-0.00550000000000006
02/01/2018 00:00,0.002069995999999963
02/01/2018 01:00,0.0018700019999999817
02/01/2018 02:00,-6.0000000000004494e-5
02/01/2018 03:00,-4.999999999999449e-5
02/01/2018 04:00,-0.0016500230000000005
02/01/2018 05:00,-0.0016600529999999392
02/01/2018 06:00,0.0015599799999999053
02/01/2018 07:00,-0.00273007000000014
02/01/2018 08:00,-0.0030499400000001398
02/01/2018 09:00,-0.00017000000000000348
02/01/2018 10:00,-0.0005799800000000355
02/01/2018 11:00,0.003659969999999957
02/01/2018 12:00,-0.003909999999999969
02/01/2018 13:00,0.007579939999999952
02/01/2018 14:00,0.0025999999999999357
02/01/2018 15:00,0.004940020000000045
02/01/2018 16:00,0.0022100200000000347
02/01/2018 17:00,-0.0023400000000000087
02/01/2018 18:00,-0.001649940000000072
02/01/2018 19:00,0.0046499399999999635
02/01/2018 20:00,0.00506994999999999
02/01/2018 21:00,0.0044799999999998175
02/01/2018 22:00,1.0000000000065512e-5
02/01/2018 23:00,-0.0008199999999999319
02/02/2018 00:00,0.0022600000000000398
02/02/2018 01:00,0.003940010000000049
02/02/2018 02:00,-0.007800033999999956
02/02/2018 03:00,0.003120010000000062
02/02/2018 04:00,0.0005799869999999485
02/02/2018 05:00,-0.0016400229999999905
02/02/2018 06:00,0.0015500000000000236
02/02/2018 07:00,0.005530030000000019
02/02/2018 08:00,0.0007099779999999445
02/02/2018 09:00,-0.0044399999999999995
02/02/2018 10:00,-0.0005899999999999794
02/02/2018 11:00,-0.0007600199999999724
02/02/2018 12:00,-0.007570030000000005
02/02/2018 13:00,0.0015500599999997977
02/02/2018 14:00,-0.0006599999999999939
02/02/2018 15:00,0.00495003000000005
02/02/2018 16:00,0.004160050000000082
02/02/2018 17:00,0.0021198999999998414
02/02/2018 18:00,0.007910020000000184
02/02/2018 19:00,0.004649999999999821
02/02/2018 20:00,0.005059939999999985
02/02/2018 21:00,-0.0018100000000000893
02/02/2018 22:00,-0.0017199999999999438
02/02/2018 23:00,0.006229999999999958
02/03/2018 00:00,-0.007340000000000013
02/03/2018 01:00,-0.003479999999999983
02/03/2018 02:00,-0.004950003000000008
02/03/2018 03:00,0.0005200100000000152
02/03/2018 04:00,-0.0010799930000000013
02/03/2018 05:00,-0.0010899430000000099
02/03/2018 06:00,0.0021200000000000108
02/03/2018 07:00,0.006100000000000022
02/03/2018 08:00,0.004950029999999939
02/03/2018 09:00,-0.006329969999999907
02/03/2018 10:00,0.004049970000000014
02/03/2018 11:00,0.005140046999999981
02/03/2018 12:00,0.00013001700000001004
02/03/2018 13:00,0.0009200799999999898
02/03/2018 14:00,0.0033099600000000007
02/03/2018 15:00,0.004919990000000041
02/03/2018 16:00,-0.00255008000000001
02/03/2018 17:00,-0.0020599800000000723
02/03/2018 18:00,0.004930009999999929
02/03/2018 19:00,0.002379800000000154
02/03/2018 20:00,-8.000000000008001e-5
02/03/2018 21:00,-0.005500100000000119
02/03/2018 22:00,0.0035899799999998816
02/03/2018 23:00,0.003659980000000007
02/04/2018 00:00,-0.0014999829999999825
02/04/2018 01:00,-0.007110000000000005
02/04/2018 02:00,0.0005200100000000152
02/04/2018 03:00,0.0005100000000000104
02/04/2018 04:00,-0.001080002999999996
02/04/2018 05:00,-0.0010800529999999975
02/04/2018 06:00,0.0021100100000000233
02/04/2018 07:00,0.0006499899999999892
02/04/2018 08:00,0.009199980000000219
02/04/2018 09:00,-0.0008899700000000177
02/04/2018 10:00,-0.0025100200000000017
02/04/2018 11:00,0.00012000000000012001
02/04/2018 12:00,0.005359969999999992
02/04/2018 13:00,0.0009199900000000372
02/04/2018 14:00,0.0033200000000000174
02/04/2018 15:00,0.004919990000000041
02/04/2018 16:00,0.001129939999999996
02/04/2018 17:00,0.01041000000000003
02/04/2018 18:00,-0.005100070000000123
02/04/2018 19:00,0.0021200600000002012
02/04/2018 20:00,-0.009120039999999996
02/04/2018 21:00,0.00378999999999996
02/04/2018 22:00,-0.0020299999999999763
02/04/2018 23:00,-0.0009700000000000264
02/05/2018 00:00,0.003299996999999999
02/05/2018 01:00,0.0023400000000000087
02/05/2018 02:00,-3.999999999998449e-5
02/05/2018 03:00,-7.00000000000145e-5
02/05/2018 04:00,-0.0005399930000000164
02/05/2018 05:00,0.0013898500000000258
02/05/2018 06:00,-0.00032989999999988306
02/05/2018 07:00,-0.00486993400000002
02/05/2018 08:00,0.0015999500000000166
02/05/2018 09:00,0.005160009999999993
02/05/2018 10:00,-0.0045900199999999725
02/05/2018 11:00,-0.0007500000000000284
02/05/2018 12:00,-0.008889900000000006
02/05/2018 13:00,0.0006399399999998945
02/05/2018 14:00,-0.003230040000000045
02/05/2018 15:00,-0.006869910000000035
02/05/2018 16:00,0.012969859999999889
02/05/2018 17:00,0.007730100000000073
02/05/2018 18:00,0.002199920000000244
02/05/2018 19:00,-0.005359949999999891
02/05/2018 20:00,0.005069999999999908
02/05/2018 21:00,-0.011439999999999895
02/05/2018 22:00,0.0009700000000000264
02/05/2018 23:00,0.001969989999999977
02/06/2018 00:00,-0.0020600129999999717
02/06/2018 01:00,-0.007660010000000023
02/06/2018 02:00,-7.00000000000145e-5
02/06/2018 03:00,-4.999999999999449e-5
02/06/2018 04:00,-0.0005500030000000211
02/06/2018 05:00,0.0013700400000000168
02/06/2018 06:00,-0.0003400100000000572
02/06/2018 07:00,-0.002100019999999869
02/06/2018 08:00,0.00038999999999989043
02/06/2018 09:00,0.005349999999999966
02/06/2018 10:00,-0.0005800099999999642
02/06/2018 11:00,0.004610009999999942
02/06/2018 12:00,0.005270019999999986
02/06/2018 13:00,0.003959959999999985
02/06/2018 14:00,-0.0014399999999999968
02/06/2018 15:00,-0.004889960000000082
02/06/2018 16:00,-0.0007099699999999487
02/06/2018 17:00,0.0013699999999998713
02/06/2018 18:00,0.0038900299999999888
02/06/2018 19:00,0.004650000000000043
02/06/2018 20:00,0.005059939999999985
02/06/2018 21:00,-0.006460069999999929
02/06/2018 22:00,0.00401004000000027
02/06/2018 23:00,-0.0034799899999999884
02/07/2018 00:00,-0.009090009999999982
02/07/2018 01:00,0.004750000000000032
02/07/2018 02:00,0.0021899659999999876
02/07/2018 03:00,0.0031200000000000117
02/07/2018 04:00,0.0005599969999999788
02/07/2018 05:00,-0.0016399930000000063
02/07/2018 06:00,0.001539980000000024
02/07/2018 07:00,-0.00232999300000003
02/07/2018 08:00,0.0062400099999999625
02/07/2018 09:00,-0.0032999400000000567
02/07/2018 10:00,-0.0005699999999999594
02/07/2018 11:00,0.004600009999999877
02/07/2018 12:00,-0.0016899999999999693
02/07/2018 13:00,0.008090049999999849
02/07/2018 14:00,0.006189930000000121
02/07/2018 15:00,0.004450049999999983
02/07/2018 16:00,0.00030010000000002535
02/07/2018 17:00,-0.004069960000000039
02/07/2018 18:00,0.002680020000000116
02/07/2018 19:00,-0.005339900000000064
02/07/2018 20:00,-0.004949999999999788
02/07/2018 21:00,-0.0014499999999997293
02/07/2018 22:00,0.0009699699999999867
02/07/2018 23:00,-0.007489999999999997
02/08/2018 00:00,-0.0032299439999999846
02/08/2018 01:00,0.002340019999999998
02/08/2018 02:00,-5.9970000000020285e-5
02/08/2018 03:00,-3.999999999998449e-5
02/08/2018 04:00,-0.0016500329999999952
02/08/2018 05:00,-0.0016501030000000139
02/08/2018 06:00,0.0015600700000000245
02/08/2018 07:00,0.0008600000000000829
02/08/2018 08:00,0.0006300000000000194
02/08/2018 09:00,-0.005219940000000145
02/08/2018 10:00,-0.0018099700000000496
02/08/2018 11:00,-0.0007200499999999721
02/08/2018 12:00,-0.0004899999999999904
02/08/2018 13:00,-0.000460000000000127
02/08/2018 14:00,-0.0017899599999999793
02/08/2018 15:00,-0.004879969999999956
02/08/2018 16:00,0.00929003000000006
02/08/2018 17:00,0.007490030000000036
02/08/2018 18:00,0.0004800200000000254
02/08/2018 19:00,0.0046399999999999775
02/08/2018 20:00,0.0050600000000000644
02/08/2018 21:00,-0.005499900000000002
02/08/2018 22:00,1.0000000000065512e-5
02/08/2018 23:00,0.009170000000000011
02/09/2018 00:00,0.004879946000000024
02/09/2018 01:00,-0.007650000000000018
02/09/2018 02:00,-6.0000000000004494e-5
02/09/2018 03:00,-6.0000000000004494e-5
02/09/2018 04:00,-0.0016499930000000163
02/09/2018 05:00,0.008349896999999967
02/09/2018 06:00,-0.005770099999999889
02/09/2018 07:00,-0.0026300349999999195
02/09/2018 08:00,0.003330000000000055
02/09/2018 09:00,0.0005299600000001625
02/09/2018 10:00,-0.00208994000000029
02/09/2018 11:00,0.004560039999999876
02/09/2018 12:00,-0.0039199999999999235
02/09/2018 13:00,-0.0043200200000000355
02/09/2018 14:00,-0.005350000000000188
02/09/2018 15:00,0.004790000000000072
02/09/2018 16:00,0.006720000000000059
02/09/2018 17:00,-0.002510030000000052
02/09/2018 18:00,0.00048002000000013645
02/09/2018 19:00,0.0046500599999999
02/09/2018 20:00,-0.004100020000000093
02/09/2018 21:00,-0.00996002000000007
02/09/2018 22:00,0.0009599499999999317
02/09/2018 23:00,-0.007510019999999895
02/10/2018 00:00,-0.007350000000000023
02/10/2018 01:00,-0.0034700000000000286
02/10/2018 02:00,0.0034099960000000817
02/10/2018 03:00,-0.009330039999999984
02/10/2018 04:00,0.010009996999999937
02/10/2018 05:00,-0.0066698779999999624
02/10/2018 06:00,0.0020999999999999908
02/10/2018 07:00,0.0009799799999999914
02/10/2018 08:00,0.0035800299999999563
02/10/2018 09:00,-0.004210009999999986
02/10/2018 10:00,0.004690000000000083
02/10/2018 11:00,-0.003999969999999964
02/10/2018 12:00,0.0012099799999999439
02/10/2018 13:00,-0.005790000000000073
02/10/2018 14:00,0.0033200099999999844
02/10/2018 15:00,0.004919960000000001
02/10/2018 16:00,0.0018699950000000132
02/10/2018 17:00,-0.008489999999999887
02/10/2018 18:00,0.009550090000000289
02/10/2018 19:00,-0.0034799000000003133
02/10/2018 20:00,0.002229899999999674
02/10/2018 21:00,-0.0036299799999999216
02/10/2018 22:00,0.0012399999999999078
02/10/2018 23:00,-0.003030000000000005
02/11/2018 00:00,-0.0014900030000000175
02/11/2018 01:00,0.002899999999999986
02/11/2018 02:00,0.0005100000000000104
02/11/2018 03:00,0.0005100000000000104
02/11/2018 04:00,-0.001090003000000006
02/11/2018 05:00,-0.0010901729999999998
02/11/2018 06:00,0.00627989000000001
02/11/2018 07:00,0.004800096000000087
02/11/2018 08:00,0.0030999000000000443
02/11/2018 09:00,-0.005470089999999983
02/11/2018 10:00,-0.0018698699999999957
02/11/2018 11:00,0.0009101169999999881
02/11/2018 12:00,0.00012006700000002923
02/11/2018 13:00,0.0009100000000000219
02/11/2018 14:00,-0.003449959999999974
02/11/2018 15:00,0.0004100099999999607
02/11/2018 16:00,-0.0005999700000000052
02/11/2018 17:00,-0.007190030000000069
02/11/2018 18:00,0.0040900200000000275
02/11/2018 19:00,0.002150039999999853
02/11/2018 20:00,0.006240100000000082
02/11/2018 21:00,-0.0002499499999999433
02/11/2018 22:00,-0.00551996999999993
02/11/2018 23:00,0.0003400399999999859
02/12/2018 00:00,-0.001620023000000026
02/12/2018 01:00,-0.007650040000000025
02/12/2018 02:00,-4.996000000001555e-5
02/12/2018 03:00,-4.996000000001555e-5
02/12/2018 04:00,-0.0016400830000000144
02/12/2018 05:00,-0.0016601029999999961
02/12/2018 06:00,0.005979950000000012
02/12/2018 07:00,0.005139956000000001
02/12/2018 08:00,0.006979999999999986
02/12/2018 09:00,-0.00016004000000002794
02/12/2018 10:00,-0.005379949999999911
02/12/2018 11:00,0.0021300599999999337
02/12/2018 12:00,0.000750006999999997
02/12/2018 13:00,-0.0026599449999999414
02/12/2018 14:00,0.001109979999999955
02/12/2018 15:00,-0.0003098999999999741
02/12/2018 16:00,-0.0016500329999999952
02/12/2018 17:00,0.005549910000000019
02/12/2018 18:00,0.00012004999999992716
02/12/2018 19:00,-0.0021199000000000634
02/12/2018 20:00,-0.005319999999999991
02/12/2018 21:00,4.999999999999449e-5
02/12/2018 22:00,-0.003789995000000046
02/12/2018 23:00,-0.00491999999999998
02/13/2018 00:00,0.001770037000000002
02/13/2018 01:00,-0.007660010000000023
02/13/2018 02:00,-4.996000000001555e-5
02/13/2018 03:00,-6.0000000000004494e-5
02/13/2018 04:00,-0.001649972999999999
02/13/2018 05:00,-0.0016400830000000144
02/13/2018 06:00,0.0015400100000000083
02/13/2018 07:00,-0.00716993999999993
02/13/2018 08:00,-0.005210099999999995
02/13/2018 09:00,-0.0022900900000000224
02/13/2018 10:00,-0.001410070000000041
02/13/2018 11:00,0.00677994000000004
02/13/2018 12:00,-0.00037999999999993594
02/13/2018 13:00,0.0024299700000000035
02/13/2018 14:00,0.008570060000000046
02/13/2018 15:00,-0.0048899799999999605
02/13/2018 16:00,-2.999999999997449e-5
02/13/2018 17:00,0.0019199999999999773
02/13/2018 18:00,0.002859989999999979
02/13/2018 19:00,-0.0012099199999999755
02/13/2018 20:00,0.00506994999999999
02/13/2018 21:00,-0.0005999999999999339
02/13/2018 22:00,0.003619929999999938
02/13/2018 23:00,-0.0008200600000000113
02/14/2018 00:00,0.0048799959999999976
02/14/2018 01:00,0.0023400000000000087
02/14/2018 02:00,-3.9989999999989756e-5
02/14/2018 03:00,-3.999999999992898e-5
02/14/2018 04:00,-0.001650023000000056
02/14/2018 05:00,-0.0016501030000000139
02/14/2018 06:00,-0.0011200399999999888
02/14/2018 07:00,0.0022500000000000853
02/14/2018 08:00,0.004789959999999982
02/14/2018 09:00,0.004790010000000011
02/14/2018 10:00,-0.004209899999999989
02/14/2018 11:00,-0.0010499999999999954
02/14/2018 12:00,-0.00046999999999997044
02/14/2018 13:00,0.003970000000000029
02/14/2018 14:00,-0.005069999999999908
02/14/2018 15:00,-0.004880109999999993
02/14/2018 16:00,0.00275000000000003
02/14/2018 17:00,0.00473005999999998
02/14/2018 18:00,-0.001709900000000042
02/14/2018 19:00,0.000659960000000126
02/14/2018 20:00,-0.004929900000000043
02/14/2018 21:00,-0.005520000000000191
02/14/2018 22:00,0.00019007000000015317
02/14/2018 23:00,0.0024899999999999922
02/15/2018 00:00,0.006769996
02/15/2018 01:00,0.0036800029999999873
02/15/2018 02:00,-0.007820003999999992
02/15/2018 03:00,-0.006889989999999957
02/15/2018 04:00,0.0005600170000000793
02/15/2018 05:00,-0.001650003000000011
02/15/2018 06:00,-0.004029969999999938
02/15/2018 07:00,-0.004870023999999917
02/15/2018 08:00,0.004599950000000019
02/15/2018 09:00,0.009180009999999905
02/15/2018 10:00,0.007910000000000084
02/15/2018 11:00,0.004549970000000014
02/15/2018 12:00,-0.00046999999999997044
02/15/2018 13:00,0.003970030000000069
02/15/2018 14:00,-0.0014400399999999758
02/15/2018 15:00,-0.00491001000000002
02/15/2018 16:00,-0.000719960000000075
02/15/2018 17:00,0.00036999999999998145
02/15/2018 18:00,-0.0022299699999999145
02/15/2018 19:00,-0.005340040000000101
02/15/2018 20:00,-0.004930000000000101
02/15/2018 21:00,0.004489999999999883
02/15/2018 22:00,-0.010019969999999878
02/15/2018 23:00,-0.007499979999999962
02/16/2018 00:00,0.0022599899999999895
02/16/2018 01:00,-0.005229990000000018
02/16/2018 02:00,-0.007809983999999992
02/16/2018 03:00,0.0031100000000000017
02/16/2018 04:00,-0.00944998300000005
02/16/2018 05:00,-0.0016600529999999392
02/16/2018 06:00,0.0015600000000001168
02/16/2018 07:00,-0.012330022999999968
02/16/2018 08:00,0.004899999999999904
02/16/2018 09:00,0.0005200100000000152
02/16/2018 10:00,-0.0021000399999999697
02/16/2018 11:00,-0.005199900000000035
02/16/2018 12:00,0.005530000000000035
02/16/2018 13:00,-0.0013900000000000023
02/16/2018 14:00,-0.0014300000000000423
02/16/2018 15:00,0.005369969999999946
02/16/2018 16:00,-0.010720010000000002
02/16/2018 17:00,0.012660030000000044
02/16/2018 18:00,0.0028599899999999234
02/16/2018 19:00,0.007869959999999954
02/16/2018 20:00,0.004679980000000139
02/16/2018 21:00,4.0000000000040004e-5
02/16/2018 22:00,0.0009899499999999062
02/16/2018 23:00,-0.0013899800000000129
02/17/2018 00:00,0.01146997999999999
02/17/2018 01:00,-0.007079990000000036
02/17/2018 02:00,0.001249989999999923
02/17/2018 03:00,0.01254000999999999
02/17/2018 04:00,-0.001080002999999996
02/17/2018 05:00,-0.0010899730000000774
02/17/2018 06:00,0.0021100000000000008
02/17/2018 07:00,0.009619999999999962
02/17/2018 08:00,0.0035599999999997856
02/17/2018 09:00,-0.003379969999999899
02/17/2018 10:00,7.999999999996898e-5
02/17/2018 11:00,0.005119996999999987
02/17/2018 12:00,0.005819985999999999
02/17/2018 13:00,-0.00014996999999999927
02/17/2018 14:00,-0.007649999999999935
02/17/2018 15:00,-0.0018400399999999317
02/17/2018 16:00,0.00021996000000001903
02/17/2018 17:00,0.0014999999999999458
02/17/2018 18:00,0.0006500200000000289
02/17/2018 19:00,-0.005479999999999929
02/17/2018 20:00,-0.008039899999999989
02/17/2018 21:00,-0.004540019999999978
02/17/2018 22:00,0.004479970000000111
02/17/2018 23:00,0.006649999999999934
02/18/2018 00:00,-0.009509994999999993
02/18/2018 01:00,-0.005170008000000004
02/18/2018 02:00,0.0005100099999999497
02/18/2018 03:00,0.0005100099999999497
02/18/2018 04:00,-0.0010800030000000516
02/18/2018 05:00,-0.00108006300000002
02/18/2018 06:00,0.0021100100000001065
02/18/2018 07:00,-0.0011899600000000454
02/18/2018 08:00,-0.0011700100000002767
02/18/2018 09:00,0.004770010000000102
02/18/2018 10:00,-0.005950010000000006
02/18/2018 11:00,0.005110006999999972
02/18/2018 12:00,0.0001199770000000211
02/18/2018 13:00,0.00037999999999993594
02/18/2018 14:00,0.007420010000000032
02/18/2018 15:00,0.004499990000000009
02/18/2018 16:00,0.00013001999999995295
02/18/2018 17:00,0.004529979999999989
02/18/2018 18:00,0.0021400199999999092
02/18/2018 19:00,0.006900039999999996
02/18/2018 20:00,0.012599949999999804
02/18/2018 21:00,0.0023300200000000437
02/18/2018 22:00,0.002420099999999925
02/18/2018 23:00,0.0003500199999999509
02/19/2018 00:00,-0.0002899960000000146
02/19/2018 01:00,0.0047400000000000775
02/19/2018 02:00,0.0015099860000000187
02/19/2018 03:00,-5.0019999999983966e-5
02/19/2018 04:00,-0.001640003000000001
02/19/2018 05:00,-0.0016399630000000776
02/19/2018 06:00,0.0015399999999999858
02/19/2018 07:00,0.007659997000000085
02/19/2018 08:00,-0.0030399599999999527
02/19/2018 09:00,0.005810019999999971
02/19/2018 10:00,-0.0017999799999999233
02/19/2018 11:00,-0.0007399599999998729
02/19/2018 12:00,-0.0018300000000001093
02/19/2018 13:00,-0.0024900600000000717
02/19/2018 14:00,-0.0017800000000000038
02/19/2018 15:00,0.005099990000000054
02/19/2018 16:00,-0.002229925000000188
02/19/2018 17:00,0.0019100499999999965
02/19/2018 18:00,-0.002780019999999883
02/19/2018 19:00,0.004649999999999821
02/19/2018 20:00,-0.004929900000000043
02/19/2018 21:00,-0.005510000000000126
02/19/2018 22:00,-0.005099980000000004
02/19/2018 23:00,-0.0005200199999999544
02/20/2018 00:00,-0.004429999999999934
02/20/2018 01:00,-0.007650000000000046
02/20/2018 02:00,-5.0019999999983966e-5
02/20/2018 03:00,-3.999999999998449e-5
02/20/2018 04:00,-0.0016599729999999813
02/20/2018 05:00,-0.001650003000000011
02/20/2018 06:00,0.0015600000000000058
02/20/2018 07:00,0.008150015000000232
02/20/2018 08:00,0.0063699900000000476
02/20/2018 09:00,-0.004259940000000073
02/20/2018 10:00,-0.0034399999999998876
02/20/2018 11:00,-0.00024004999999993615
02/20/2018 12:00,-0.0003900300000000412
02/20/2018 13:00,0.005970039999999899
02/20/2018 14:00,-0.0012600000000000389
02/20/2018 15:00,-0.00489004000000004
02/20/2018 16:00,-0.0007100299999998061
02/20/2018 17:00,-0.002500050000000087
02/20/2018 18:00,0.0004900199999999799
02/20/2018 19:00,-0.005350000000000188
02/20/2018 20:00,0.005070099999999966
02/20/2018 21:00,-0.005520000000000191
02/20/2018 22:00,0.009999999999999787
02/20/2018 23:00,-0.007839999999999958
02/21/2018 00:00,0.0008199859999999948
02/21/2018 01:00,0.004450019999999999
02/21/2018 02:00,0.0015000259999999876
02/21/2018 03:00,-5.0019999999983966e-5
02/21/2018 04:00,-0.001650003000000011
02/21/2018 05:00,-0.001650063000000035
02/21/2018 06:00,0.0015399999999999858
02/21/2018 07:00,-0.0023400230000000244
02/21/2018 08:00,0.007240040000000114
02/21/2018 09:00,-0.00017997000000002927
02/21/2018 10:00,0.007039989999999996
02/21/2018 11:00,0.0002900000000001235
02/21/2018 12:00,0.009540000000000104
02/21/2018 13:00,0.003960069999999982
02/21/2018 14:00,-0.0014199800000000984
02/21/2018 15:00,-0.004880009999999935
02/21/2018 16:00,-0.0007000199999999124
02/21/2018 17:00,-0.0025199999999998557
02/21/2018 18:00,0.00048000000000003595
02/21/2018 19:00,-0.006710000000000049
02/21/2018 20:00,-0.005329980000000012
02/21/2018 21:00,0.0010299999999999754
02/21/2018 22:00,0.0011699899999999541
02/21/2018 23:00,-0.004920019999999997
02/22/2018 00:00,-0.0020500030000000224
02/22/2018 01:00,0.002360029999999985
02/22/2018 02:00,-3.999999999998449e-5
02/22/2018 03:00,0.0013200099999999826
02/22/2018 04:00,-0.001520002999999992
02/22/2018 05:00,-0.00163993300000001
02/22/2018 06:00,0.001539980000000024
02/22/2018 07:00,-0.0013800600000000163
02/22/2018 08:00,-0.005400020000000172
02/22/2018 09:00,-0.0005699900000002422
02/22/2018 10:00,0.012310040000000022
02/22/2018 11:00,-0.00133996000000014
02/22/2018 12:00,-0.00611000000000006
02/22/2018 13:00,-0.00031994999999995777
02/22/2018 14:00,0.002960020000000063
02/22/2018 15:00,-0.00322000999999994
02/22/2018 16:00,-0.0007200000000000539
02/22/2018 17:00,-0.0025100000000001232
02/22/2018 18:00,0.00047996999999999623
02/22/2018 19:00,0.004650060000000011
02/22/2018 20:00,-0.004930050000000019
02/22/2018 21:00,-0.0014499999999997293
02/22/2018 22:00,0.0009600699999998685
02/22/2018 23:00,0.0025000000000000577
02/23/2018 00:00,-0.003229994000000014
02/23/2018 01:00,0.0023399999999999532
02/23/2018 02:00,-6.0000000000004494e-5
02/23/2018 03:00,-4.998999999999976e-5
02/23/2018 04:00,-0.0016499930000000163
02/23/2018 05:00,-0.0016499630000000876
02/23/2018 06:00,0.0015300000000000313
02/23/2018 07:00,0.0013499900000000231
02/23/2018 08:00,0.00038002999999986464
02/23/2018 09:00,-0.0014799899999999866
02/23/2018 10:00,0.0023000299999998974
02/23/2018 11:00,0.006549970000000016
02/23/2018 12:00,-0.0004800499999999541
02/23/2018 13:00,0.0039599999999999635
02/23/2018 14:00,-0.0014300000000000423
02/23/2018 15:00,-0.004879940000000138
02/23/2018 16:00,-2.997999999998502e-5
02/23/2018 17:00,0.0019300199999999768
02/23/2018 18:00,0.0028599900000000344
02/23/2018 19:00,0.008779999999999899
02/23/2018 20:00,-0.006269999999999776
02/23/2018 21:00,-0.0014500000000001734
02/23/2018 22:00,-0.009029970000000054
02/23/2018 23:00,0.0025000800000000156
02/24/2018 00:00,-0.007170022999999998
02/24/2018 01:00,-0.0070900100000000355
02/24/2018 02:00,0.0005100000000000104
02/24/2018 03:00,0.0005200100000000152
02/24/2018 04:00,-0.009999972999999995
02/24/2018 05:00,-0.006669968000000082
02/24/2018 06:00,0.0021000099999999855
02/24/2018 07:00,0.006099999999999994
02/24/2018 08:00,-0.006310019999999916
02/24/2018 09:00,0.002149950000000178
02/24/2018 10:00,-0.001320050000000128
02/24/2018 11:00,-0.0009999700000000722
02/24/2018 12:00,0.0012199899999999486
02/24/2018 13:00,0.0009599999999999609
02/24/2018 14:00,-0.0035600499999999258
02/24/2018 15:00,-0.005410029999999955
02/24/2018 16:00,0.009399990000000136
02/24/2018 17:00,0.005609999999999893
02/24/2018 18:00,-0.0041899800000000376
02/24/2018 19:00,0.0021399999999998087
02/24/2018 20:00,-6.005999999980638e-5
02/24/2018 21:00,0.004360099999999978
02/24/2018 22:00,-0.00876004000000008
02/24/2018 23:00,-0.003349999999999964
02/25/2018 00:00,-0.0018700039999999807
02/25/2018 01:00,0.002919999999999978
02/25/2018 02:00,-0.009510000000000018
02/25/2018 03:00,0.0004900399999999694
02/25/2018 04:00,-0.0010800030000000516
02/25/2018 05:00,-0.001089963000000027
02/25/2018 06:00,0.0020999999999999908
02/25/2018 07:00,-0.0011100799999999023
02/25/2018 08:00,0.013209900000000108
02/25/2018 09:00,-0.007000050000000035
02/25/2018 10:00,0.0016400200000001863
02/25/2018 11:00,0.004520049999999998
02/25/2018 12:00,0.001379960000000069
02/25/2018 13:00,-0.0009999800000000114
02/25/2018 14:00,0.003329990000000005
02/25/2018 15:00,0.0043600000000000305
02/25/2018 16:00,0.0012199000000000515
02/25/2018 17:00,-0.000809980000000099
02/25/2018 18:00,-0.0022999399999998893
02/25/2018 19:00,0.005640019999999968
02/25/2018 20:00,0.0025899299999999625
02/25/2018 21:00,0.00546000000000002
02/25/2018 22:00,0.004249990000000037
02/25/2018 23:00,-0.003360020000000019
02/26/2018 00:00,-0.006719982999999985
02/26/2018 01:00,-0.007650000000000046
02/26/2018 02:00,-4.0000000000040004e-5
02/26/2018 03:00,-0.010060000000000013
02/26/2018 04:00,-0.0016399930000000063
02/26/2018 05:00,-0.0016600930000000014
02/26/2018 06:00,0.001550050000000025
02/26/2018 07:00,-0.009149989999999941
02/26/2018 08:00,0.00543993999999981
02/26/2018 09:00,0.002680009999999955
02/26/2018 10:00,-0.0020799899999999205
02/26/2018 11:00,-0.005449969999999915
02/26/2018 12:00,0.0008899999999999464
02/26/2018 13:00,-0.0024299900000000485
02/26/2018 14:00,0.0026799599999998147
02/26/2018 15:00,-0.004210000000000047
02/26/2018 16:00,-0.0004000100000000062
02/26/2018 17:00,-0.006139999999999923
02/26/2018 18:00,-0.001709900000000042
02/26/2018 19:00,0.009770000000000056
02/26/2018 20:00,-0.005309950000000008
02/26/2018 21:00,-0.009950000000000014
02/26/2018 22:00,-0.003689949999999942
02/26/2018 23:00,-0.004919990000000041
02/27/2018 00:00,-0.002080002999999997
02/27/2018 01:00,-0.00766
02/27/2018 02:00,-4.998999999999976e-5
02/27/2018 03:00,-4.999999999999449e-5
02/27/2018 04:00,-0.000990003000000017
02/27/2018 05:00,0.00835997700000013
02/27/2018 06:00,0.0015299800000000419
02/27/2018 07:00,-0.002340003000000035
02/27/2018 08:00,0.002160000000000162
02/27/2018 09:00,-0.00520999000000022
02/27/2018 10:00,-0.0020899999999999253
02/27/2018 11:00,-0.003479980000000049
02/27/2018 12:00,0.004010069999999977
02/27/2018 13:00,0.0039599999999999635
02/27/2018 14:00,-0.0014399999999998858
02/27/2018 15:00,0.005130070000000098
02/27/2018 16:00,-0.0007000200000000234
02/27/2018 17:00,0.006160040000000033
02/27/2018 18:00,0.00048008999999993307
02/27/2018 19:00,-0.0053499400000001085
02/27/2018 20:00,0.005060059999999922
02/27/2018 21:00,0.0006200300000001047
02/27/2018 22:00,-0.006119969999999864
02/27/2018 23:00,-0.010820000000000052
02/28/2018 00:00,0.0022699699999999545
02/28/2018 01:00,-0.005250000000000032
02/28/2018 02:00,0.002190016000000017
02/28/2018 03:00,-0.008300000000000085
02/28/2018 04:00,-0.0016600230000000105
02/28/2018 05:00,-0.0016500329999999952
02/28/2018 06:00,0.0015500000000000513
02/28/2018 07:00,-0.0013900400000002033
02/28/2018 08:00,-0.004129900000000131
02/28/2018 09:00,0.002889999999999837
02/28/2018 10:00,-0.005879979999999785
02/28/2018 11:00,0.004549940000000197
02/28/2018 12:00,-0.00046000000000001595
02/28/2018 13:00,0.00035996999999998724
02/28/2018 14:00,-0.005149999999999988
02/28/2018 15:00,-0.00406989999999996
02/28/2018 16:00,0.0010100300000002171
02/28/2018 17:00,-0.012519960000000108
02/28/2018 18:00,0.0017600399999999627
02/28/2018 19:00,0.003970000000000029
02/28/2018 20:00,-0.005300019999999961
02/28/2018 21:00,6.002999999976666e-5
02/28/2018 22:00,-0.009039999999999937
02/28/2018 23:00,-0.004709999999999992
03/01/2018 00:00,-0.0032500040000000285
03/01/2018 01:00,-0.000209980000000054
03/01/2018 02:00,-0.0024399720000000125
03/01/2018 03:00,-0.002440031999999981
03/01/2018 04:00,-0.002340010000000059
03/01/2018 05:00,0.0009099999999999664
03/01/2018 06:00,0.007529980000000047
03/01/2018 07:00,-0.0015399999999999858
03/01/2018 08:00,0.0044000399999999384
03/01/2018 09:00,0.004860010000000026
03/01/2018 10:00,-0.0003200300000001377
03/01/2018 11:00,-0.008059979999999856
03/01/2018 12:00,-0.002689990000000031
03/01/2018 13:00,0.0037599999999999856
03/01/2018 14:00,-0.003040049999999961
03/01/2018 15:00,0.003859979999999874
03/01/2018 16:00,0.0007899999999999574
03/01/2018 17:00,-0.0034500200000000536
03/01/2018 18:00,-0.0068199700000000085
03/01/2018 19:00,0.002990000000000048
03/01/2018 20:00,0.0007500200000000179
03/01/2018 21:00,0.0039399999999999435
03/01/2018 22:00,0.0022699799999998937
03/01/2018 23:00,-0.009800049999999949
03/02/2018 00:00,-0.008440000000000003
03/02/2018 01:00,-0.0002299800000000185
03/02/2018 02:00,-0.0024600020000000167
03/02/2018 03:00,-0.0024400119999999914
03/02/2018 04:00,-0.003909999999999997
03/02/2018 05:00,-0.003910049999999998
03/02/2018 06:00,-0.007130013000000046
03/02/2018 07:00,0.009119989999999856
03/02/2018 08:00,-0.005580009999999969
03/02/2018 09:00,-0.004750009999999971
03/02/2018 10:00,-0.0048099799999998805
03/02/2018 11:00,0.0029799999999999827
03/02/2018 12:00,0.0008600000000000829
03/02/2018 13:00,-0.004090010000000088
03/02/2018 14:00,0.005330000000000057
03/02/2018 15:00,0.0015100399999998793
03/02/2018 16:00,-0.0038199899999998843
03/02/2018 17:00,-0.0022799999999999487
03/02/2018 18:00,-0.002320100000000158
03/02/2018 19:00,0.008720000000000061
03/02/2018 20:00,0.0015899200000000224
03/02/2018 21:00,-0.00258999999999987
03/02/2018 22:00,-0.0044299800000000555
03/02/2018 23:00,-0.0018700000000002603
03/03/2018 00:00,-0.0018700099999999775
03/03/2018 01:00,-0.004579989999999978
03/03/2018 02:00,-0.0010300000000000031
03/03/2018 03:00,-0.007899972000000033
03/03/2018 04:00,-0.0020299599999999973
03/03/2018 05:00,-0.0033599799999999846
03/03/2018 06:00,0.004489999999999883
03/03/2018 07:00,0.008619953999999819
03/03/2018 08:00,0.0032299960000000683
03/03/2018 09:00,-0.0035599499999999784
03/03/2018 10:00,0.0011200000000000099
03/03/2018 11:00,-0.007240009999999963
03/03/2018 12:00,-0.0014200000000000046
03/03/2018 13:00,-0.0006800019999999851
03/03/2018 14:00,0.001539980000000024
03/03/2018 15:00,0.0029300199999999776
03/03/2018 16:00,0.005639999999999978
03/03/2018 17:00,-0.0011800149999999787
03/03/2018 18:00,0.0033799999999999386
03/03/2018 19:00,0.0041000000000001036
03/03/2018 20:00,0.0015199800000000874
03/03/2018 21:00,0.00503000000000009
03/03/2018 22:00,-0.008989930000000257
03/03/2018 23:00,0.007310009999999978
03/04/2018 00:00,0.0048800339999999776
03/04/2018 01:00,-0.009669990000000017
03/04/2018 02:00,-0.0018799820000000023
03/04/2018 03:00,-0.0018900019999999462
03/04/2018 04:00,-0.0033599700000000454
03/04/2018 05:00,-0.003349930000000001
03/04/2018 06:00,0.006939949999999917
03/04/2018 07:00,-0.006279999999999841
03/04/2018 08:00,0.00038002000000014746
03/04/2018 09:00,-0.0035599999999997856
03/04/2018 10:00,0.0044000000000000705
03/04/2018 11:00,0.0024599900000000785
03/04/2018 12:00,0.0022100000000000453
03/04/2018 13:00,-0.002159989999999945
03/04/2018 14:00,0.0015300000000000036
03/04/2018 15:00,0.002999980000000013
03/04/2018 16:00,-0.003349999999999992
03/04/2018 17:00,-0.0026800000000000157
03/04/2018 18:00,0.005880069999999904
03/04/2018 19:00,0.009559980000000134
03/04/2018 20:00,0.004359979999999819
03/04/2018 21:00,0.006280000000000063
03/04/2018 22:00,0.0010099500000000372
03/04/2018 23:00,-0.009979999999999878
03/05/2018 00:00,-0.0028100199999999687
03/05/2018 01:00,-0.005230010000000007
03/05/2018 02:00,0.0008400099999999466
03/05/2018 03:00,-0.002439982000000007
03/05/2018 04:00,-0.0010100000000000109
03/05/2018 05:00,0.00032998299999997815
03/05/2018 06:00,-0.0010000000000000009
03/05/2018 07:00,0.0026800000000001267
03/05/2018 08:00,-0.005060019999999943
03/05/2018 09:00,-0.004940020000000045
03/05/2018 10:00,-0.0032999999999999696
03/05/2018 11:00,0.002960059999999931
03/05/2018 12:00,0.00038000000000004697
03/05/2018 13:00,0.0011299700000000357
03/05/2018 14:00,0.0027800300000001554
03/05/2018 15:00,0.0024300000000000155
03/05/2018 16:00,0.005650000000000044
03/05/2018 17:00,-0.003449960000000196
03/05/2018 18:00,-0.0009599799999999714
03/05/2018 19:00,0.008969999999999922
03/05/2018 20:00,0.0015899200000000224
03/05/2018 21:00,-0.0025999999999999357
03/05/2018 22:00,-0.004659980000000008
03/05/2018 23:00,0.0004900200000000909
03/06/2018 00:00,0.0015699700000000316
03/06/2018 01:00,-0.00023999000000002324
03/06/2018 02:00,-0.0024500020000000067
03/06/2018 03:00,0.00039998799999996226
03/06/2018 04:00,-0.0038900000000000046
03/06/2018 05:00,0.00609000000000004
03/06/2018 06:00,-0.0009999900000000617
03/06/2018 07:00,0.0026800000000000157
03/06/2018 08:00,0.000930015999999867
03/06/2018 09:00,-8.999999999992347e-5
03/06/2018 10:00,0.00043999999999999595
03/06/2018 11:00,0.0031000400000000816
03/06/2018 12:00,-0.006870020000000032
03/06/2018 13:00,-0.003830039999999979
03/06/2018 14:00,0.007510020000000006
03/06/2018 15:00,-0.008479979999999943
03/06/2018 16:00,0.000809980000000099
03/06/2018 17:00,0.0026299699999999815
03/06/2018 18:00,-0.0009600400000000509
03/06/2018 19:00,-0.0010299799999997639
03/06/2018 20:00,-0.006379899999999994
03/06/2018 21:00,2.220446049250313e-16
03/06/2018 22:00,-0.0008500000000000174
03/06/2018 23:00,-0.00035000000000001696
03/07/2018 00:00,0.00489999999999996
03/07/2018 01:00,-0.00022999000000001324
03/07/2018 02:00,-0.0024499819999999894
03/07/2018 03:00,-0.002450001999999979
03/07/2018 04:00,-0.003909989999999974
03/07/2018 05:00,0.00609997000000001
03/07/2018 06:00,0.0028799570000000163
03/07/2018 07:00,-0.0004700199999998489
03/07/2018 08:00,-6.999999999979245e-5
03/07/2018 09:00,-0.0015599399999999264
03/07/2018 10:00,-0.004019980000000034
03/07/2018 11:00,0.0029699800000000387
03/07/2018 12:00,-0.0030999999999998806
03/07/2018 13:00,-0.0002800099999999972
03/07/2018 14:00,0.009040009999999987
03/07/2018 15:00,-0.001610009999999995
03/07/2018 16:00,-0.004569990000000024
03/07/2018 17:00,0.00813003999999995
03/07/2018 18:00,0.004930100000000159
03/07/2018 19:00,-0.0010599999999998388
03/07/2018 20:00,-0.0002800199999997144
03/07/2018 21:00,0.0039399999999999435
03/07/2018 22:00,0.0014499700000000226
03/07/2018 23:00,-0.0018900000000000028
03/08/2018 00:00,-0.0050899900000000164
03/08/2018 01:00,0.0019500000000000073
03/08/2018 02:00,0.0020000199999999912
03/08/2018 03:00,0.0031599780000000077
03/08/2018 04:00,0.00034001999999999644
03/08/2018 05:00,-0.003909989999999974
03/08/2018 06:00,-0.0009899899999999962
03/08/2018 07:00,0.002980010000000033
03/08/2018 08:00,0.0020899600000000573
03/08/2018 09:00,0.0031499780000000532
03/08/2018 10:00,-0.0011300000000000754
03/08/2018 11:00,0.002970040000000007
03/08/2018 12:00,-0.0025400000000000977
03/08/2018 13:00,-0.007340079999999971
03/08/2018 14:00,-0.004679979999999917
03/08/2018 15:00,0.0015399999999999858
03/08/2018 16:00,0.0008000500000000521
03/08/2018 17:00,1.0000000000065512e-5
03/08/2018 18:00,0.003529999999999811
03/08/2018 19:00,-0.0051000000000001044
03/08/2018 20:00,-0.007900100000000077
03/08/2018 21:00,0.010000000000000231
03/08/2018 22:00,-0.0007199900000001147
03/08/2018 23:00,0.0013600300000000676
03/09/2018 00:00,-0.005100000000000021
03/09/2018 01:00,-0.00023998999999996773
03/09/2018 02:00,-0.0024500119999999737
03/09/2018 03:00,-0.009959981999999978
03/09/2018 04:00,0.00031999000000004774
03/09/2018 05:00,-0.0038999599999999246
03/09/2018 06:00,-0.0009800299999999096
03/09/2018 07:00,-0.007340029999999942
03/09/2018 08:00,0.01090002599999984
03/09/2018 09:00,-0.0029400299999999824
03/09/2018 10:00,-0.006700000000000039
03/09/2018 11:00,0.0012400999999999662
03/09/2018 12:00,0.0026799900000000765
03/09/2018 13:00,0.0025600200000000517
03/09/2018 14:00,-0.00018995999999993352
03/09/2018 15:00,0.0014200300000000166
03/09/2018 16:00,-0.007470049999999895
03/09/2018 17:00,0.00880005000000006
03/09/2018 18:00,0.006050019999999767
03/09/2018 19:00,0.0013000000000000789
03/09/2018 20:00,-0.00012000000000012001
03/09/2018 21:00,0.0027199999999998337
03/09/2018 22:00,-0.004670010000000113
03/09/2018 23:00,0.004160009999999881
03/10/2018 00:00,0.0016899999999999693
03/10/2018 01:00,0.0003499800000000275
03/10/2018 02:00,-0.001880031999999976
03/10/2018 03:00,-0.011880002
03/10/2018 04:00,-0.0033400000000000096
03/10/2018 05:00,-0.003339999999999954
03/10/2018 06:00,0.009560000000000013
03/10/2018 07:00,-0.006410000000000027
03/10/2018 08:00,0.002099969999999729
03/10/2018 09:00,-0.0043999999999999595
03/10/2018 10:00,0.0011099799999998439
03/10/2018 11:00,-0.007310000000000039
03/10/2018 12:00,-0.0031899999999999706
03/10/2018 13:00,-0.0006800119999999799
03/10/2018 14:00,0.0015300000000000036
03/10/2018 15:00,0.005269960000000018
03/10/2018 16:00,0.004510002000000013
03/10/2018 17:00,0.0061000500000000235
03/10/2018 18:00,0.00587001999999992
03/10/2018 19:00,0.0007100199999998669
03/10/2018 20:00,0.002260059999999786
03/10/2018 21:00,-0.0036599600000000176
03/10/2018 22:00,9.990000000015264e-6
03/10/2018 23:00,0.006289960000000039
03/11/2018 00:00,0.00544001999999999
03/11/2018 01:00,-0.0018800119999999865
03/11/2018 03:00,-0.0018800119999999865
03/11/2018 04:00,-0.0033600000000000296
03/11/2018 05:00,-0.0033399700000000254
03/11/2018 06:00,-0.006790043000000079
03/11/2018 07:00,-0.0016499749999999702
03/11/2018 08:00,-0.00602995999999989
03/11/2018 09:00,-0.00015998999999988772
03/11/2018 10:00,0.00035005999999992987
03/11/2018 11:00,-0.00814999999999999
03/11/2018 12:00,-0.0009399699999999012
03/11/2018 13:00,0.0023299899999999485
03/11/2018 14:00,0.003539989999999993
03/11/2018 15:00,0.0030000099999999974
03/11/2018 16:00,0.00693000499999985
03/11/2018 17:00,-0.0011799550000000103
03/11/2018 18:00,0.005879999999999996
03/11/2018 19:00,0.007739879999999921
03/11/2018 20:00,-0.005640019999999968
03/11/2018 21:00,-0.0037500600000002215
03/11/2018 22:00,-0.005090000000000039
03/11/2018 23:00,0.0011299999999999644
03/12/2018 00:00,-0.004659990000000003
03/12/2018 01:00,-0.0002299800000000185
03/12/2018 02:00,0.007549988000000035
03/12/2018 03:00,-0.0024399819999999794
03/12/2018 04:00,-0.003889999999999977
03/12/2018 05:00,0.004729879999999964
03/12/2018 06:00,0.0034599600000000397
03/12/2018 07:00,-0.007319999999999993
03/12/2018 08:00,0.0026399900000000365
03/12/2018 09:00,-0.0022800299999998774
03/12/2018 10:00,0.006709999999999994
03/12/2018 11:00,0.0029499799999999077
03/12/2018 12:00,0.0074599699999999824
03/12/2018 13:00,-0.007359959999999943
03/12/2018 14:00,0.005570000000000075
03/12/2018 15:00,0.00012999999999996348
03/12/2018 16:00,0.0050499800000001205
03/12/2018 17:00,-0.0012201000000000572
03/12/2018 18:00,0.0038400299999999943
03/12/2018 19:00,-0.00701006000000004
03/12/2018 20:00,0.002990000000000048
03/12/2018 21:00,0.00443996999999996
03/12/2018 22:00,0.0014599899999999666
03/12/2018 23:00,-0.008260024000000088
03/13/2018 00:00,-0.007359989999999983
03/13/2018 01:00,-0.00024002000000000745
03/13/2018 02:00,-0.002450001999999979
03/13/2018 03:00,-0.0024500119999999737
03/13/2018 04:00,-0.0038799999999999946
03/13/2018 05:00,-0.0039101
03/13/2018 06:00,-0.0010200299999999496
03/13/2018 07:00,-0.007050000000000001
03/13/2018 08:00,-0.007659969999999738
03/13/2018 09:00,0.009200000000000097
03/13/2018 10:00,0.00683990000000001
03/13/2018 11:00,0.004350030000000005
03/13/2018 12:00,0.007459940000000054
03/13/2018 13:00,0.0026499700000000015
03/13/2018 14:00,-0.0046699399999999835
03/13/2018 15:00,0.0015100399999999903
03/13/2018 16:00,-0.009200060000000065
03/13/2018 17:00,0.0065499499999999156
03/13/2018 18:00,-0.0009599799999999714
03/13/2018 19:00,-0.0010499999999999954
03/13/2018 20:00,0.004519979999999979
03/13/2018 21:00,-0.0037000000000000366
03/13/2018 22:00,-0.004659980000000008
03/13/2018 23:00,-0.005840019999999946
03/14/2018 00:00,-0.006389996000000009
03/14/2018 01:00,-0.00023998999999996773
03/14/2018 02:00,-0.002460001999999989
03/14/2018 03:00,-0.0024500119999999737
03/14/2018 04:00,-0.003909999999999997
03/14/2018 05:00,0.006099920000000009
03/14/2018 06:00,-0.0010199499999999917
03/14/2018 07:00,-0.004120130000000222
03/14/2018 08:00,-0.0005900299999999081
03/14/2018 09:00,0.003780019999999995
03/14/2018 10:00,0.008199979999999996
03/14/2018 11:00,-0.005740000000000078
03/14/2018 12:00,0.002679990000000021
03/14/2018 13:00,0.00043997499999992584
03/14/2018 14:00,-0.0023000000000000798
03/14/2018 15:00,-0.008460000000000023
03/14/2018 16:00,0.0008000299999999516
03/14/2018 17:00,-0.0034501000000000115
03/14/2018 18:00,-0.0009700499999998335
03/14/2018 19:00,-0.0010299999999999754
03/14/2018 20:00,0.0015800200000000153
03/14/2018 21:00,-0.0031900199999999046
03/14/2018 22:00,0.006810009999999922
03/14/2018 23:00,-0.0067100300000000335
03/15/2018 00:00,-0.005110000000000003
03/15/2018 01:00,-0.00024998999999997773
03/15/2018 02:00,-0.0024400019999999967
03/15/2018 03:00,-0.0024400019999999967
03/15/2018 04:00,-0.003919989999999984
03/15/2018 05:00,-0.003909999999999969
03/15/2018 06:00,-0.0009999999999998899
03/15/2018 07:00,0.002680020000000116
03/15/2018 08:00,-0.0013600000000000279
03/15/2018 09:00,-0.00026999999999999247
03/15/2018 10:00,0.0016399999999998638
03/15/2018 11:00,-0.007409999999999917
03/15/2018 12:00,-0.000349980000000083
03/15/2018 13:00,0.002649989999999991
03/15/2018 14:00,-0.0046800000000000175
03/15/2018 15:00,0.003019989999999917
03/15/2018 16:00,0.0028799999999999937
03/15/2018 17:00,-0.0034500200000000536
03/15/2018 18:00,-0.0009700200000000159
03/15/2018 19:00,0.0013099999999999223
03/15/2018 20:00,-0.00043002000000003093
03/15/2018 21:00,-0.002610000000000001
03/15/2018 22:00,-0.004670009999999891
03/15/2018 23:00,0.004070019999999952
03/16/2018 00:00,-0.005100000000000049
03/16/2018 01:00,-0.0013600000000000279
03/16/2018 02:00,-0.002450001999999951
03/16/2018 03:00,-0.002459982000000027
03/16/2018 04:00,-0.003909999999999969
03/16/2018 05:00,-0.003909939999999973
03/16/2018 06:00,-0.0010000000000000009
03/16/2018 07:00,0.002940050000000083
03/16/2018 08:00,-0.009919900000000093
03/16/2018 09:00,-0.004330029999999985
03/16/2018 10:00,0.005079999999999973
03/16/2018 11:00,-0.0015799999999999148
03/16/2018 12:00,0.0017499199999999604
03/16/2018 13:00,0.0026500600000000096
03/16/2018 14:00,0.005319999999999991
03/16/2018 15:00,0.0015199999999999658
03/16/2018 16:00,0.0008000000000001339
03/16/2018 17:00,-0.003449960000000085
03/16/2018 18:00,-0.0009799799999999914
03/16/2018 19:00,0.008960000000000079
03/16/2018 20:00,-0.0009399499999998007
03/16/2018 21:00,-0.0054099399999998354
03/16/2018 22:00,-0.011200010000000038
03/16/2018 23:00,-0.002060100000000009
03/17/2018 00:00,0.0036800000000001276
03/17/2018 01:00,0.003569999999999962
03/17/2018 02:00,0.003110069999999965
03/17/2018 03:00,-7.998199999992295e-5
03/17/2018 04:00,-0.0033299999999999996
03/17/2018 05:00,0.006659979999999954
03/17/2018 06:00,-0.005499989999999899
03/17/2018 07:00,-0.001379995999999939
03/17/2018 08:00,0.0010699900000000762
03/17/2018 09:00,0.0037000080000000324
03/17/2018 10:00,0.009309998000000097
03/17/2018 11:00,0.003600009999999987
03/17/2018 12:00,0.01096999000000004
03/17/2018 13:00,-0.008259994999999964
03/17/2018 14:00,-0.005029999999999979
03/17/2018 15:00,-0.00046005000000004515
03/17/2018 16:00,0.0048899800000000715
03/17/2018 17:00,-0.005679949999999989
03/17/2018 18:00,-0.0009400000000000519
03/17/2018 19:00,0.007080030000000015
03/17/2018 20:00,0.00416001999999982
03/17/2018 21:00,-7.000000000023654e-5
03/17/2018 22:00,1.0089999999962629e-5
03/17/2018 23:00,0.0011199800000000204
03/18/2018 00:00,-0.004559980000000019
03/18/2018 01:00,-0.009660000000000002
03/18/2018 02:00,-0.0018900020000000572
03/18/2018 03:00,-0.0018800119999999865
03/18/2018 04:00,-0.0033400000000000096
03/18/2018 05:00,-0.0033499600000000407
03/18/2018 06:00,0.0032199969999999745
03/18/2018 07:00,-0.0011299699999998136
03/18/2018 08:00,0.01194001999999994
03/18/2018 09:00,-0.00017998999999990772
03/18/2018 10:00,0.00033994999999986675
03/18/2018 11:00,0.0015500000000000513
03/18/2018 12:00,-0.001410019999999984
03/18/2018 13:00,-0.0006800019999999851
03/18/2018 14:00,0.001519980000000004
03/18/2018 15:00,0.0029800000000000104
03/18/2018 16:00,-0.0033500199999999813
03/18/2018 17:00,0.0032300000000000106
03/18/2018 18:00,-0.002880020000000094
03/18/2018 19:00,0.0031400000000000317
03/18/2018 20:00,0.0022399500000001016
03/18/2018 21:00,-0.0036699799999999616
03/18/2018 22:00,9.989999999904242e-6
03/18/2018 23:00,0.0035299979999999787
03/19/2018 00:00,-0.0046500200000000325
03/19/2018 01:00,-0.00023998999999996773
03/19/2018 02:00,-0.002440002000000052
03/19/2018 03:00,-0.0024600020000000167
03/19/2018 04:00,-0.002340010000000059
03/19/2018 05:00,0.008970040000000012
03/19/2018 06:00,0.007530000000000037
03/19/2018 07:00,-0.011439960000000138
03/19/2018 08:00,-0.0023400399999997656
03/19/2018 09:00,-0.0029299799999997767
03/19/2018 10:00,0.006689950000000167
03/19/2018 11:00,-0.007040000000000157
03/19/2018 12:00,-0.0016400200000000753
03/19/2018 13:00,0.005099999999999993
03/19/2018 14:00,0.005340020000000001
03/19/2018 15:00,0.0015200000000000768
03/19/2018 16:00,0.006170009999999948
03/19/2018 17:00,0.006840029999999997
03/19/2018 18:00,0.006099980000000116
03/19/2018 19:00,-0.011029949999999955
03/19/2018 20:00,0.003259970000000001
03/19/2018 21:00,-0.006480099999999878
03/19/2018 22:00,-0.010730050000000046
03/19/2018 23:00,0.0013500100000001236
03/20/2018 00:00,0.004890009999999945
03/20/2018 01:00,-0.00022000000000005349
03/20/2018 02:00,-0.0024500120000000014
03/20/2018 03:00,-0.002440002000000052
03/20/2018 04:00,-0.0023299999999999987
03/20/2018 05:00,0.0038400299999998833
03/20/2018 06:00,-0.006569999999999965
03/20/2018 07:00,-0.0013499700000000336
03/20/2018 08:00,-0.0013400000000000079
03/20/2018 09:00,0.008520019999999962
03/20/2018 10:00,0.006709979999999893
03/20/2018 11:00,-0.0070399700000000065
03/20/2018 12:00,0.007469979999999987
03/20/2018 13:00,0.00265002999999997
03/20/2018 14:00,-0.004669969999999912
03/20/2018 15:00,0.0030200300000000624
03/20/2018 16:00,-0.0011699700000000757
03/20/2018 17:00,-0.0011499999999999844
03/20/2018 18:00,0.0048900200000000504
03/20/2018 19:00,0.0029599999999999627
03/20/2018 20:00,0.0007700700000000671
03/20/2018 21:00,0.0004900400000000804
03/20/2018 22:00,-0.0056198999999999
03/20/2018 23:00,0.004800030000000066
03/21/2018 00:00,-0.006079986000000037
03/21/2018 01:00,-0.000239979999999973
03/21/2018 02:00,-0.0024500119999999737
03/21/2018 03:00,5.999800000000555e-5
03/21/2018 04:00,-0.002319989999999994
03/21/2018 05:00,-0.0038900199999999385
03/21/2018 06:00,0.009000000000000119
03/21/2018 07:00,-0.007319999999999993
03/21/2018 08:00,0.002640020000000076
03/21/2018 09:00,0.005649999999999933
03/21/2018 10:00,-0.007100050000000024
03/21/2018 11:00,-0.007390029999999936
03/21/2018 12:00,0.0029200000000002557
03/21/2018 13:00,-0.0009800349999999902
03/21/2018 14:00,-0.008110000000000062
03/21/2018 15:00,0.0015400200000000863
03/21/2018 16:00,0.0008000299999999516
03/21/2018 17:00,-0.0034399999999998876
03/21/2018 18:00,0.004210150000000024
03/21/2018 19:00,-0.001029979999999986
03/21/2018 20:00,0.0015899200000000224
03/21/2018 21:00,0.0015600000000000058
03/21/2018 22:00,-0.0029500000000000637
03/21/2018 23:00,0.0014799999999999813
03/22/2018 00:00,-0.0073599699999999935
03/22/2018 01:00,-0.00019999999999997797
03/22/2018 02:00,-0.002439982000000007
03/22/2018 03:00,-0.0024600119999999837
03/22/2018 04:00,-0.003889999999999977
03/22/2018 05:00,0.006089940000000071
03/22/2018 06:00,-0.0009799699999999412
03/22/2018 07:00,-0.007220000000000004
03/22/2018 08:00,-0.005570010000000014
03/22/2018 09:00,0.0012000000000000066
03/22/2018 10:00,-0.0012500119999999948
03/22/2018 11:00,0.0042600400000000205
03/22/2018 12:00,0.005800000000000027
03/22/2018 13:00,-0.0012600120000000048
03/22/2018 14:00,0.0009600000000000164
03/22/2018 15:00,-0.0027300279999999955
03/22/2018 16:00,0.00553996999999995
03/22/2018 17:00,-0.005389995000000036
03/22/2018 18:00,-0.008379999999999943
03/22/2018 19:00,0.006970009999999971
03/22/2018 20:00,-0.009229929999999942
03/22/2018 21:00,0.003959960000000096
03/22/2018 22:00,-0.0031699300000003205
03/22/2018 23:00,0.0024699800000000938
03/23/2018 00:00,-0.0023900000000000032
03/23/2018 01:00,-0.00022002000000004296
03/23/2018 02:00,-0.002439982000000007
03/23/2018 03:00,-0.0024600120000000114
03/23/2018 04:00,-0.0039000000000000146
03/23/2018 05:00,0.006089979999999939
03/23/2018 06:00,-0.00023002000000005296
03/23/2018 07:00,0.002670000000000061
03/23/2018 08:00,0.0004899999999999904
03/23/2018 09:00,-0.0011599800000001714
03/23/2018 10:00,0.004450040000000044
03/23/2018 11:00,-0.005590049999999902
03/23/2018 12:00,0.0019500000000000073
03/23/2018 13:00,-0.00607000000000002
03/23/2018 14:00,-0.0076099499999999765
03/23/2018 15:00,0.001530030000000071
03/23/2018 16:00,0.0008100399999999564
03/23/2018 17:00,-0.0034399999999999986
03/23/2018 18:00,-0.0009700200000000159
03/23/2018 19:00,0.008959979999999979
03/23/2018 20:00,-0.008379979999999954
03/23/2018 21:00,0.0015599499999998656
03/23/2018 22:00,-0.0031800299999998893
03/23/2018 23:00,0.0024600000000000177
03/24/2018 00:00,0.0037500240000000185
03/24/2018 01:00,-0.009680000000000077
03/24/2018 02:00,-0.001880012000000042
03/24/2018 03:00,-0.0018900220000000467
03/24/2018 04:00,-0.0033500000000000196
03/24/2018 05:00,-0.0033399700000000254
03/24/2018 06:00,-0.00042999999999998595
03/24/2018 07:00,-0.006939939999999978
03/24/2018 08:00,0.006059970000000137
03/24/2018 09:00,-0.0001699500000000853
03/24/2018 10:00,0.0003600399999998949
03/24/2018 11:00,0.004829996000000225
03/24/2018 12:00,-0.00023997000000003377
03/24/2018 13:00,-0.0006800019999999851
03/24/2018 14:00,0.0015300000000000036
03/24/2018 15:00,0.0030000000000000027
03/24/2018 16:00,0.006660010000000022
03/24/2018 17:00,-0.0014100140000000705
03/24/2018 18:00,-0.003110070000000076
03/24/2018 19:00,-0.00562000000000018
03/24/2018 20:00,-0.005640019999999968
03/24/2018 21:00,-0.00367008000000002
03/24/2018 22:00,-0.009980070000000008
03/24/2018 23:00,-0.0017799799999999033
03/25/2018 00:00,-0.0051199960000000155
03/25/2018 01:00,0.00031999999999993145
03/25/2018 02:00,-0.0019100220000000112
03/25/2018 03:00,-0.0018900020000000017
03/25/2018 04:00,0.006660039999999978
03/25/2018 05:00,-0.0033399999999998986
03/25/2018 06:00,-0.0020500000000001073
03/25/2018 07:00,-0.006270020000000098
03/25/2018 08:00,-0.010309899999999761
03/25/2018 09:00,-0.003290030000000055
03/25/2018 10:00,0.0011099500000000262
03/25/2018 11:00,0.00024001999999995194
03/25/2018 12:00,0.002650010000000036
03/25/2018 13:00,-0.0016999999999999793
03/25/2018 14:00,0.0015499900000000288
03/25/2018 15:00,0.0029800000000000104
03/25/2018 16:00,0.006670010000000032
03/25/2018 17:00,0.0019799999999999818
03/25/2018 18:00,-0.00183003000000026
03/25/2018 19:00,-0.0006999799999998224
03/25/2018 20:00,-0.008999999999999897
03/25/2018 21:00,0.0025900000000000922
03/25/2018 22:00,-0.003300019999999959
03/25/2018 23:00,-0.005020019999999903
03/26/2018 00:00,-0.005249995999999979
03/26/2018 01:00,-0.00023998999999996773
03/26/2018 02:00,-0.0024400019999999967
03/26/2018 03:00,-0.002449982000000017
03/26/2018 04:00,0.006119999999999959
03/26/2018 05:00,-0.0038999099999998954
03/26/2018 06:00,-0.0009999899999999506
03/26/2018 07:00,-0.007039980000000057
03/26/2018 08:00,0.0044099799999999245
03/26/2018 09:00,0.003909989999999919
03/26/2018 10:00,-0.0036000399999998045
03/26/2018 11:00,-0.006890040000000042
03/26/2018 12:00,0.002149979999999996
03/26/2018 13:00,0.0026399900000000365
03/26/2018 14:00,0.005320019999999981
03/26/2018 15:00,0.00153002999999996
03/26/2018 16:00,0.005470039999999954
03/26/2018 17:00,0.006690050000000003
03/26/2018 18:00,0.005100050000000023
03/26/2018 19:00,0.0028200000000000447
03/26/2018 20:00,0.0015800200000000153
03/26/2018 21:00,-0.0025999999999999357
03/26/2018 22:00,-0.004670010000000113
03/26/2018 23:00,0.007349999999999968
03/27/2018 00:00,-0.0007400149999998717
03/27/2018 01:00,-0.008690008000000027
03/27/2018 02:00,-0.002440002000000052
03/27/2018 03:00,-0.002440002000000052
03/27/2018 04:00,-0.003900020000000004
03/27/2018 05:00,-0.00389999000000002
03/27/2018 06:00,0.004609969999999963
03/27/2018 07:00,0.009109999999999951
03/27/2018 08:00,0.008939969999999908
03/27/2018 09:00,-0.0049599600000003186
03/27/2018 10:00,0.00670000000000015
03/27/2018 11:00,0.0008999799999999114
03/27/2018 12:00,0.0026700399999999846
03/27/2018 13:00,0.0004500249999999095
03/27/2018 14:00,-0.000200000000000089
03/27/2018 15:00,0.001529899999999973
03/27/2018 16:00,0.01079999999999992
03/27/2018 17:00,0.0009199500000000027
03/27/2018 18:00,0.001980029999999966
03/27/2018 19:00,0.007320007000000017
03/27/2018 20:00,0.000279959999999968
03/27/2018 21:00,-0.00019000600000007584
03/27/2018 22:00,-0.0031700499999999243
03/27/2018 23:00,-0.00012999999999996348
03/28/2018 00:00,-0.005099970000000009
03/28/2018 01:00,-0.00024002000000006296
03/28/2018 02:00,-0.0024500220000000517
03/28/2018 03:00,-0.0024600020000000167
03/28/2018 04:00,-0.003910000000000025
03/28/2018 05:00,-0.0052699100000001
03/28/2018 06:00,-0.0024600000000000177
03/28/2018 07:00,-0.0010799759999999825
03/28/2018 08:00,0.007330000000000059
03/28/2018 09:00,0.006000020000000106
03/28/2018 10:00,9.999999999998899e-5
03/28/2018 11:00,0.0012900999999999607
03/28/2018 12:00,0.005839989999999906
03/28/2018 13:00,0.0004899000000000431
03/28/2018 14:00,0.0030199400000001653
03/28/2018 15:00,0.0014000000000000679
03/28/2018 16:00,-0.0018499999999999073
03/28/2018 17:00,-0.00470999999999977
03/28/2018 18:00,0.009029999999999871
03/28/2018 19:00,-0.0010399999999997078
03/28/2018 20:00,0.0015800200000000153
03/28/2018 21:00,-0.0026098999999997208
03/28/2018 22:00,0.0005399999999999849
03/28/2018 23:00,-0.007529959999999947
03/29/2018 00:00,-0.008430000000000049
03/29/2018 01:00,-0.000219980000000064
03/29/2018 02:00,-0.002469992000000032
03/29/2018 03:00,-0.0024700020000000267
03/29/2018 04:00,-0.003910000000000025
03/29/2018 05:00,-0.003890059999999973
03/29/2018 06:00,0.009000030000000048
03/29/2018 07:00,0.00337998000000006
03/29/2018 08:00,0.001849989999999968
03/29/2018 09:00,0.004859989999999925
03/29/2018 10:00,-0.0041999999999999815
03/29/2018 11:00,-0.0003399999999997849
03/29/2018 12:00,0.0006900499999999976
03/29/2018 13:00,-0.0020099899999999615
03/29/2018 14:00,-0.005730039999999992
03/29/2018 15:00,0.0030300199999999666
03/29/2018 16:00,0.008470000000000089
03/29/2018 17:00,-0.0022899999999999032
03/29/2018 18:00,-0.0009599799999999714
03/29/2018 19:00,0.006829960000000024
03/29/2018 20:00,0.0007600300000000226
03/29/2018 21:00,-0.00302986999999999
03/29/2018 22:00,-0.004690079999999819
03/29/2018 23:00,-0.00264999999999993
03/30/2018 00:00,-0.008429979999999948
03/30/2018 01:00,-0.00023000000000000798
03/30/2018 02:00,-0.002439971999999957
03/30/2018 03:00,-0.0024600020000000167
03/30/2018 04:00,-0.003920020000000024
03/30/2018 05:00,0.006100099999999997
03/30/2018 06:00,0.009000000000000008
03/30/2018 07:00,0.005880019999999986
03/30/2018 08:00,0.009040000000000159
03/30/2018 09:00,-0.0028699800000000497
03/30/2018 10:00,0.006699999999999928
03/30/2018 11:00,-0.007039939999999856
03/30/2018 12:00,0.007460000000000022
03/30/2018 13:00,0.00264998999999988
03/30/2018 14:00,-0.0009700100000000211
03/30/2018 15:00,0.00386995999999995
03/30/2018 16:00,-0.003999990000000064
03/30/2018 17:00,9.999999999998899e-5
03/30/2018 18:00,-0.0009599999999999609
03/30/2018 19:00,-0.0010399999999999299
03/30/2018 20:00,0.0015999299999998051
03/30/2018 21:00,0.007400029999999669
03/30/2018 22:00,-0.004670010000000113
03/30/2018 23:00,0.010250000000000092
03/31/2018 00:00,-0.008039954000000016
03/31/2018 01:00,-0.004589999999999983
03/31/2018 02:00,0.003110019999999991
03/31/2018 03:00,0.004030028000000019
03/31/2018 04:00,0.0008999999999999009
03/31/2018 05:00,-0.003340019999999999
03/31/2018 06:00,-0.00042002000000007644
03/31/2018 07:00,-0.006750010000000084
03/31/2018 08:00,-0.0029800050000001743
03/31/2018 09:00,-0.0035599000000001713
03/31/2018 10:00,0.0004699099999998513
03/31/2018 11:00,-0.0036500100000000923
03/31/2018 12:00,0.002630019999999955
03/31/2018 13:00,-0.00868002999999995
03/31/2018 14:00,0.0045100200000000035
03/31/2018 15:00,-0.00538004999999997
03/31/2018 16:00,0.005639979999999933
03/31/2018 17:00,0.0027600399999999636
03/31/2018 18:00,-0.0009300200000000869
03/31/2018 19:00,0.0040999999999999925
03/31/2018 20:00,0.0023999999999999577
03/31/2018 21:00,-0.0013400299999997145
03/31/2018 22:00,-0.004279990000000122
03/31/2018 23:00,0.00022004000000008794
04/01/2018 00:00,0.0018700050000000634
04/01/2018 01:00,-0.0005399870000000195
04/01/2018 02:00,0.005710009999999932
04/01/2018 03:00,-0.004280020000000051
04/01/2018 04:00,0.0057800500000000365
04/01/2018 05:00,0.00818998999999998
04/01/2018 06:00,0.0020900199999998037
04/01/2018 07:00,0.0036200399999999355
04/01/2018 08:00,-8.000000000008001e-5
04/01/2018 09:00,0.00541999999999998
04/01/2018 10:00,-0.0017699460000000222
04/01/2018 11:00,-0.004869950000000123
04/01/2018 12:00,-5.002999999992319e-5
04/01/2018 13:00,-0.005949980000000021
04/01/2018 14:00,0.007520005000000052
04/01/2018 15:00,0.009359950000000006
04/01/2018 16:00,0.0021999999999998687
04/01/2018 17:00,0.0017399599999999849
04/01/2018 18:00,-0.008579999999999921
04/01/2018 19:00,0.0009100199999999559
04/01/2018 20:00,0.0014499799999998508
04/01/2018 21:00,-0.0014599400000001594
04/01/2018 22:00,-0.00558000000000014
04/01/2018 23:00,0.0021400200000000202
04/02/2018 00:00,-0.0013999859999999087
04/02/2018 01:00,-0.0012899820000000228
04/02/2018 02:00,-0.004860010000000026
04/02/2018 03:00,-0.00484002
04/02/2018 04:00,-0.004730010000000007
04/02/2018 05:00,-0.002040009999999981
04/02/2018 06:00,-0.004700020000000027
04/02/2018 07:00,0.004359979999999819
04/02/2018 08:00,-0.0011100399999999233
04/02/2018 09:00,0.003330000000000055
04/02/2018 10:00,-0.005259999999999931
04/02/2018 11:00,0.003940030000000094
04/02/2018 12:00,0.0019999999999998908
04/02/2018 13:00,0.006820040000000027
04/02/2018 14:00,0.006999959999999972
04/02/2018 15:00,0.0024399800000000083
04/02/2018 16:00,0.004470050000000003
04/02/2018 17:00,-0.00645999999999991
04/02/2018 18:00,0.0011899600000000454
04/02/2018 19:00,0.0009100099999999056
04/02/2018 20:00,-0.009930039999999973
04/02/2018 21:00,0.0025399400000001293
04/02/2018 22:00,-0.0003999500000000378
04/02/2018 23:00,-0.0011600349999999482
04/03/2018 00:00,-0.00814999999999999
04/03/2018 01:00,9.996999999994927e-5
04/03/2018 02:00,0.00431999700000002
04/03/2018 03:00,-0.0048500200000000104
04/03/2018 04:00,0.003820009999999985
04/03/2018 05:00,-0.006189999999999918
04/03/2018 06:00,-0.003510000000000013
04/03/2018 07:00,-0.0009999969999999747
04/03/2018 08:00,-0.0012399999999999078
04/03/2018 09:00,0.002400010000000119
04/03/2018 10:00,0.00041000000000002146
04/03/2018 11:00,0.007769999999999833
04/03/2018 12:00,0.002700019999999914
04/03/2018 13:00,-0.0024299999999999877
04/03/2018 14:00,-0.008849999999999913
04/03/2018 15:00,0.005519970000000041
04/03/2018 16:00,0.0015699600000000924
04/03/2018 17:00,-0.009539940000000025
04/03/2018 18:00,-0.0004899799999997789
04/03/2018 19:00,-0.009060069999999865
04/03/2018 20:00,5.005000000002369e-5
04/03/2018 21:00,-0.0031800300000000004
04/03/2018 22:00,-0.0033099800000000457
04/03/2018 23:00,-0.0021400200000000202
04/04/2018 00:00,-0.008160009999999995
04/04/2018 01:00,0.00716
04/04/2018 02:00,-0.004840049999999985
04/04/2018 03:00,-0.004850000000000021
04/04/2018 04:00,0.0038000100000000203
04/04/2018 05:00,-0.006199970000000055
04/04/2018 06:00,-0.0034800199999999726
04/04/2018 07:00,-0.0009999870000001465
04/04/2018 08:00,-0.0015700000000000713
04/04/2018 09:00,-0.0048999599999999255
04/04/2018 10:00,0.004419989999999929
04/04/2018 11:00,-0.0022199999999999998
04/04/2018 12:00,0.002990000000000048
04/04/2018 13:00,-0.0007600019999999819
04/04/2018 14:00,0.003139930000000013
04/04/2018 15:00,-0.006730020000000003
04/04/2018 16:00,-0.006170019999999998
04/04/2018 17:00,-0.003280019999999939
04/04/2018 18:00,-0.005589999999999984
04/04/2018 19:00,0.0007000000000000339
04/04/2018 20:00,5.996999999990926e-5
04/04/2018 21:00,0.002529999999999921
04/04/2018 22:00,-0.00038999999999989043
04/04/2018 23:00,0.0010900200000000249
04/05/2018 00:00,-0.00935997700000002
04/05/2018 01:00,-0.0028499700000000072
04/05/2018 02:00,-0.004839999999999983
04/05/2018 03:00,-0.004839999999999983
04/05/2018 04:00,-0.0061999899999999886
04/05/2018 05:00,-0.006190059999999997
04/05/2018 06:00,-0.0046999599999999475
04/05/2018 07:00,0.00010998000000017605
04/05/2018 08:00,0.0054600499999997165
04/05/2018 09:00,-0.002789999999999848
04/05/2018 10:00,-0.0008700200000000269
04/05/2018 11:00,0.005249999999999977
04/05/2018 12:00,0.0009000000000000119
04/05/2018 13:00,0.0004899700000000617
04/05/2018 14:00,-0.0017899599999999793
04/05/2018 15:00,0.005530039999999903
04/05/2018 16:00,-0.0019500000000000073
04/05/2018 17:00,-0.0017300799999998562
04/05/2018 18:00,0.0044200000000000905
04/05/2018 19:00,-0.004289960000000037
04/05/2018 20:00,-0.0021300000000000763
04/05/2018 21:00,0.0007299600000001405
04/05/2018 22:00,-0.00041000000000002146
04/05/2018 23:00,0.0005000100000001062
04/06/2018 00:00,-0.00814001000000003
04/06/2018 01:00,-0.002850010000000014
04/06/2018 02:00,0.004620009999999952
04/06/2018 03:00,0.0007900100000000077
04/06/2018 04:00,0.008060000000000012
04/06/2018 05:00,0.003800009999999965
04/06/2018 06:00,-0.0004899999999999904
04/06/2018 07:00,-0.0004199899999999257
04/06/2018 08:00,0.005300000000000082
04/06/2018 09:00,-0.00632000399999999
04/06/2018 10:00,0.0004300000000001525
04/06/2018 11:00,-0.0011500599999999528
04/06/2018 12:00,-0.000129979999999974
04/06/2018 13:00,0.007620029999999944
04/06/2018 14:00,0.0001899499999999943
04/06/2018 15:00,-0.007560110000000009
04/06/2018 16:00,0.011130029999999902
04/06/2018 17:00,0.0009800600000000603
04/06/2018 18:00,0.0010199699999999812
04/06/2018 19:00,-0.010549999999999837
04/06/2018 20:00,0.00447997
04/06/2018 21:00,0.002540059999999844
04/06/2018 22:00,-0.0003999500000000378
04/06/2018 23:00,-0.00041000000000002146
04/07/2018 00:00,-0.003299965999999932
04/07/2018 01:00,0.0028700019999999826
04/07/2018 02:00,-0.007930010000000043
04/07/2018 03:00,-0.0009600499999999901
04/07/2018 04:00,-0.005629989999999974
04/07/2018 05:00,-0.005640019999999968
04/07/2018 06:00,-0.002929990000000049
04/07/2018 07:00,-0.0010599839999999583
04/07/2018 08:00,0.008099960000000017
04/07/2018 09:00,0.0019700000000000273
04/07/2018 10:00,-0.0022999999999999965
04/07/2018 11:00,0.002009979999999967
04/07/2018 12:00,-0.0029900099999999874
04/07/2018 13:00,-0.0022999999999999965
04/07/2018 14:00,-0.00029000199999998366
04/07/2018 15:00,0.0017099799999999998
04/07/2018 16:00,-0.001440050000000026
04/07/2018 17:00,0.0009300599999999548
04/07/2018 18:00,0.004830030000000041
04/07/2018 19:00,0.0050099400000001015
04/07/2018 20:00,-0.0001700000000001145
04/07/2018 21:00,0.0011500000000000954
04/07/2018 22:00,0.00400998000000008
04/07/2018 23:00,0.0021400199999999647
04/08/2018 00:00,-0.0010599960000000075
04/08/2018 01:00,-0.0005399969999999865
04/08/2018 02:00,-0.0013800199999999818
04/08/2018 03:00,-0.004299999999999998
04/08/2018 04:00,-0.005620000000000014
04/08/2018 05:00,0.004359969999999991
04/08/2018 06:00,6.005399999997607e-5
04/08/2018 07:00,0.0033100600000000036
04/08/2018 08:00,-0.0002700399999999714
04/08/2018 09:00,-0.006429970000000007
04/08/2018 10:00,0.007300000000000084
04/08/2018 11:00,-0.0041000399999999715
04/08/2018 12:00,0.0022899200000000564
04/08/2018 13:00,0.006579954999999971
04/08/2018 14:00,0.0010000000000000009
04/08/2018 15:00,0.0010500000000000231
04/08/2018 16:00,0.0043600000000000305
04/08/2018 17:00,0.006190022000000017
04/08/2018 18:00,-0.005200050000000012
04/08/2018 19:00,0.00020999999999993246
04/08/2018 20:00,-0.0010500499999999136
04/08/2018 21:00,-0.0030599999999999516
04/08/2018 22:00,9.999999999998899e-5
04/08/2018 23:00,0.0026000299999999754
04/09/2018 00:00,0.0022900000000000142
04/09/2018 01:00,-0.0028399999999999814
04/09/2018 02:00,-0.0048399899999999885
04/09/2018 03:00,-0.0048399899999999885
04/09/2018 04:00,0.0038100000000000356
04/09/2018 05:00,0.0038099400000000117
04/09/2018 06:00,-0.0004899999999999627
04/09/2018 07:00,0.0006299899999999692
04/09/2018 08:00,-0.004720030000000097
04/09/2018 09:00,0.003679995999999963
04/09/2018 10:00,0.00043999999999999595
04/09/2018 11:00,0.0007000300000000736
04/09/2018 12:00,0.007319999999999771
04/09/2018 13:00,-0.0008200000000000429
04/09/2018 14:00,0.011159999999999837
04/09/2018 15:00,0.005520019999999959
04/09/2018 16:00,-0.001959959999999983
04/09/2018 17:00,0.003530000000000033
04/09/2018 18:00,-0.00019004000000000243
04/09/2018 19:00,0.0022800000000000598
04/09/2018 20:00,-0.0021299999999999653
04/09/2018 21:00,-0.003650000000000153
04/09/2018 22:00,0.008639999999999981
04/09/2018 23:00,0.008729989999999965
04/10/2018 00:00,0.0033400000000000096
04/10/2018 01:00,-0.002850010000000014
04/10/2018 02:00,0.005149999999999988
04/10/2018 03:00,-0.004839990000000016
04/10/2018 04:00,0.003810000000000091
04/10/2018 05:00,-0.006200100000000042
04/10/2018 06:00,0.006489999999999885
04/10/2018 07:00,-0.0001400300000000687
04/10/2018 08:00,0.00461998600000002
04/10/2018 09:00,0.0042800000000000615
04/10/2018 10:00,0.0020900000000003693
04/10/2018 11:00,-0.004370030000000025
04/10/2018 12:00,-0.0037200299999999853
04/10/2018 13:00,-0.0014899300000000837
04/10/2018 14:00,-0.0014400599999999653
04/10/2018 15:00,-0.0044700199999999635
04/10/2018 16:00,-0.00548000000000004
04/10/2018 17:00,0.0035299800000000436
04/10/2018 18:00,0.004110049999999976
04/10/2018 19:00,0.005550009999999883
04/10/2018 20:00,0.0035799200000001807
04/10/2018 21:00,0.005099969999999954
04/10/2018 22:00,-0.01264997000000001
04/10/2018 23:00,-0.006069949999999991
04/11/2018 00:00,0.0006499730000000259
04/11/2018 01:00,-0.002839970000000025
04/11/2018 02:00,-0.00484002
04/11/2018 03:00,-0.004859979999999986
04/11/2018 04:00,0.0038000000000000256
04/11/2018 05:00,-0.006199960000000004
04/11/2018 06:00,0.006499990000000011
04/11/2018 07:00,-0.00015999999999993797
04/11/2018 08:00,0.004650010000000204
04/11/2018 09:00,-0.0046000000000001595
04/11/2018 10:00,0.0020400000000000418
04/11/2018 11:00,-0.0022299199999997743
04/11/2018 12:00,0.002700050000000065
04/11/2018 13:00,0.0045600000000000085
04/11/2018 14:00,0.0001900099999999627
04/11/2018 15:00,0.0024699999999999722
04/11/2018 16:00,0.0007300099999999476
04/11/2018 17:00,-0.0031499799999999967
04/11/2018 18:00,0.0011899600000000454
04/11/2018 19:00,0.0009099799999999769
04/11/2018 20:00,-0.008010070000000091
04/11/2018 21:00,0.005069929999999889
04/11/2018 22:00,-0.0033000300000000093
04/11/2018 23:00,-0.0021499999999999853
04/12/2018 00:00,0.0018700199999999167
04/12/2018 01:00,-0.009530000000000038
04/12/2018 02:00,-0.001509989999999961
04/12/2018 03:00,-0.004850019999999899
04/12/2018 04:00,-0.004749999999999921
04/12/2018 05:00,0.006079989999999924
04/12/2018 06:00,0.003329900000000219
04/12/2018 07:00,-0.00040000999999989517
04/12/2018 08:00,-0.00770000000000004
04/12/2018 09:00,-0.004929970000000061
04/12/2018 10:00,0.00043999999999988493
04/12/2018 11:00,-0.002230069999999973
04/12/2018 12:00,-0.007290020000000008
04/12/2018 13:00,-0.0003900399999999804
04/12/2018 14:00,0.0001800599999999819
04/12/2018 15:00,0.002450019999999997
04/12/2018 16:00,-0.008000015999999999
04/12/2018 17:00,0.006040100000000104
04/12/2018 18:00,-0.003979979999999994
04/12/2018 19:00,0.0009200600000000003
04/12/2018 20:00,5.005000000002369e-5
04/12/2018 21:00,-0.0074599999999998
04/12/2018 22:00,-0.005340019999999779
04/12/2018 23:00,0.00407000000000024
04/13/2018 00:00,-0.0013500000000000734
04/13/2018 01:00,-0.0028500099999999584
04/13/2018 02:00,-0.004850000000000021
04/13/2018 03:00,-0.004850000000000021
04/13/2018 04:00,0.00380999999999998
04/13/2018 05:00,-0.006199989999999933
04/13/2018 06:00,-0.003489999999999993
04/13/2018 07:00,0.00985001999999996
04/13/2018 08:00,-0.0021900200000002368
04/13/2018 09:00,0.006750000000000034
04/13/2018 10:00,-0.0028900030000000854
04/13/2018 11:00,0.0031699700000000774
04/13/2018 12:00,-0.007290020000000119
04/13/2018 13:00,-0.000449980000000072
04/13/2018 14:00,0.003849990000000081
04/13/2018 15:00,-0.004229800000000061
04/13/2018 16:00,-0.0028100599999998366
04/13/2018 17:00,-0.003269999999999884
04/13/2018 18:00,0.0044199999999999795
04/13/2018 19:00,0.0022800000000000598
04/13/2018 20:00,-0.0021199499999999816
04/13/2018 21:00,-0.004929999999999879
04/13/2018 22:00,0.0020701000000000747
04/13/2018 23:00,-0.002139960000000052
04/14/2018 00:00,0.0019699699999999876
04/14/2018 01:00,-0.002280009999999999
04/14/2018 02:00,0.005550060000000023
04/14/2018 03:00,0.00600997999999997
04/14/2018 04:00,-0.005630020000000013
04/14/2018 05:00,0.00437000999999998
04/14/2018 06:00,0.007049999999999945
04/14/2018 07:00,-0.00440999000000003
04/14/2018 08:00,-0.002020050000000051
04/14/2018 09:00,-0.008380029999999983
04/14/2018 10:00,0.004129990000000028
04/14/2018 11:00,-0.0008200299999999716
04/14/2018 12:00,0.004660020000000015
04/14/2018 13:00,-0.006109979999999737
04/14/2018 14:00,-0.005629990000000085
04/14/2018 15:00,0.0010500000000000231
04/14/2018 16:00,-0.0019499999999999795
04/14/2018 17:00,0.0011800200000000594
04/14/2018 18:00,-0.008329999999999949
04/14/2018 19:00,-0.0038898899999999514
04/14/2018 20:00,0.00274994999999989
04/14/2018 21:00,0.0011499999999999844
04/14/2018 22:00,0.004410000000000025
04/14/2018 23:00,-0.007410000000000028
04/15/2018 00:00,0.0024000200000000027
04/15/2018 01:00,-0.0022800000000000042
04/15/2018 02:00,-0.004280000000000006
04/15/2018 03:00,-0.004289999999999988
04/15/2018 04:00,-0.005639999999999978
04/15/2018 05:00,0.004360030000000015
04/15/2018 06:00,0.0070599700000000265
04/15/2018 07:00,-0.00038000699999996
04/15/2018 08:00,0.0069099500000000535
04/15/2018 09:00,1.9965999999982387e-5
04/15/2018 10:00,0.004970040000000009
04/15/2018 11:00,-0.002229960000000031
04/15/2018 12:00,-0.002799999999999969
04/15/2018 13:00,-0.0009299799999999969
04/15/2018 14:00,-0.005770030000000093
04/15/2018 15:00,-0.0007000100000000842
04/15/2018 16:00,-0.0014300099999999816
04/15/2018 17:00,0.0011699900000000651
04/15/2018 18:00,-0.001959959999999983
04/15/2018 19:00,0.005030010000000029
04/15/2018 20:00,0.0027399999999999647
04/15/2018 21:00,0.004979950000000066
04/15/2018 22:00,0.00010000000000010001
04/15/2018 23:00,-0.007870000000000044
04/16/2018 00:00,-0.0006099999999999994
04/16/2018 01:00,-0.00017000000000000348
04/16/2018 02:00,-0.004839999999999983
04/16/2018 03:00,-0.00484999999999991
04/16/2018 04:00,0.0038000000000000256
04/16/2018 05:00,-0.006189969999999878
04/16/2018 06:00,-0.00616014999999992
04/16/2018 07:00,0.006450013999999893
04/16/2018 08:00,-0.004739979999999977
04/16/2018 09:00,-0.002489989999999942
04/16/2018 10:00,0.0006499799999999389
04/16/2018 11:00,-0.00014999999999998348
04/16/2018 12:00,0.0036599999999999966
04/16/2018 13:00,-0.00043999999999999595
04/16/2018 14:00,-0.005120026
04/16/2018 15:00,0.0037199999999999456
04/16/2018 16:00,0.004470039999999953
04/16/2018 17:00,-0.006469959999999997
04/16/2018 18:00,-0.000950069999999914
04/16/2018 19:00,-0.0042400000000000215
04/16/2018 20:00,6.006000000025047e-5
04/16/2018 21:00,0.0025300000000001432
04/16/2018 22:00,-0.0006299999999999084
04/16/2018 23:00,-0.0015099999999999003
04/17/2018 00:00,-0.005370009999999981
04/17/2018 01:00,0.00716
04/17/2018 02:00,-0.004840000000000011
04/17/2018 03:00,0.005160000000000053
04/17/2018 04:00,-0.004890009999999889
04/17/2018 05:00,0.0037999499999999964
04/17/2018 06:00,9.999800000004555e-5
04/17/2018 07:00,0.010610000000000008
04/17/2018 08:00,-0.005080030000000013
04/17/2018 09:00,-0.0019099700000000386
04/17/2018 10:00,0.0006800199999999479
04/17/2018 11:00,-0.00017000000000000348
04/17/2018 12:00,-0.0045599599999999185
04/17/2018 13:00,-0.0024501000000001216
04/17/2018 14:00,0.0011500199999999738
04/17/2018 15:00,-0.0001900599999999919
04/17/2018 16:00,-0.004619980000000079
04/17/2018 17:00,0.0014399599999999069
04/17/2018 18:00,0.0011999500000000607
04/17/2018 19:00,0.0009100400000001674
04/17/2018 20:00,6.0060000000028424e-5
04/17/2018 21:00,0.0018500000000001293
04/17/2018 22:00,0.006910040000000062
04/17/2018 23:00,-0.0015100500000000405
04/18/2018 00:00,-0.0033599799999999846
04/18/2018 01:00,-0.002840000000000009
04/18/2018 02:00,-0.0048499999999999654
04/18/2018 03:00,-0.0048499999999999654
04/18/2018 04:00,0.00380999999999998
04/18/2018 05:00,0.0037999799999999806
04/18/2018 06:00,-0.003510000000000013
04/18/2018 07:00,-0.001010027000000191
04/18/2018 08:00,0.0052800000000001734
04/18/2018 09:00,0.003330030000000095
04/18/2018 10:00,-0.0009999659999999633
04/18/2018 11:00,-0.0007499699999999887
04/18/2018 12:00,-0.0016400199999999643
04/18/2018 13:00,-0.007400020000000063
04/18/2018 14:00,-0.0009300099999999811
04/18/2018 15:00,0.00048000000000003595
04/18/2018 16:00,0.0009699799999999259
04/18/2018 17:00,0.00673995000000005
04/18/2018 18:00,0.004119959999999923
04/18/2018 19:00,0.00822994999999982
04/18/2018 20:00,5.0000000000105516e-5
04/18/2018 21:00,0.0025199000000002414
04/18/2018 22:00,-0.0006099999999999994
04/18/2018 23:00,-0.0015100200000000008
04/19/2018 00:00,0.0006500229999999996
04/19/2018 01:00,-0.002840000000000009
04/19/2018 02:00,-0.004850000000000021
04/19/2018 03:00,0.005150029999999972
04/19/2018 04:00,-0.006200020000000028
04/19/2018 05:00,0.002030039999999955
04/19/2018 06:00,0.012490030000000152
04/19/2018 07:00,0.0006099999999997774
04/19/2018 08:00,-0.010769999999999724
04/19/2018 09:00,-0.0038999999999997925
04/19/2018 10:00,-0.0012199999999997768
04/19/2018 11:00,-0.0047299800000000225
04/19/2018 12:00,-0.005719999999999947
04/19/2018 13:00,-0.003770030000000091
04/19/2018 14:00,-0.00550000000000006
04/19/2018 15:00,-0.0023999799999999682
04/19/2018 16:00,-0.005249999999999977
04/19/2018 17:00,0.0008399999999999519
04/19/2018 18:00,0.011190019999999912
04/19/2018 19:00,0.010920079999999777
04/19/2018 20:00,-0.0029699399999998377
04/19/2018 21:00,0.0025099600000000333
04/19/2018 22:00,-0.00038999999999989043
04/19/2018 23:00,-0.0009599799999999714
04/20/2018 00:00,-0.00814001000000003
04/20/2018 01:00,-0.002840010000000004
04/20/2018 02:00,-0.004840000000000011
04/20/2018 03:00,-0.004839999999999983
04/20/2018 04:00,0.003799980000000036
04/20/2018 05:00,0.003799980000000036
04/20/2018 06:00,-0.0034999800000000136
04/20/2018 07:00,-0.00099998699999998
04/20/2018 08:00,0.004910019999999848
04/20/2018 09:00,0.0016799899999999646
04/20/2018 10:00,-0.0010199949999999403
04/20/2018 11:00,-0.00017004000000003794
04/20/2018 12:00,-0.00013999999999991797
04/20/2018 13:00,0.0005599699999999652
04/20/2018 14:00,-0.003689999999999971
04/20/2018 15:00,-0.005249999999999977
04/20/2018 16:00,0.004769989999999891
04/20/2018 17:00,-0.00648006000000001
04/20/2018 18:00,0.0011799799999999694
04/20/2018 19:00,-0.009089960000000064
04/20/2018 20:00,6.996000000003555e-5
04/20/2018 21:00,0.0025300000000001432
04/20/2018 22:00,-0.010620000000000074
04/20/2018 23:00,-0.00657000000000002
04/21/2018 00:00,0.0019799900000000425
04/21/2018 01:00,-0.0022800000000000598
04/21/2018 02:00,-0.0042800000000000615
04/21/2018 03:00,-0.0042800000000000615
04/21/2018 04:00,0.0043799999999999395
04/21/2018 05:00,-0.005649930000000025
04/21/2018 06:00,0.00707000999999996
04/21/2018 07:00,0.00040999000000008223
04/21/2018 08:00,0.009689997000000061
04/21/2018 09:00,-0.0016700099999999996
04/21/2018 10:00,0.006499994999999981
04/21/2018 11:00,-0.0008299600000000185
04/21/2018 12:00,-4.0019999999973965e-5
04/21/2018 13:00,-0.0009900199999999248
04/21/2018 14:00,-0.005769989999999947
04/21/2018 15:00,0.0008300299999999261
04/21/2018 16:00,-0.0015999300000000272
04/21/2018 17:00,0.0009599800000000269
04/21/2018 18:00,-0.0051799600000000945
04/21/2018 19:00,0.004990009999999989
04/21/2018 20:00,0.0042000499999999
04/21/2018 21:00,-0.005019980000000146
04/21/2018 22:00,-0.009889999999999954
04/21/2018 23:00,0.004430016000000037
04/22/2018 00:00,-0.008129996999999944
04/22/2018 01:00,-0.0022800100000000545
04/22/2018 02:00,-0.004280000000000006
04/22/2018 03:00,0.005720000000000003
04/22/2018 04:00,-0.005639989999999984
04/22/2018 05:00,0.004369919999999972
04/22/2018 06:00,0.007079999999999975
04/22/2018 07:00,0.00040999999999996595
04/22/2018 08:00,-0.0003199930000000184
04/22/2018 09:00,0.007949949999999983
04/22/2018 10:00,0.005899990000000077
04/22/2018 11:00,-0.004110049999999754
04/22/2018 12:00,-0.0041500199999999765
04/22/2018 13:00,0.0006000149999999538
04/22/2018 14:00,-0.0002999919999999989
04/22/2018 15:00,0.003249999999999975
04/22/2018 16:00,-0.003050009999999992
04/22/2018 17:00,0.0009600400000000509
04/22/2018 18:00,0.0023700199999999727
04/22/2018 19:00,-0.007390099999999955
04/22/2018 20:00,0.0027598999999998153
04/22/2018 21:00,-0.008850000000000025
04/22/2018 22:00,-0.004709969999999952
04/22/2018 23:00,-0.00434003000000005
04/23/2018 00:00,-0.008219997000000034
04/23/2018 01:00,-0.002840000000000009
04/23/2018 02:00,-0.004850000000000021
04/23/2018 03:00,0.0051599800000000084
04/23/2018 04:00,-0.006200020000000084
04/23/2018 05:00,0.0038000299999999543
04/23/2018 06:00,-0.0034899699999999534
04/23/2018 07:00,-0.00013001000000001373
04/23/2018 08:00,-0.0016500130000001167
04/23/2018 09:00,0.0033300099999999944
04/23/2018 10:00,0.0019299640000000062
04/23/2018 11:00,0.005900000000000016
04/23/2018 12:00,-0.00011999999999995348
04/23/2018 13:00,-0.0023799900000001095
04/23/2018 14:00,0.00019004000000000243
04/23/2018 15:00,0.0024399800000000083
04/23/2018 16:00,0.0011099999999999999
04/23/2018 17:00,-0.003289999999999904
04/23/2018 18:00,-0.005589999999999984
04/23/2018 19:00,0.0007000000000000339
04/23/2018 20:00,-0.0016599999999999948
04/23/2018 21:00,0.005079970000000045
04/23/2018 22:00,-0.0032899800000000257
04/23/2018 23:00,-0.0021299800000000313
04/24/2018 00:00,-0.00814999999999999
04/24/2018 01:00,-0.002839979999999964
04/24/2018 02:00,0.005160000000000053
04/24/2018 03:00,-0.0048399999999999554
04/24/2018 04:00,-0.006200019999999973
04/24/2018 05:00,0.0037999499999998854
04/24/2018 06:00,-0.003510000000000124
04/24/2018 07:00,0.009849999999999914
04/24/2018 08:00,0.0015199799999998653
04/24/2018 09:00,0.003269999999999884
04/24/2018 10:00,0.0020799999999998597
04/24/2018 11:00,-0.0047399999999999665
04/24/2018 12:00,-0.007309999999999928
04/24/2018 13:00,-0.005369995000000016
04/24/2018 14:00,-0.002790070000000089
04/24/2018 15:00,-0.0023900199999999927
04/24/2018 16:00,0.000989899999999988
04/24/2018 17:00,-0.004110000000000058
04/24/2018 18:00,0.0011900000000000244
04/24/2018 19:00,0.0009200799999999898
04/24/2018 20:00,-0.0007702000000002762
04/24/2018 21:00,-0.0051698999999998385
04/24/2018 22:00,0.005699980000000049
04/24/2018 23:00,0.0012600000000000389
04/25/2018 00:00,-0.005359989999999981
04/25/2018 01:00,-0.0028399800000000197
04/25/2018 02:00,-0.004839990000000016
04/25/2018 03:00,0.005150000000000099
04/25/2018 04:00,0.003810000000000091
04/25/2018 05:00,0.003800010000000076
04/25/2018 06:00,0.006489999999999996
04/25/2018 07:00,-0.008090056999999984
04/25/2018 08:00,0.002890000000000059
04/25/2018 09:00,0.00446001000000007
04/25/2018 10:00,-0.0010599749999999908
04/25/2018 11:00,-0.0011099999999999999
04/25/2018 12:00,-0.0033500000000000196
04/25/2018 13:00,-0.0024300099999999825
04/25/2018 14:00,-0.0012700099999999326
04/25/2018 15:00,-0.00019000000000002348
04/25/2018 16:00,0.008290019999999787
04/25/2018 17:00,0.007540019999999981
04/25/2018 18:00,0.007380050000000082
04/25/2018 19:00,0.0013600400000002288
04/25/2018 20:00,-0.009949980000000025
04/25/2018 21:00,-0.007469900000000251
04/25/2018 22:00,-0.0003900000000001125
04/25/2018 23:00,-0.0012600299999998565
04/26/2018 00:00,0.0009699739999999846
04/26/2018 01:00,-0.003219990000000006
04/26/2018 02:00,0.005139999999999978
04/26/2018 03:00,-0.0048500200000000104
04/26/2018 04:00,-0.006200000000000039
04/26/2018 05:00,-0.006200079999999941
04/26/2018 06:00,8.999799999998004e-5
04/26/2018 07:00,0.009590049999999906
04/26/2018 08:00,0.0022899999999999032
04/26/2018 09:00,-0.004590000000000094
04/26/2018 10:00,-0.003940009999999994
04/26/2018 11:00,0.007779999999999898
04/26/2018 12:00,0.002679969999999865
04/26/2018 13:00,-0.00046000000000001595
04/26/2018 14:00,0.00019001000000001822
04/26/2018 15:00,0.0024499499999999785
04/26/2018 16:00,0.0019900340000000294
04/26/2018 17:00,0.0035299800000000436
04/26/2018 18:00,-0.008830039999999872
04/26/2018 19:00,-0.009069960000000044
04/26/2018 20:00,5.994000000009159e-5
04/26/2018 21:00,-0.0018400000000000638
04/26/2018 22:00,0.002940100000000001
04/26/2018 23:00,-0.00041000000000002146
04/27/2018 00:00,-0.003649996000000044
04/27/2018 01:00,-0.008719998000000007
04/27/2018 02:00,0.00014999999999998348
04/27/2018 03:00,-0.0009500700000000251
04/27/2018 04:00,-0.004610000000000003
04/27/2018 05:00,-0.0061899700000001
04/27/2018 06:00,-0.0035199999999999676
04/27/2018 07:00,-0.0010099670000001115
04/27/2018 08:00,0.0022099999999999342
04/27/2018 09:00,0.003330000000000055
04/27/2018 10:00,0.008970014999999942
04/27/2018 11:00,0.0031799599999998707
04/27/2018 12:00,-0.002890000000000059
04/27/2018 13:00,0.005610009999999943
04/27/2018 14:00,0.007249969999999939
04/27/2018 15:00,0.0019200200000000223
04/27/2018 16:00,0.0007299599999999185
04/27/2018 17:00,0.0035299800000000436
04/27/2018 18:00,0.00439997999999997
04/27/2018 19:00,0.0009199699999999922
04/27/2018 20:00,0.0019699299999998976
04/27/2018 21:00,-0.0006499699999999997
04/27/2018 22:00,-0.006139999999999979
04/27/2018 23:00,-0.0032499700000000464
04/28/2018 00:00,-0.008030030000000021
04/28/2018 01:00,-0.0022800000000000598
04/28/2018 02:00,-0.0042799899999999
04/28/2018 03:00,-0.004289989999999966
04/28/2018 04:00,0.004369999999999985
04/28/2018 05:00,0.004370009999999924
04/28/2018 06:00,-0.0029299600000001202
04/28/2018 07:00,0.00040999999999991044
04/28/2018 08:00,0.002609996999999975
04/28/2018 09:00,-0.002719903999999884
04/28/2018 10:00,0.003479999999999983
04/28/2018 11:00,-0.0008199799999999424
04/28/2018 12:00,-8.003999999994793e-5
04/28/2018 13:00,-0.0009400099999999911
04/28/2018 14:00,-0.004009929999999939
04/28/2018 15:00,-0.002150029999999914
04/28/2018 16:00,0.0021699600000000263
04/28/2018 17:00,0.0017499500000000001
04/28/2018 18:00,0.0014201000000000352
04/28/2018 19:00,-0.0038900300000001
04/28/2018 20:00,0.0027599999999999847
04/28/2018 21:00,0.004970069999999938
04/28/2018 22:00,-0.005479950000000011
04/28/2018 23:00,-0.007400060000000042
04/29/2018 00:00,-0.007569979999999976
04/29/2018 01:00,-0.0022799800000000148
04/29/2018 02:00,-0.004290010000000011
04/29/2018 03:00,-0.004300000000000026
04/29/2018 04:00,0.0043600000000000305
04/29/2018 05:00,-0.005629989999999974
04/29/2018 06:00,-0.0029199999999999227
04/29/2018 07:00,0.00039999000000012774
04/29/2018 08:00,-0.006299970000000155
04/29/2018 09:00,0.002020010000000294
04/29/2018 10:00,0.005059984999999989
04/29/2018 11:00,4.0000000000040004e-5
04/29/2018 12:00,-0.00025997000000005377
04/29/2018 13:00,-0.002280009999999999
04/29/2018 14:00,-0.0002799919999999789
04/29/2018 15:00,0.0032699200000000372
04/29/2018 16:00,-0.003049999999999997
04/29/2018 17:00,0.0005900000000000905
04/29/2018 18:00,0.0032399899999997483
04/29/2018 19:00,0.0036699400000002047
04/29/2018 20:00,-0.005780000000000118
04/29/2018 21:00,0.0011501000000000428
04/29/2018 22:00,-0.004709969999999952
04/29/2018 23:00,-0.004759990000000158
04/30/2018 00:00,0.00547997999999994
04/30/2018 01:00,-0.00028000000000000247
04/30/2018 02:00,-0.00035999000000003223
04/30/2018 03:00,-0.00029999000000002773
04/30/2018 04:00,-0.006190000000000029
04/30/2018 05:00,0.003800059999999883
04/30/2018 06:00,0.006510000000000016
04/30/2018 07:00,-0.0035600000000000076
04/30/2018 08:00,0.005150032000000082
04/30/2018 09:00,0.0049699999999999744
04/30/2018 10:00,-0.0025200000000000777
04/30/2018 11:00,0.0036200399999999355
04/30/2018 12:00,0.006279999999999952
04/30/2018 13:00,0.0001500000000000945
04/30/2018 14:00,0.0011599400000000815
04/30/2018 15:00,-0.0001900599999999919
04/30/2018 16:00,-0.004639969999999938
04/30/2018 17:00,0.0037000000000000366
04/30/2018 18:00,0.0011899600000000454
04/30/2018 19:00,-0.0043199999999999905
04/30/2018 20:00,-0.0021299999999999653
04/30/2018 21:00,-0.005799982000000037
04/30/2018 22:00,-0.0013900399999998703
04/30/2018 23:00,0.002140059999999999
05/01/2018 00:00,0.0025100200000001127
05/01/2018 01:00,-0.007590000000000041
05/01/2018 02:00,0.0027600199999999186
05/01/2018 03:00,0.0027600199999999186
05/01/2018 04:00,-0.008460009999999962
05/01/2018 05:00,0.0015599999999999503
05/01/2018 06:00,0.006160017999999989
05/01/2018 07:00,-0.0009299700000000577
05/01/2018 08:00,-0.012799999999999923
05/01/2018 09:00,0.007209970000000121
05/01/2018 10:00,-0.00394994999999998
05/01/2018 11:00,0.00012999999999996348
05/01/2018 12:00,-0.0010599700000000212
05/01/2018 13:00,0.003940019999999933
05/01/2018 14:00,-0.002969999999999917
05/01/2018 15:00,0.0010300199999999649
05/01/2018 16:00,0.0032300199999999446
05/01/2018 17:00,0.000320000000000098
05/01/2018 18:00,0.002619930000000048
05/01/2018 19:00,-0.00113995999999994
05/01/2018 20:00,-0.006670080000000134
05/01/2018 21:00,-0.0038899400000000917
05/01/2018 22:00,0.003919970000000106
05/01/2018 23:00,-0.0014600300000000566
05/02/2018 00:00,0.003180023999999948
05/02/2018 01:00,-0.0038800299999999788
05/02/2018 02:00,0.00390994999999994
05/02/2018 03:00,0.00444001000000005
05/02/2018 04:00,0.0015400199999999753
05/02/2018 05:00,0.0015600399999999848
05/02/2018 06:00,-0.003840001999999898
05/02/2018 07:00,0.008799999999999919
05/02/2018 08:00,0.002850000000000019
05/02/2018 09:00,0.001860050000000113
05/02/2018 10:00,0.0057200499999998655
05/02/2018 11:00,0.003249990000000036
05/02/2018 12:00,0.0017600000000000948
05/02/2018 13:00,-0.00016009999999999636
05/02/2018 14:00,-0.002959979999999973
05/02/2018 15:00,0.0010200399999999998
05/02/2018 16:00,0.007849970000000095
05/02/2018 17:00,0.010590040000000078
05/02/2018 18:00,8.999999999992347e-5
05/02/2018 19:00,-0.0005100299999998281
05/02/2018 20:00,0.003319969999999728
05/02/2018 21:00,-0.007800030000000069
05/02/2018 22:00,-0.0014099499999999932
05/02/2018 23:00,-0.0021799999999999597
05/03/2018 00:00,-0.011499940000000097
05/03/2018 01:00,0.00023997799999997405
05/03/2018 02:00,-0.006409979999999982
05/03/2018 03:00,0.002750040000000009
05/03/2018 04:00,-0.008450000000000013
05/03/2018 05:00,0.0015599799999999608
05/03/2018 06:00,0.003959997000000048
05/03/2018 07:00,0.003180010000000011
05/03/2018 08:00,0.0063600399999999
05/03/2018 09:00,-0.0049200000000000355
05/03/2018 10:00,-0.004279990000000122
05/03/2018 11:00,0.0032300100000000054
05/03/2018 12:00,8.002000000006948e-5
05/03/2018 13:00,0.00707004
05/03/2018 14:00,0.0035400300000000273
05/03/2018 15:00,-0.008979960000000009
05/03/2018 16:00,-0.0038599999999999746
05/03/2018 17:00,-0.007619999999999738
05/03/2018 18:00,0.00011991999999971803
05/03/2018 19:00,-0.0005099699999999707
05/03/2018 20:00,0.0033299800000001767
05/03/2018 21:00,-0.003890000000000171
05/03/2018 22:00,-0.0021999000000001434
05/03/2018 23:00,-0.007590029999999914
05/04/2018 00:00,0.000540035999999966
05/04/2018 01:00,0.004590039999999962
05/04/2018 02:00,0.002749999999999919
05/04/2018 03:00,0.0027500099999999694
05/04/2018 04:00,0.0015499999999999403
05/04/2018 05:00,0.00155002999999998
05/04/2018 06:00,0.003959996999999937
05/04/2018 07:00,0.005040029999999973
05/04/2018 08:00,-0.0030600300000001024
05/04/2018 09:00,0.005560017000000084
05/04/2018 10:00,0.0029400299999999824
05/04/2018 11:00,-0.010280000000000067
05/04/2018 12:00,-0.0027000000000000357
05/04/2018 13:00,0.005320010000000042
05/04/2018 14:00,0.007820130000000036
05/04/2018 15:00,-0.0014800000000000368
05/04/2018 16:00,0.0015299699999999916
05/04/2018 17:00,0.002030004999999946
05/04/2018 18:00,0.00010001999999997846
05/04/2018 19:00,-0.0005100100000000607
05/04/2018 20:00,0.0033200300000000293
05/04/2018 21:00,0.00611000000000006
05/04/2018 22:00,0.007809900000000036
05/04/2018 23:00,0.0011601000000001083
05/05/2018 00:00,-0.0024099600000000443
05/05/2018 01:00,0.0022199999999999998
05/05/2018 02:00,-0.0016899979999999148
05/05/2018 03:00,-0.000759980000000049
05/05/2018 04:00,-0.0036400000000000876
05/05/2018 05:00,0.0021200000000000108
05/05/2018 06:00,0.006490018000000042
05/05/2018 07:00,0.005649999999999933
05/05/2018 08:00,-0.0010899699999997736
05/05/2018 09:00,-0.008950050000000154
05/05/2018 10:00,-0.005630030000000064
05/05/2018 11:00,0.0028400159999999453
05/05/2018 12:00,-0.002809999999999979
05/05/2018 13:00,0.0061999899999999886
05/05/2018 14:00,0.0020299999999999763
05/05/2018 15:00,-0.0005800029999999956
05/05/2018 16:00,0.004880034999999894
05/05/2018 17:00,0.006579995000000061
05/05/2018 18:00,0.0018899799999999578
05/05/2018 19:00,-0.0029599599999999837
05/05/2018 20:00,0.003670000000000062
05/05/2018 21:00,-0.005010000000000181
05/05/2018 22:00,-0.0027599800000002173
05/05/2018 23:00,0.003779969999999966
05/06/2018 00:00,-0.001220006999999912
05/06/2018 01:00,-0.004850009999999988
05/06/2018 02:00,0.0033200399999999963
05/06/2018 03:00,0.00332002000000009
05/06/2018 04:00,-0.007879999999999998
05/06/2018 05:00,0.0021200000000000108
05/06/2018 06:00,-0.0035000320000000418
05/06/2018 07:00,-0.00703001999999997
05/06/2018 08:00,-0.011069990000000196
05/06/2018 09:00,-0.008939969999999908
05/06/2018 10:00,-0.005619999999999958
05/06/2018 11:00,-0.007330009999999998
05/06/2018 12:00,-0.0028099899999999844
05/06/2018 13:00,-0.0008699800000000479
05/06/2018 14:00,-0.006789999999999963
05/06/2018 15:00,0.00396999000000009
05/06/2018 16:00,-0.0051400249999999925
05/06/2018 17:00,-0.005369979999999996
05/06/2018 18:00,-0.0025600200000000517
05/06/2018 19:00,0.004579970000000211
05/06/2018 20:00,-0.003910039999999837
05/06/2018 21:00,-0.0036800400000001066
05/06/2018 22:00,0.0017699599999998483
05/06/2018 23:00,0.0012699999999999934
05/07/2018 00:00,-0.004579975999999819
05/07/2018 01:00,-0.0013500000000000179
05/07/2018 02:00,0.007220002000000059
05/07/2018 03:00,0.004439929999999981
05/07/2018 04:00,0.002969999999999917
05/07/2018 05:00,0.004970019999999908
05/07/2018 06:00,0.0002500300000001232
05/07/2018 07:00,0.00032005000000001615
05/07/2018 08:00,0.004299985999999922
05/07/2018 09:00,0.00507000000000013
05/07/2018 10:00,-0.0022799499999999195
05/07/2018 11:00,-0.00030999999999992145
05/07/2018 12:00,0.0008100099999999721
05/07/2018 13:00,0.005579989999999979
05/07/2018 14:00,-0.004400049999999989
05/07/2018 15:00,0.0010399899999999906
05/07/2018 16:00,-0.005559989999999959
05/07/2018 17:00,0.004859979999999986
05/07/2018 18:00,-0.007930019999999982
05/07/2018 19:00,-0.0005200399999999439
05/07/2018 20:00,0.003329950000000137
05/07/2018 21:00,0.006140040000000235
05/07/2018 22:00,-0.000999880000000175
05/07/2018 23:00,-0.0028900099999998874
05/08/2018 00:00,0.00029000000000001247
05/08/2018 01:00,-0.0013499900000000231
05/08/2018 02:00,-0.002790008000000066
05/08/2018 03:00,0.008369969999999949
05/08/2018 04:00,0.003139980000000042
05/08/2018 05:00,0.0015600400000000958
05/08/2018 06:00,0.003959997000000048
05/08/2018 07:00,-0.007189999999999808
05/08/2018 08:00,0.005649994999999963
05/08/2018 09:00,0.010009989999999913
05/08/2018 10:00,-0.004289940000000048
05/08/2018 11:00,0.003249990000000036
05/08/2018 12:00,-0.0011599699999999546
05/08/2018 13:00,0.003950000000000009
05/08/2018 14:00,-0.0029800399999999616
05/08/2018 15:00,0.0010199499999999917
05/08/2018 16:00,0.0012400299999999476
05/08/2018 17:00,-0.0006701000000002288
05/08/2018 18:00,9.009999999998186e-5
05/08/2018 19:00,0.0052099800000000585
05/08/2018 20:00,-0.0017500000000001403
05/08/2018 21:00,-0.0013699799999999929
05/08/2018 22:00,-0.0014199599999999979
05/08/2018 23:00,-0.002859969999999934
05/09/2018 00:00,-0.00117995999999998
05/09/2018 01:00,0.0045999800000000035
05/09/2018 02:00,0.0027600000000000957
05/09/2018 03:00,0.0027600000000000957
05/09/2018 04:00,0.001560010000000056
05/09/2018 05:00,0.001560010000000056
05/09/2018 06:00,0.003969997000000114
05/09/2018 07:00,0.0033200440000000775
05/09/2018 08:00,0.0028499699999997574
05/09/2018 09:00,0.001890034000000096
05/09/2018 10:00,-0.0021400000000000308
05/09/2018 11:00,-0.004019940000000055
05/09/2018 12:00,0.0014000000000000679
05/09/2018 13:00,0.007020000000000026
05/09/2018 14:00,0.0035399899999999374
05/09/2018 15:00,-0.002009980000000078
05/09/2018 16:00,-0.0004899899999999402
05/09/2018 17:00,0.0031099399999998667
05/09/2018 18:00,-0.0022099600000000663
05/09/2018 19:00,-0.0005100299999998281
05/09/2018 20:00,0.005780000000000118
05/09/2018 21:00,-0.008659959999999911
05/09/2018 22:00,-0.0014300099999997595
05/09/2018 23:00,0.007120000000000015
05/10/2018 00:00,-0.0011800199999999483
05/10/2018 01:00,-0.005420000000000036
05/10/2018 02:00,-0.007240000000000024
05/10/2018 03:00,-0.007249999999999979
05/10/2018 04:00,-0.008450029999999997
05/10/2018 05:00,0.001560010000000056
05/10/2018 06:00,-0.0038400119999999482
05/10/2018 07:00,0.008000004000000005
05/10/2018 08:00,0.005639975000000019
05/10/2018 09:00,0.007930010000000043
05/10/2018 10:00,0.005550000000000027
05/10/2018 11:00,-0.000569980000000081
05/10/2018 12:00,-0.0027599700000000005
05/10/2018 13:00,-0.001089995999999982
05/10/2018 14:00,0.005990002999999966
05/10/2018 15:00,-0.006190034999999983
05/10/2018 16:00,-2.001000000007025e-5
05/10/2018 17:00,0.007759969999999949
05/10/2018 18:00,-0.007610059999999974
05/10/2018 19:00,0.009539984000000001
05/10/2018 20:00,0.007230029999999998
05/10/2018 21:00,-0.00025999999999992696
05/10/2018 22:00,-0.0013999900000000176
05/10/2018 23:00,-0.001369975999999995
05/11/2018 00:00,-0.0011999899999999841
05/11/2018 01:00,0.0045600000000000085
05/11/2018 02:00,0.002750009999999914
05/11/2018 03:00,-0.007239949999999884
05/11/2018 04:00,-0.008440019999999993
05/11/2018 05:00,0.0015399900000000466
05/11/2018 06:00,0.006159998000000111
05/11/2018 07:00,0.0030800299999997893
05/11/2018 08:00,-0.004320005000000071
05/11/2018 09:00,-0.0020700499999999344
05/11/2018 10:00,0.005529979999999934
05/11/2018 11:00,-8.000999999999148e-5
05/11/2018 12:00,0.004920000000000008
05/11/2018 13:00,0.00016998999999995323
05/11/2018 14:00,0.003480049999999957
05/11/2018 15:00,0.0001500300000000232
05/11/2018 16:00,-0.003709989999999941
05/11/2018 17:00,-0.007690040000000065
05/11/2018 18:00,-0.005350065999999876
05/11/2018 19:00,0.00551999000000003
05/11/2018 20:00,-0.008529959999999948
05/11/2018 21:00,-0.007320011999999987
05/11/2018 22:00,0.0024399600000000188
05/11/2018 23:00,-0.006729959999999924
05/12/2018 00:00,-0.006289990000000023
05/12/2018 01:00,0.0051399799999999884
05/12/2018 02:00,0.003320009999999929
05/12/2018 03:00,-0.00667998000000003
05/12/2018 04:00,-0.007879999999999998
05/12/2018 05:00,0.0021100600000000247
05/12/2018 06:00,0.004519987000000003
05/12/2018 07:00,0.0003799849999999161
05/12/2018 08:00,0.007299995000000115
05/12/2018 09:00,0.006839964000000087
05/12/2018 10:00,0.003430010000000039
05/12/2018 11:00,0.00047999999999998044
05/12/2018 12:00,-0.004519979999999979
05/12/2018 13:00,-0.003899929999999996
05/12/2018 14:00,-0.0021200499999999844
05/12/2018 15:00,-0.0009199799999999869
05/12/2018 16:00,0.0021200000000000108
05/12/2018 17:00,-0.0024499620000000277
05/12/2018 18:00,-0.002560019999999996
05/12/2018 19:00,-0.002729976000000134
05/12/2018 20:00,-0.0063100299999998555
05/12/2018 21:00,0.004989999999999828
05/12/2018 22:00,0.006680039999999998
05/12/2018 23:00,0.004810009999999976
05/13/2018 00:00,-0.0006399999999999739
05/13/2018 01:00,-0.004840020000000056
05/13/2018 02:00,0.00332001000000004
05/13/2018 03:00,0.00332002000000009
05/13/2018 04:00,0.0021200000000000108
05/13/2018 05:00,0.0021200000000000108
05/13/2018 06:00,0.004520017000000043
05/13/2018 07:00,-0.0016599999999999948
05/13/2018 08:00,-0.0003500300000001122
05/13/2018 09:00,-0.0007800000000000029
05/13/2018 10:00,-0.002620019999999723
05/13/2018 11:00,-0.003960010000000014
05/13/2018 12:00,-0.0028099600000000002
05/13/2018 13:00,-0.00383
05/13/2018 14:00,0.000500000000000167
05/13/2018 15:00,0.007189930000000011
05/13/2018 16:00,-0.0051500050000000686
05/13/2018 17:00,-0.0034500050000000337
05/13/2018 18:00,0.003989970000000009
05/13/2018 19:00,-0.002800050000000054
05/13/2018 20:00,-0.0013799699999998971
05/13/2018 21:00,-0.006299989999999922
05/13/2018 22:00,0.00020994699999998812
05/13/2018 23:00,-0.0051799800000000285
05/14/2018 00:00,-0.0007399899999999682
05/14/2018 01:00,-0.002460020000000007
05/14/2018 02:00,-0.002799958000000047
05/14/2018 03:00,-0.00162998999999997
05/14/2018 04:00,-0.004189999999999916
05/14/2018 05:00,-0.008449959999999979
05/14/2018 06:00,-0.0060400029999999605
05/14/2018 07:00,-0.006799989999999978
05/14/2018 08:00,0.0063600100000000825
05/14/2018 09:00,-0.004930000000000101
05/14/2018 10:00,0.005740010000000018
05/14/2018 11:00,0.003210039999999914
05/14/2018 12:00,0.008849960000000046
05/14/2018 13:00,0.003950029999999938
05/14/2018 14:00,-0.002979979999999993
05/14/2018 15:00,0.0015199999999999658
05/14/2018 16:00,0.003390000000000004
05/14/2018 17:00,0.0006699999999999484
05/14/2018 18:00,-0.0028499799999999187
05/14/2018 19:00,-0.0005100099999999497
05/14/2018 20:00,0.0033099800000000457
05/14/2018 21:00,-0.0038799999999998835
05/14/2018 22:00,-0.0022099999999998232
05/14/2018 23:00,-0.007939970000000018
05/15/2018 00:00,0.005509989999999965
05/15/2018 01:00,0.0042299799999999665
05/15/2018 02:00,-0.0072499899999999284
05/15/2018 03:00,-0.007239999999999913
05/15/2018 04:00,-0.008440019999999993
05/15/2018 05:00,0.0015600700000001355
05/15/2018 06:00,0.00816000600000022
05/15/2018 07:00,-0.0007100100000001497
05/15/2018 08:00,-0.003650029999999971
05/15/2018 09:00,-0.004909950000000052
05/15/2018 10:00,-0.0013500599999998197
05/15/2018 11:00,0.00047003000000001016
05/15/2018 12:00,0.001330030000000093
05/15/2018 13:00,-0.0023300099999999935
05/15/2018 14:00,-0.0029799999999999827
05/15/2018 15:00,-0.008999960000000029
05/15/2018 16:00,-0.00677989999999995
05/15/2018 17:00,-0.00225997
05/15/2018 18:00,-0.0019800299999999105
05/15/2018 19:00,-0.003840069999999862
05/15/2018 20:00,0.0033200299999998073
05/15/2018 21:00,-0.0038700999999998764
05/15/2018 22:00,0.0039000000000000146
05/15/2018 23:00,-0.0021799999999999597
05/16/2018 00:00,-0.0029199859999999855
05/16/2018 01:00,0.006510000000000016
05/16/2018 02:00,0.0027600000000000957
05/16/2018 03:00,0.0027600000000000957
05/16/2018 04:00,0.001560010000000056
05/16/2018 05:00,0.002330039999999922
05/16/2018 06:00,-0.005650020000000033
05/16/2018 07:00,0.003090000000000037
05/16/2018 08:00,-0.0027799539999999734
05/16/2018 09:00,0.0002900499999998196
05/16/2018 10:00,-0.004279950000000143
05/16/2018 11:00,0.00764001000000003
05/16/2018 12:00,0.005070010000000069
05/16/2018 13:00,0.0009999800000000114
05/16/2018 14:00,-0.002970030000000068
05/16/2018 15:00,-0.008969979999999933
05/16/2018 16:00,-0.006760000000000099
05/16/2018 17:00,-0.002249949999999945
05/16/2018 18:00,0.008019970000000098
05/16/2018 19:00,-0.0038300099999999393
05/16/2018 20:00,0.003310040000000125
05/16/2018 21:00,0.006100040000000195
05/16/2018 22:00,-0.0021998999999999214
05/16/2018 23:00,0.0011500200000000849
05/17/2018 00:00,-0.0029700100000000784
05/17/2018 01:00,0.002910000000000079
05/17/2018 02:00,-0.0014399999999999968
05/17/2018 03:00,0.0027600000000000957
05/17/2018 04:00,0.001560010000000056
05/17/2018 05:00,0.001560010000000056
05/17/2018 06:00,-0.003840002000000009
05/17/2018 07:00,-0.009039979999999836
05/17/2018 08:00,-0.0034799899999999884
05/17/2018 09:00,-0.004930000000000101
05/17/2018 10:00,-0.004279990000000122
05/17/2018 11:00,-0.0003900000000001125
05/17/2018 12:00,-0.005670040000000043
05/17/2018 13:00,-0.009439999999999893
05/17/2018 14:00,0.0004900099999999297
05/17/2018 15:00,0.003119986000000019
05/17/2018 16:00,0.0032200300000000404
05/17/2018 17:00,-0.002250070000000104
05/17/2018 18:00,0.00010997000000001478
05/17/2018 19:00,-0.0005199499999999357
05/17/2018 20:00,0.003330040000000034
05/17/2018 21:00,0.005870000000000264
05/17/2018 22:00,-0.0014099499999999932
05/17/2018 23:00,0.006379980000000063
05/18/2018 00:00,0.006549979999999955
05/18/2018 01:00,-0.0034999900000000084
05/18/2018 02:00,0.0027600000000000957
05/18/2018 03:00,0.0027600000000000957
05/18/2018 04:00,0.001560010000000056
05/18/2018 05:00,0.0015600300000000455
05/18/2018 06:00,0.003959997000000048
05/18/2018 07:00,-0.0030100019999999006
05/18/2018 08:00,-0.004490000000000105
05/18/2018 09:00,-0.0037899699999996983
05/18/2018 10:00,-0.0018400400000002648
05/18/2018 11:00,0.006540100000000049
05/18/2018 12:00,-0.0011500400000001854
05/18/2018 13:00,-0.006069960000000041
05/18/2018 14:00,-0.002970000000000028
05/18/2018 15:00,0.0010200099999999601
05/18/2018 16:00,-0.006769999999999943
05/18/2018 17:00,-0.005229999999999957
05/18/2018 18:00,0.010100070000000017
05/18/2018 19:00,-0.0005100100000003938
05/18/2018 20:00,0.003319970000000172
05/18/2018 21:00,-0.003890000000000171
05/18/2018 22:00,-0.0037799599999999156
05/18/2018 23:00,-0.002169980000000016
05/19/2018 00:00,0.005610030000000044
05/19/2018 01:00,-0.0048699999999999855
05/19/2018 02:00,0.00331998
05/19/2018 03:00,0.00331998
05/19/2018 04:00,0.002109980000000067
05/19/2018 05:00,0.0021200300000000505
05/19/2018 06:00,-0.0054699829999999006
05/19/2018 07:00,-0.0024500019999998957
05/19/2018 08:00,0.005720010000000109
05/19/2018 09:00,-0.0003099719999999362
05/19/2018 10:00,-0.003920020000000024
05/19/2018 11:00,-0.0011000019999999333
05/19/2018 12:00,0.00718996999999999
05/19/2018 13:00,-0.003800010000000076
05/19/2018 14:00,0.0014299799999999419
05/19/2018 15:00,-0.003499970000000019
05/19/2018 16:00,0.002119939999999987
05/19/2018 17:00,-0.002450021999999996
05/19/2018 18:00,-0.0014299300000000237
05/19/2018 19:00,0.001899804000000227
05/19/2018 20:00,-0.0033499700000001464
05/19/2018 21:00,0.00499000000000005
05/19/2018 22:00,0.004619920000000333
05/19/2018 23:00,-0.004820040000000025
05/20/2018 00:00,-0.004219955999999914
05/20/2018 01:00,0.0068100300000000225
05/20/2018 02:00,-0.006679989999999969
05/20/2018 03:00,-0.00667994999999999
05/20/2018 04:00,-0.003560019999999997
05/20/2018 05:00,-0.006919979999999937
05/20/2018 06:00,-0.005909989999999921
05/20/2018 07:00,-0.00502999000000004
05/20/2018 08:00,-0.0042799599999999716
05/20/2018 09:00,-0.00029000199999998366
05/20/2018 10:00,-0.003920019999999996
05/20/2018 11:00,0.00047997999999999097
05/20/2018 12:00,0.005479990000000018
05/20/2018 13:00,0.006100009999999989
05/20/2018 14:00,0.004299969999999931
05/20/2018 15:00,-0.003000014000000051
05/20/2018 16:00,-0.0026800000000000157
05/20/2018 17:00,-0.0005700000000000705
05/20/2018 18:00,0.007419979999999993
05/20/2018 19:00,-0.0027299960000000123
05/20/2018 20:00,-0.0009800400000001819
05/20/2018 21:00,-0.006710000000000216
05/20/2018 22:00,-0.006519960000000102
05/20/2018 23:00,-0.0062299899999999075
05/21/2018 00:00,-0.0022599999999999287
05/21/2018 01:00,-0.0054099599999999914
05/21/2018 02:00,0.002760019999999974
05/21/2018 03:00,0.002760040000000019
05/21/2018 04:00,0.0015499800000000619
05/21/2018 05:00,-0.0006099199999999305
05/21/2018 06:00,-0.004729989999999962
05/21/2018 07:00,-0.002999991999999896
05/21/2018 08:00,0.003670000000000062
05/21/2018 09:00,0.0018699740000001075
05/21/2018 10:00,-0.00024000000000001798
05/21/2018 11:00,0.0018199899999999936
05/21/2018 12:00,-0.00541999999999998
05/21/2018 13:00,-0.004480029999999968
05/21/2018 14:00,-0.002969999999999917
05/21/2018 15:00,0.004360059999999999
05/21/2018 16:00,-0.0023100649999999723
05/21/2018 17:00,0.009149980000000002
05/21/2018 18:00,-0.007619949999999931
05/21/2018 19:00,-0.0018499799999999178
05/21/2018 20:00,0.0033299799999999546
05/21/2018 21:00,-0.003849999999999909
05/21/2018 22:00,0.004270000000000218
05/21/2018 23:00,-0.011379995999999948
05/22/2018 00:00,-0.0011900000000000244
05/22/2018 01:00,0.004579999999999973
05/22/2018 02:00,0.002760010000000035
05/22/2018 03:00,0.00275000000000003
05/22/2018 04:00,-0.007029999999999981
05/22/2018 05:00,-0.0050299799999999895
05/22/2018 06:00,-0.007759999999999989
05/22/2018 07:00,0.006360020000000244
05/22/2018 08:00,-0.003330040000000256
05/22/2018 09:00,0.00507000000000013
05/22/2018 10:00,-0.004289989999999966
05/22/2018 11:00,0.003229990000000016
05/22/2018 12:00,0.003170000000000006
05/22/2018 13:00,-0.005099949999999853
05/22/2018 14:00,0.0011200599999998673
05/22/2018 15:00,-0.0007599050000000052
05/22/2018 16:00,0.0015399799999999964
05/22/2018 17:00,0.00402006399999999
05/22/2018 18:00,-0.0026000660000000675
05/22/2018 19:00,0.009550033999999874
05/22/2018 20:00,0.0012299500000001462
05/22/2018 21:00,-0.00387000000000004
05/22/2018 22:00,-0.0006200399999998218
05/22/2018 23:00,0.00512014999999999
05/23/2018 00:00,-0.003569989999999912
05/23/2018 01:00,0.005739987999999974
05/23/2018 02:00,-0.007240000000000024
05/23/2018 03:00,-0.0072599700000000045
05/23/2018 04:00,-0.007029979999999991
05/23/2018 05:00,-0.0050399799999999995
05/23/2018 06:00,0.0058999960000000184
05/23/2018 07:00,-0.0049800000000000955
05/23/2018 08:00,0.0044000399999999384
05/23/2018 09:00,-0.0026999900000000965
05/23/2018 10:00,-0.004270029999999925
05/23/2018 11:00,-0.0067699900000000035
05/23/2018 12:00,-0.001169900000000057
05/23/2018 13:00,-0.0002400099999999572
05/23/2018 14:00,0.009880039999999868
05/23/2018 15:00,-0.0006399340000000642
05/23/2018 16:00,0.0027899599999999802
05/23/2018 17:00,-0.005190049999999946
05/23/2018 18:00,-0.0030499699999999574
05/23/2018 19:00,0.0034899299999999744
05/23/2018 20:00,7.002000000011499e-5
05/23/2018 21:00,-0.0032399600000001527
05/23/2018 22:00,-0.0037599899999999353
05/23/2018 23:00,-0.0021699799999999048
05/24/2018 00:00,-0.00682000599999999
05/24/2018 01:00,-0.003489999999999993
05/24/2018 02:00,0.0027499800000000407
05/24/2018 03:00,-0.007239999999999913
05/24/2018 04:00,-0.008439969999999963
05/24/2018 05:00,0.0015599800000000164
05/24/2018 06:00,0.003959997000000048
05/24/2018 07:00,-0.00497000000000003
05/24/2018 08:00,-0.005710023999999869
05/24/2018 09:00,0.0032199600000000217
05/24/2018 10:00,0.005739989999999917
05/24/2018 11:00,-0.0027199899999998944
05/24/2018 12:00,-0.006500000000000172
05/24/2018 13:00,-0.0002300100000000027
05/24/2018 14:00,0.005900000000000016
05/24/2018 15:00,0.0005600000000000049
05/24/2018 16:00,0.003689999999999971
05/24/2018 17:00,-0.0022600300000000795
05/24/2018 18:00,-0.0010001000000001703
05/24/2018 19:00,-0.0005100599999998678
05/24/2018 20:00,0.003330040000000256
05/24/2018 21:00,-0.0039000000000000146
05/24/2018 22:00,0.007490030000000036
05/24/2018 23:00,-0.004250015999999968
05/25/2018 00:00,-0.0011699999999999489
05/25/2018 01:00,0.0045799599999999385
05/25/2018 02:00,0.0027600000000000957
05/25/2018 03:00,-0.007239999999999913
05/25/2018 04:00,-0.008450029999999997
05/25/2018 05:00,0.002330069999999962
05/25/2018 06:00,0.000340000000000229
05/25/2018 07:00,-0.0018299999999999983
05/25/2018 08:00,-0.0036399899999997043
05/25/2018 09:00,0.005070039999999887
05/25/2018 10:00,-0.004269969999999956
05/25/2018 11:00,-0.006759889999999991
05/25/2018 12:00,0.0031599800000000067
05/25/2018 13:00,0.0066100300000000445
05/25/2018 14:00,0.0009900099999999856
05/25/2018 15:00,0.002159800000000045
05/25/2018 16:00,0.0005299999999999194
05/25/2018 17:00,-0.002259970000000111
05/25/2018 18:00,0.00010997000000001478
05/25/2018 19:00,0.009470029999999907
05/25/2018 20:00,-0.006660059999999746
05/25/2018 21:00,-0.0039000000000000146
05/25/2018 22:00,-0.000989979999999946
05/25/2018 23:00,0.007120000000000015
05/26/2018 00:00,-0.0010699899999999651
05/26/2018 01:00,0.005140010000000028
05/26/2018 02:00,-0.006680020000000009
05/26/2018 03:00,0.0033200000000001006
05/26/2018 04:00,0.006439980000000123
05/26/2018 05:00,0.0022599500000000106
05/26/2018 06:00,-0.0012699800000000039
05/26/2018 07:00,0.0011300200000001759
05/26/2018 08:00,0.0046399199999997975
05/26/2018 09:00,-0.0016999999999998128
05/26/2018 10:00,0.010129980000000094
05/26/2018 11:00,-0.003960010000000125
05/26/2018 12:00,-0.0028100499999998974
05/26/2018 13:00,-0.0038100099999998083
05/26/2018 14:00,0.0014300400000000213
05/26/2018 15:00,-0.006470003999999974
05/26/2018 16:00,0.000300000000000078
05/26/2018 17:00,-0.0034500049999999782
05/26/2018 18:00,-0.008120000000000016
05/26/2018 19:00,-0.005459970000000203
05/26/2018 20:00,0.0005999999999999339
05/26/2018 21:00,-0.005020059999999882
05/26/2018 22:00,-0.006519999999999859
05/26/2018 23:00,-0.004329970000000016
05/27/2018 00:00,-0.0006299900000000247
05/27/2018 01:00,-0.004840000000000011
05/27/2018 02:00,-0.006690019999999963
05/27/2018 03:00,0.00332001000000004
05/27/2018 04:00,0.003509989999999963
05/27/2018 05:00,-0.004789999999999961
05/27/2018 06:00,-0.0030500100000000474
05/27/2018 07:00,0.00284999000000008
05/27/2018 08:00,-0.0026899949999998896
05/27/2018 09:00,6.996999999997477e-5
05/27/2018 10:00,-0.006710020000000094
05/27/2018 11:00,-0.0005400299999999136
05/27/2018 12:00,0.002540010000000009
05/27/2018 13:00,0.006080009999999997
05/27/2018 14:00,-0.0021200499999999844
05/27/2018 15:00,-0.0009200099999999711
05/27/2018 16:00,0.0021200000000000108
05/27/2018 17:00,0.002820020000000034
05/27/2018 18:00,0.00011995999999991902
05/27/2018 19:00,0.004620039999999825
05/27/2018 20:00,-0.0039099199999999
05/27/2018 21:00,0.0032899700000001975
05/27/2018 22:00,-0.002209909999999926
05/27/2018 23:00,-0.002890000000000059
05/28/2018 00:00,-0.0007199899999998927
05/28/2018 01:00,-0.005409959999999936
05/28/2018 02:00,0.0027500100000000804
05/28/2018 03:00,0.0027600000000000957
05/28/2018 04:00,0.0015400200000000863
05/28/2018 05:00,0.0015600700000001355
05/28/2018 06:00,-0.0060400029999999605
05/28/2018 07:00,0.0003000149999998758
05/28/2018 08:00,-0.004340014999999919
05/28/2018 09:00,-0.008109965999999913
05/28/2018 10:00,-0.004620009999999897
05/28/2018 11:00,-0.0036799000000000692
05/28/2018 12:00,-0.007050029999999985
05/28/2018 13:00,0.003930040000000079
05/28/2018 14:00,-0.002980100000000152
05/28/2018 15:00,0.0010299300000000677
05/28/2018 16:00,-0.0021400100000000255
05/28/2018 17:00,0.0005700100000000097
05/28/2018 18:00,0.00011006000000013394
05/28/2018 19:00,-0.0005100100000001717
05/28/2018 20:00,0.003319970000000172
05/28/2018 21:00,0.006110099999999896
05/28/2018 22:00,-0.0021999999999999797
05/28/2018 23:00,0.0020599399999998713
05/29/2018 00:00,-0.0015000299999999855
05/29/2018 01:00,-0.007089939999999961
05/29/2018 02:00,-0.0072799699999999135
05/29/2018 03:00,-0.007239999999999913
05/29/2018 04:00,0.001560010000000056
05/29/2018 05:00,0.0015600000000001168
05/29/2018 06:00,0.003959997000000048
05/29/2018 07:00,-0.0007799400000001455
05/29/2018 08:00,0.003090030000000077
05/29/2018 09:00,-0.0008899900000001182
05/29/2018 10:00,-0.007060000000000066
05/29/2018 11:00,0.010389949999999981
05/29/2018 12:00,-0.004089999999999927
05/29/2018 13:00,0.003950029999999938
05/29/2018 14:00,-0.0029799500000000645
05/29/2018 15:00,0.0010300200000000759
05/29/2018 16:00,0.00038010000000010535
05/29/2018 17:00,-0.0035900999999998184
05/29/2018 18:00,8.999999999970143e-5
05/29/2018 19:00,-0.0005299100000000223
05/29/2018 20:00,-0.006670049999999872
05/29/2018 21:00,-0.00387000000000004
05/29/2018 22:00,0.006229980000000079
05/29/2018 23:00,-0.002940049999999861
05/30/2018 00:00,-0.0011800199999999483
05/30/2018 01:00,0.004590039999999962
05/30/2018 02:00,-0.007249959999999889
05/30/2018 03:00,0.0027599600000000057
05/30/2018 04:00,0.0015500000000000513
05/30/2018 05:00,0.0015599700000000771
05/30/2018 06:00,0.003959997000000048
05/30/2018 07:00,0.0011099700000001267
05/30/2018 08:00,-7.997999999975747e-5
05/30/2018 09:00,-0.0027899799999999697
05/30/2018 10:00,-0.0019599999999999618
05/30/2018 11:00,0.0032300100000000054
05/30/2018 12:00,-0.0011600000000000499
05/30/2018 13:00,0.003940000000000055
05/30/2018 14:00,-0.0029700300000000124
05/30/2018 15:00,0.0010200399999999998
05/30/2018 16:00,-0.0021700000000001163
05/30/2018 17:00,0.0023100350000000436
05/30/2018 18:00,-0.0026099960000001143
05/30/2018 19:00,-0.00045999600000001806
05/30/2018 20:00,0.007209999999999939
05/30/2018 21:00,-0.00026991999999981253
05/30/2018 22:00,-0.0013999900000001286
05/30/2018 23:00,-0.0021799999999999597
05/31/2018 00:00,-0.0013399599999996958
05/31/2018 01:00,-0.002720019999999934
05/31/2018 02:00,-0.007239999999999913
05/31/2018 03:00,-0.007239989999999974
05/31/2018 04:00,0.001550030000000091
05/31/2018 05:00,-0.004940002999999971
05/31/2018 06:00,0.003959997000000048
05/31/2018 07:00,0.0005500549999999382
05/31/2018 08:00,-0.0006999899999999837
05/31/2018 09:00,0.002120019999999889
05/31/2018 10:00,-0.004100020000000093
05/31/2018 11:00,7.001999999989295e-5
05/31/2018 12:00,-0.0011599999999999944
05/31/2018 13:00,0.003950029999999938
05/31/2018 14:00,0.004030030000000018
05/31/2018 15:00,0.0019100499999999965
05/31/2018 16:00,-0.006770039999999922
05/31/2018 17:00,-0.0022400000000000198
05/31/2018 18:00,0.0001099400000001971
05/31/2018 19:00,0.006239950000000105
05/31/2018 20:00,-0.002789999999999959
05/31/2018 21:00,-0.0035098999999998437
05/31/2018 22:00,-0.0014299200000000845
05/31/2018 23:00,-0.0014000159999999484
06/01/2018 00:00,-0.011199989999999826
06/01/2018 01:00,0.0034100169999999874
06/01/2018 02:00,0.0017199400000000864
06/01/2018 03:00,0.0016999700000001061
06/01/2018 04:00,0.0005600000000000049
06/01/2018 05:00,0.0005700500000000996
06/01/2018 06:00,-0.00668999299999995
06/01/2018 07:00,2.00299999999487e-5
06/01/2018 08:00,-0.0029599600000000947
06/01/2018 09:00,-0.0009299599999998964
06/01/2018 10:00,0.002149989999999935
06/01/2018 11:00,0.003159970000000012
06/01/2018 12:00,0.0006399939999999216
06/01/2018 13:00,-0.004159960000000074
06/01/2018 14:00,-0.00643003999999997
06/01/2018 15:00,-0.003010014999999977
06/01/2018 16:00,-0.002940034999999952
06/01/2018 17:00,-0.001429899999999984
06/01/2018 18:00,0.001560049999999924
06/01/2018 19:00,0.00378999999999996
06/01/2018 20:00,-0.0027000700000001654
06/01/2018 21:00,-0.005129929999999838
06/01/2018 22:00,-0.0010799800000003135
06/01/2018 23:00,0.005169969999999968
06/02/2018 00:00,0.008059990000000017
06/02/2018 01:00,0.003970007000000053
06/02/2018 02:00,-0.007729969999999975
06/02/2018 03:00,-0.007720039999999928
06/02/2018 04:00,-0.008869979999999944
06/02/2018 05:00,-0.0023499599999999843
06/02/2018 06:00,-0.0001500300000000232
06/02/2018 07:00,0.003409989999999974
06/02/2018 08:00,0.011430016000000043
06/02/2018 09:00,0.004399975999999972
06/02/2018 10:00,-0.0005199899999999147
06/02/2018 11:00,0.002920100000000314
06/02/2018 12:00,0.003169989999999956
06/02/2018 13:00,0.0015199900000000266
06/02/2018 14:00,0.00014002000000001846
06/02/2018 15:00,-0.00020005000000000717
06/02/2018 16:00,0.00587001999999992
06/02/2018 17:00,-0.0007000000000000339
06/02/2018 18:00,0.0014700600000000508
06/02/2018 19:00,-0.0005399999999999849
06/02/2018 20:00,0.0004900799999998373
06/02/2018 21:00,-0.006199999999999983
06/02/2018 22:00,0.006110040000000039
06/02/2018 23:00,0.002240050000000049
06/03/2018 00:00,0.0005100040000000083
06/03/2018 01:00,-0.005379980000000062
06/03/2018 02:00,0.002249950000000056
06/03/2018 03:00,0.0022800200000000492
06/03/2018 04:00,0.0011400300000000696
06/03/2018 05:00,0.0011200400000000998
06/03/2018 06:00,0.0034199970000000635
06/03/2018 07:00,0.006280000000000063
06/03/2018 08:00,0.0018199999999999328
06/03/2018 09:00,-0.004370049999999903
06/03/2018 10:00,0.00538002999999998
06/03/2018 11:00,-0.00022996299999988867
06/03/2018 12:00,0.0047699869999999756
06/03/2018 13:00,0.005390010000000001
06/03/2018 14:00,-0.0033399899999999594
06/03/2018 15:00,-0.0027500849999999577
06/03/2018 16:00,0.0002599000000000906
06/03/2018 17:00,-0.0046700000000000075
06/03/2018 18:00,0.0021100300000000405
06/03/2018 19:00,0.004389989999999955
06/03/2018 20:00,-0.009509950000000211
06/03/2018 21:00,0.0008000299999999516
06/03/2018 22:00,-0.0010599099999999417
06/03/2018 23:00,0.0001200049999999786
06/04/2018 00:00,-0.0020899699999999966
06/04/2018 01:00,-0.006600022999999955
06/04/2018 02:00,-0.008300029999999903
06/04/2018 03:00,0.0017100200000000898
06/04/2018 04:00,0.0005799900000000857
06/04/2018 05:00,0.0005599800000001265
06/04/2018 06:00,0.0028399870000000993
06/04/2018 07:00,0.0019799800000001033
06/04/2018 08:00,-0.0012499200000000155
06/04/2018 09:00,-0.008199960000000228
06/04/2018 10:00,-0.003349960000000207
06/04/2018 11:00,0.0015199999999999658
06/04/2018 12:00,-0.0067999700000000995
06/04/2018 13:00,-0.0017299699999999696
06/04/2018 14:00,0.0044200399999999584
06/04/2018 15:00,-0.004510069999999922
06/04/2018 16:00,-0.0020399800000000523
06/04/2018 17:00,0.000579959999999935
06/04/2018 18:00,0.0015499200000000934
06/04/2018 19:00,-0.0005199700000000362
06/04/2018 20:00,-0.003279889999999952
06/04/2018 21:00,-0.002400010000000119
06/04/2018 22:00,-0.008840080000000139
06/04/2018 23:00,-0.001100009999999818
06/05/2018 00:00,0.0024099300000000046
06/05/2018 01:00,0.003320019999999979
06/05/2018 02:00,0.005419968000000108
06/05/2018 03:00,0.0017100200000000898
06/05/2018 04:00,0.0005699900000001312
06/05/2018 05:00,0.0005800500000000541
06/05/2018 06:00,0.003320017000000064
06/05/2018 07:00,0.002650000000000041
06/05/2018 08:00,-0.004099960000000014
06/05/2018 09:00,-0.0007599439999999014
06/05/2018 10:00,0.002160060000000019
06/05/2018 11:00,-0.0027200000000000557
06/05/2018 12:00,0.0030899399999999577
06/05/2018 13:00,-0.0018599800000000943
06/05/2018 14:00,0.004239940000000053
06/05/2018 15:00,0.002549949999999912
06/05/2018 16:00,-0.0020600400000000407
06/05/2018 17:00,0.0005800000000000249
06/05/2018 18:00,0.0005300500000000596
06/05/2018 19:00,0.0037999600000000466
06/05/2018 20:00,0.0072999300000000655
06/05/2018 21:00,-0.0026599099999997655
06/05/2018 22:00,-0.00602998999999993
06/05/2018 23:00,0.0026000000000000467
06/06/2018 00:00,-0.002520019999999956
06/06/2018 01:00,-0.007970020000000022
06/06/2018 02:00,0.0017200000000000548
06/06/2018 03:00,0.0017000300000000745
06/06/2018 04:00,0.0010700200000001159
06/06/2018 05:00,0.0025399620000000622
06/06/2018 06:00,-0.001400009999999896
06/06/2018 07:00,9.949999999925296e-6
06/06/2018 08:00,-0.0037999900000000864
06/06/2018 09:00,-0.0011399999999999189
06/06/2018 10:00,-0.001049980000000117
06/06/2018 11:00,0.010809999999999986
06/06/2018 12:00,0.0030900099999999764
06/06/2018 13:00,-0.0018700000000000383
06/06/2018 14:00,0.0013199699999999481
06/06/2018 15:00,0.005479950000000011
06/06/2018 16:00,-0.0020600099999999455
06/06/2018 17:00,0.0005799999999999139
06/06/2018 18:00,0.0005299599999999405
06/06/2018 19:00,-0.009560050000000153
06/06/2018 20:00,0.007300019999999963
06/06/2018 21:00,0.0019401299999999289
06/06/2018 22:00,-0.001829949999999858
06/06/2018 23:00,-0.0019700000000000273
06/07/2018 00:00,-0.0049599999999999644
06/07/2018 01:00,0.0033999970000000435
06/07/2018 02:00,-0.008299969999999934
06/07/2018 03:00,0.00170999000000005
06/07/2018 04:00,0.0005900000000000905
06/07/2018 05:00,0.0005600200000001054
06/07/2018 06:00,0.0004900239999998668
06/07/2018 07:00,0.002020050000000051
06/07/2018 08:00,-0.010020059999999997
06/07/2018 09:00,0.005259900000000428
06/07/2018 10:00,-0.008810000000000207
06/07/2018 11:00,-0.012819970000000014
06/07/2018 12:00,0.0031000399999999706
06/07/2018 13:00,-0.002320029999999973
06/07/2018 14:00,-0.005639979999999989
06/07/2018 15:00,0.0032400100000000154
06/07/2018 16:00,0.0038699700000000004
06/07/2018 17:00,0.0020100199999999457
06/07/2018 18:00,0.0014600000000000168
06/07/2018 19:00,0.00522005999999986
06/07/2018 20:00,-0.002729990000000182
06/07/2018 21:00,0.011929980000000118
06/07/2018 22:00,-0.0018299999999997763
06/07/2018 23:00,0.0026199600000000878
06/08/2018 00:00,-0.0021400159999999113
06/08/2018 01:00,-0.0066600099999999385
06/08/2018 02:00,-0.008380012999999908
06/08/2018 03:00,-0.008300029999999903
06/08/2018 04:00,0.0010700000000000154
06/08/2018 05:00,0.0025200220000000106
06/08/2018 06:00,0.003890040000000039
06/08/2018 07:00,0.005360030000000071
06/08/2018 08:00,0.00503000000000009
06/08/2018 09:00,0.004749990000000093
06/08/2018 10:00,-0.00042000000000008697
06/08/2018 11:00,-0.002830040000000089
06/08/2018 12:00,0.006480000000000041
06/08/2018 13:00,-0.0046599999999999975
06/08/2018 14:00,-0.00045000000000006146
06/08/2018 15:00,4.0030000000079724e-5
06/08/2018 16:00,-0.0013700500000000115
06/08/2018 17:00,-0.004439984000000008
06/08/2018 18:00,-0.005630049999999942
06/08/2018 19:00,0.0009099999999998554
06/08/2018 20:00,0.0032200400000002016
06/08/2018 21:00,0.0017300000000000093
06/08/2018 22:00,0.002920009999999973
06/08/2018 23:00,0.008939990000000009
06/09/2018 00:00,-0.00178997599999986
06/09/2018 01:00,-0.005040020000000034
06/09/2018 02:00,0.0030200070000000467
06/09/2018 03:00,0.003899980000000025
06/09/2018 04:00,0.0024100000000000232
06/09/2018 05:00,-0.0005399769999999693
06/09/2018 06:00,-0.00015997999999983747
06/09/2018 07:00,0.001340010000000058
06/09/2018 08:00,0.0018199999999999328
06/09/2018 09:00,0.004409996000000138
06/09/2018 10:00,0.0037399999999999656
06/09/2018 11:00,0.00561995000000004
06/09/2018 12:00,-0.00492999999999999
06/09/2018 13:00,0.005380030000000008
06/09/2018 14:00,0.0020799799999999813
06/09/2018 15:00,0.004319964999999981
06/09/2018 16:00,0.0019099949999999977
06/09/2018 17:00,0.0019899999999999363
06/09/2018 18:00,0.0014599299999999982
06/09/2018 19:00,-0.0005100000000000104
06/09/2018 20:00,0.000489980000000001
06/09/2018 21:00,0.0008200300000000826
06/09/2018 22:00,0.004139980000000154
06/09/2018 23:00,0.0017099800000001109
06/10/2018 00:00,-0.001979969999999942
06/10/2018 01:00,-0.006040002999999988
06/10/2018 02:00,0.0022499999999999742
06/10/2018 03:00,0.002270030000000034
06/10/2018 04:00,0.001590030000000131
06/10/2018 05:00,-0.0005399470000000406
06/10/2018 06:00,-9.001000000008474e-5
06/10/2018 07:00,0.004460020000000009
06/10/2018 08:00,0.002969989999999978
06/10/2018 09:00,-0.005609974000000184
06/10/2018 10:00,0.005749990000000094
06/10/2018 11:00,-0.00021995299999988394
06/10/2018 12:00,0.004769987000000003
06/10/2018 13:00,0.005389979999999989
06/10/2018 14:00,0.00707996700000002
06/10/2018 15:00,-0.0017299699999999973
06/10/2018 16:00,-4.005999999995291e-5
06/10/2018 17:00,-0.006669959999999975
06/10/2018 18:00,0.003049960000000018
06/10/2018 19:00,0.005039929999999915
06/10/2018 20:00,0.000509980000000132
06/10/2018 21:00,-0.0011099999999999444
06/10/2018 22:00,0.005729970000000195
06/10/2018 23:00,0.004900029999999944
06/11/2018 00:00,-0.0020800199999999602
06/11/2018 01:00,-0.0065899830000000215
06/11/2018 02:00,0.00170999000000005
06/11/2018 03:00,0.0016999900000000956
06/11/2018 04:00,-0.009440009999999943
06/11/2018 05:00,0.0005700400000000494
06/11/2018 06:00,-0.0009199800000001535
06/11/2018 07:00,-0.005340030000000162
06/11/2018 08:00,0.005899949999999876
06/11/2018 09:00,0.0047499800000001535
06/11/2018 10:00,-0.010399980000000086
06/11/2018 11:00,-0.0028000299999999534
06/11/2018 12:00,0.0030799500000000535
06/11/2018 13:00,0.007030000000000092
06/11/2018 14:00,0.0015800000000001369
06/11/2018 15:00,-0.004510000000000014
06/11/2018 16:00,0.0008800499999999101
06/11/2018 17:00,-0.002369939999999904
06/11/2018 18:00,-0.00294995000000009
06/11/2018 19:00,0.003799899999999967
06/11/2018 20:00,-0.002740019999999843
06/11/2018 21:00,0.0019399999999998307
06/11/2018 22:00,-0.001829900000000162
06/11/2018 23:00,-0.009460049999999942
06/12/2018 00:00,-0.002130016000000068
06/12/2018 01:00,-0.006660039999999978
06/12/2018 02:00,0.0018999469999999574
06/12/2018 03:00,-0.006999990000000067
06/12/2018 04:00,0.0013500000000000734
06/12/2018 05:00,0.0005600000000000049
06/12/2018 06:00,0.0028399870000000993
06/12/2018 07:00,0.0019799999999998708
06/12/2018 08:00,0.0028599900000000344
06/12/2018 09:00,-0.01076002400000009
06/12/2018 10:00,0.0021599999999999397
06/12/2018 11:00,0.0031499799999998856
06/12/2018 12:00,0.0071800100000001255
06/12/2018 13:00,-0.0018899699999996855
06/12/2018 14:00,-0.002309950000000005
06/12/2018 15:00,-0.0003000100000000172
06/12/2018 16:00,-0.002049989999999946
06/12/2018 17:00,0.0007399999999999629
06/12/2018 18:00,0.0005299900000002022
06/12/2018 19:00,-0.006210000000000049
06/12/2018 20:00,0.007289920000000061
06/12/2018 21:00,0.0019400000000000528
06/12/2018 22:00,-0.006849979999999922
06/12/2018 23:00,0.006949995000000042
06/13/2018 00:00,-0.0025299699999999925
06/13/2018 01:00,-0.004119989999999962
06/13/2018 02:00,0.0019099670000001234
06/13/2018 03:00,0.0021200400000001007
06/13/2018 04:00,0.0005700000000000705
06/13/2018 05:00,0.0005600000000000049
06/13/2018 06:00,0.0028399970000000385
06/13/2018 07:00,0.005720000000000058
06/13/2018 08:00,-0.009009980000000084
06/13/2018 09:00,0.0006200500000002052
06/13/2018 10:00,0.009569979999999978
06/13/2018 11:00,0.007160000000000055
06/13/2018 12:00,0.0030899699999999974
06/13/2018 13:00,-0.0018699999999999273
06/13/2018 14:00,0.0013099999999999223
06/13/2018 15:00,0.005479999999999985
06/13/2018 16:00,0.0017200199999999333
06/13/2018 17:00,-0.002089960000000002
06/13/2018 18:00,-0.0023400399999997656
06/13/2018 19:00,-0.006219999999999892
06/13/2018 20:00,-0.002710079999999948
06/13/2018 21:00,-0.0026600299999999244
06/13/2018 22:00,-0.006010019999999949
06/13/2018 23:00,0.0026100100000000515
06/14/2018 00:00,-0.002549999999999941
06/14/2018 01:00,0.0034100169999999874
06/14/2018 02:00,-0.00828998000000003
06/14/2018 03:00,0.0016999899999999846
06/14/2018 04:00,-0.008919959999999949
06/14/2018 05:00,-0.004069952000000043
06/14/2018 06:00,0.0030699979999999627
06/14/2018 07:00,0.0019700100000000775
06/14/2018 08:00,0.008360020000000024
06/14/2018 09:00,-0.00927000999999994
06/14/2018 10:00,0.005850026000000008
06/14/2018 11:00,-0.006840069999999976
06/14/2018 12:00,0.007179979999999975
06/14/2018 13:00,-0.0018700499999999565
06/14/2018 14:00,0.0013400300000000476
06/14/2018 15:00,0.00652001999999996
06/14/2018 16:00,0.01086005000000001
06/14/2018 17:00,-0.008649999999999824
06/14/2018 18:00,-0.0013300400000000323
06/14/2018 19:00,0.0017198999999998854
06/14/2018 20:00,0.0032399999999999096
06/14/2018 21:00,-0.0031500199999999756
06/14/2018 22:00,-0.0022000300000000195
06/14/2018 23:00,0.0026100099999999404
06/15/2018 00:00,-0.0028699699999999995
06/15/2018 01:00,0.0008799980000000485
06/15/2018 02:00,-0.008289979999999919
06/15/2018 03:00,-0.008299999999999974
06/15/2018 04:00,0.0039900200000000385
06/15/2018 05:00,0.0065601329999998015
06/15/2018 06:00,0.000260000000000038
06/15/2018 07:00,0.006270020000000098
06/15/2018 08:00,0.0061900299999999575
06/15/2018 09:00,-0.00936997000000006
06/15/2018 10:00,-0.0015200040000000192
06/15/2018 11:00,-0.0009600000000000719
06/15/2018 12:00,0.007489989999999946
06/15/2018 13:00,0.004550009999999993
06/15/2018 14:00,0.011329949999999922
06/15/2018 15:00,0.005479999999999929
06/15/2018 16:00,-0.00205004999999997
06/15/2018 17:00,0.010570039999999947
06/15/2018 18:00,0.0005199799999997534
06/15/2018 19:00,-0.006219999999999892
06/15/2018 20:00,-0.0027099600000000112
06/15/2018 21:00,0.001930030000000249
06/15/2018 22:00,-0.011569999999999858
06/15/2018 23:00,-0.0024900999999999396
06/16/2018 00:00,0.007569979999999976
06/16/2018 01:00,0.003980017000000058
06/16/2018 02:00,0.0022699999999999942
06/16/2018 03:00,0.0022600200000000292
06/16/2018 04:00,0.0011299900000000251
06/16/2018 05:00,0.0011200700000000285
06/16/2018 06:00,0.003409997000000109
06/16/2018 07:00,0.002629990000000082
06/16/2018 08:00,0.002079960000000103
06/16/2018 09:00,-0.007579964999999911
06/16/2018 10:00,0.0030700340000000548
06/16/2018 11:00,0.0027699300000000315
06/16/2018 12:00,0.00437000999999998
06/16/2018 13:00,-0.002909975000000009
06/16/2018 14:00,0.0062899899999999676
06/16/2018 15:00,-0.0017500299999999858
06/16/2018 16:00,-2.0000000000020002e-5
06/16/2018 17:00,0.0026599800000002283
06/16/2018 18:00,-0.007900070000000037
06/16/2018 19:00,-0.0011299999999998533
06/16/2018 20:00,0.004489919999999925
06/16/2018 21:00,-0.0036200299999999963
06/16/2018 22:00,-0.0039000299999998322
06/16/2018 23:00,-0.0011600299999998676
06/17/2018 00:00,0.003959979999999974
06/17/2018 01:00,-0.003549999999999942
06/17/2018 02:00,0.0033999900000000194
06/17/2018 03:00,-0.006120020000000004
06/17/2018 04:00,0.0016900399999999483
06/17/2018 05:00,0.001140030000000014
06/17/2018 06:00,0.00010001000000003923
06/17/2018 07:00,-0.006599999999999939
06/17/2018 08:00,0.0041799999999999615
06/17/2018 09:00,-0.004169999999999896
06/17/2018 10:00,0.0004100000000002435
06/17/2018 11:00,0.005970000000000253
06/17/2018 12:00,0.003320009999999929
06/17/2018 13:00,-0.0001000000000000445
06/17/2018 14:00,-0.004240009999999961
06/17/2018 15:00,-0.0068699899999999925
06/17/2018 16:00,-0.006950009999999951
06/17/2018 17:00,0.0009000000000001229
06/17/2018 18:00,6.0060000000028424e-5
06/17/2018 19:00,-0.010509979999999919
06/17/2018 20:00,-0.00510991999999999
06/17/2018 21:00,0.0068499500000001046
06/17/2018 22:00,0.004110069999999855
06/17/2018 23:00,-0.0019500100000000575
06/18/2018 00:00,-0.0020999700000000066
06/18/2018 01:00,-0.006599992999999971
06/18/2018 02:00,0.001699969999999995
06/18/2018 03:00,0.0017100200000000343
06/18/2018 04:00,0.0005699800000000255
06/18/2018 05:00,0.007280010000000003
06/18/2018 06:00,-0.00035002000000006195
06/18/2018 07:00,0.01197999999999999
06/18/2018 08:00,-0.0023500000000000743
06/18/2018 09:00,0.0006200199999999434
06/18/2018 10:00,-0.0027200400000000347
06/18/2018 11:00,0.00391003000000012
06/18/2018 12:00,-0.0067899899999999125
06/18/2018 13:00,0.005430000000000046
06/18/2018 14:00,0.0009100000000001884
06/18/2018 15:00,-0.0045199999999998575
06/18/2018 16:00,0.004590039999999962
06/18/2018 17:00,0.003169959999999916
06/18/2018 18:00,-0.0013199999999997658
06/18/2018 19:00,-0.0031400299999999604
06/18/2018 20:00,-0.0013399699999998571
06/18/2018 21:00,0.0019301300000000854
06/18/2018 22:00,-0.0018100500000000075
06/18/2018 23:00,0.0005499700000000107
06/19/2018 00:00,-0.0021399859999998716
06/19/2018 01:00,0.0008900080000000532
06/19/2018 02:00,0.001709989999999939
06/19/2018 03:00,0.001709989999999939
06/19/2018 04:00,0.0005800200000000144
06/19/2018 05:00,0.0005700599999999834
06/19/2018 06:00,0.002840017000000028
06/19/2018 07:00,0.0044100200000001255
06/19/2018 08:00,-0.0018399399999999844
06/19/2018 09:00,0.0018100000000000893
06/19/2018 10:00,0.001699969999999995
06/19/2018 11:00,-0.0028299800000000097
06/19/2018 12:00,0.003110010000000052
06/19/2018 13:00,0.00813003999999995
06/19/2018 14:00,0.0013300400000000323
06/19/2018 15:00,0.0011699699999999646
06/19/2018 16:00,0.0017099700000000606
06/19/2018 17:00,0.000560000000000116
06/19/2018 18:00,-0.009459930000000005
06/19/2018 19:00,0.005149900000000152
06/19/2018 20:00,0.0042200000000001125
06/19/2018 21:00,-0.008069870000000146
06/19/2018 22:00,-0.0018100000000000893
06/19/2018 23:00,-0.009449969999999919
06/20/2018 00:00,-0.004960030000000004
06/20/2018 01:00,-0.006599992999999971
06/20/2018 02:00,0.0016999700000000506
06/20/2018 03:00,-0.008279979999999965
06/20/2018 04:00,-0.009429999999999938
06/20/2018 05:00,0.0005900200000000799
06/20/2018 06:00,0.003340017000000084
06/20/2018 07:00,-0.007050000000000001
06/20/2018 08:00,0.007289999999999797
06/20/2018 09:00,-0.009390019999999888
06/20/2018 10:00,-0.0004199999999998649
06/20/2018 11:00,-0.00284994999999999
06/20/2018 12:00,-0.003979990000000044
06/20/2018 13:00,-0.0046199999999998465
06/20/2018 14:00,0.001340029999999992
06/20/2018 15:00,0.0027599499999999555
06/20/2018 16:00,-0.005890055000000061
06/20/2018 17:00,-0.003520019999999957
06/20/2018 18:00,-0.002930040000000078
06/20/2018 19:00,-0.006219949999999974
06/20/2018 20:00,2.998000000009604e-5
06/20/2018 21:00,-0.008270019999999989
06/20/2018 22:00,-0.007079989999999925
06/20/2018 23:00,0.005180039999999941
06/21/2018 00:00,-0.002140036000000012
06/21/2018 01:00,0.003320019999999979
06/21/2018 02:00,0.005410008000000022
06/21/2018 03:00,0.0017199999999999993
06/21/2018 04:00,0.0005600199999999944
06/21/2018 05:00,0.008510053000000073
06/21/2018 06:00,-0.00036000000000002697
06/21/2018 07:00,-0.007639999999999869
06/21/2018 08:00,0.0041100199999999365
06/21/2018 09:00,-0.003970003999999916
06/21/2018 10:00,0.0031799900000000214
06/21/2018 11:00,0.008769970000000127
06/21/2018 12:00,0.003100010000000042
06/21/2018 13:00,-0.001850029999999947
06/21/2018 14:00,-0.0023100099999999735
06/21/2018 15:00,-0.0030300250000000473
06/21/2018 16:00,0.0017000599999998922
06/21/2018 17:00,-0.0030200000000000227
06/21/2018 18:00,-0.003729960000000032
06/21/2018 19:00,0.0037800000000001166
06/21/2018 20:00,0.007289919999999839
06/21/2018 21:00,0.001950030000000158
06/21/2018 22:00,-0.003699889999999817
06/21/2018 23:00,-0.008810004999999954
06/22/2018 00:00,-0.002539989999999992
06/22/2018 01:00,-0.005520009999999909
06/22/2018 02:00,0.0019000070000000369
06/22/2018 03:00,0.0030099399999999887
06/22/2018 04:00,0.0013599900000000886
06/22/2018 05:00,0.010580049999999952
06/22/2018 06:00,-0.00716001299999991
06/22/2018 07:00,-0.006949940000000154
06/22/2018 08:00,-0.0012600000000000389
06/22/2018 09:00,-0.013730019999999898
06/22/2018 10:00,-0.0004100199999998999
06/22/2018 11:00,0.0008200439999999087
06/22/2018 12:00,-0.0027099699999999505
06/22/2018 13:00,0.00396998000000004
06/22/2018 14:00,-0.0016800299999999435
06/22/2018 15:00,0.0012699700000000091
06/22/2018 16:00,0.004279919999999993
06/22/2018 17:00,-0.005339940000000043
06/22/2018 18:00,0.0005300100000000807
06/22/2018 19:00,-0.0062300300000002196
06/22/2018 20:00,-0.0027200400000000347
06/22/2018 21:00,-0.008069969999999982
06/22/2018 22:00,0.008180060000000156
06/22/2018 23:00,-0.002799969999999874
06/23/2018 00:00,0.004439950000000081
06/23/2018 01:00,0.003980017000000058
06/23/2018 02:00,-0.00772000000000006
06/23/2018 03:00,-0.007729999999999904
06/23/2018 04:00,0.0011199800000000204
06/23/2018 05:00,0.0011300500000001046
06/23/2018 06:00,0.003400017000000033
06/23/2018 07:00,0.006280020000000053
06/23/2018 08:00,-0.005429999999999935
06/23/2018 09:00,-0.004189999999999916
06/23/2018 10:00,-0.0034299799999999436
06/23/2018 11:00,0.005609969999999964
06/23/2018 12:00,0.0007899650000000591
06/23/2018 13:00,0.001710000000000017
06/23/2018 14:00,-0.0029199729999999646
06/23/2018 15:00,-0.0017500299999999858
06/23/2018 16:00,0.001140030000000014
06/23/2018 17:00,0.006280020000000053
06/23/2018 18:00,0.003170000000000006
06/23/2018 19:00,-0.00019999999999997797
06/23/2018 20:00,-0.0095000799999998
06/23/2018 21:00,0.0008200300000000826
06/23/2018 22:00,0.004100049999999911
06/23/2018 23:00,-0.003109999999999946
06/24/2018 00:00,-0.009489996
06/24/2018 01:00,-0.005349970000000037
06/24/2018 02:00,0.0022600200000000292
06/24/2018 03:00,0.0022699700000000655
06/24/2018 04:00,0.0011299900000000251
06/24/2018 05:00,0.0011300500000001046
06/24/2018 06:00,-0.006600032999999894
06/24/2018 07:00,-0.006860019999999967
06/24/2018 08:00,0.0014199860000000397
06/24/2018 09:00,0.0012700199999999828
06/24/2018 10:00,0.0043800400000000295
06/24/2018 11:00,0.003019984000000031
06/24/2018 12:00,-0.005620010000000009
06/24/2018 13:00,0.0034000160000000057
06/24/2018 14:00,-0.0012499900000000341
06/24/2018 15:00,-0.0020299599999999973
06/24/2018 16:00,-0.0021700000000000053
06/24/2018 17:00,0.003309999999999924
06/24/2018 18:00,-0.002729999999999899
06/24/2018 19:00,-0.0005000600000000244
06/24/2018 20:00,0.002079930000000063
06/24/2018 21:00,0.0055400499999997965
06/24/2018 22:00,-0.007749999999999924
06/24/2018 23:00,0.001830005000000079
06/25/2018 00:00,-0.0021100000000000563
06/25/2018 01:00,0.0034000069999999827
06/25/2018 02:00,-0.008290009999999959
06/25/2018 03:00,-0.008280029999999994
06/25/2018 04:00,0.0005799899999999747
06/25/2018 05:00,0.0005600200000001054
06/25/2018 06:00,0.013319957000000104
06/25/2018 07:00,-0.006330049999999865
06/25/2018 08:00,-0.0023300000000001653
06/25/2018 09:00,0.0003500199999999509
06/25/2018 10:00,-0.004100020000000093
06/25/2018 11:00,0.007169960000000031
06/25/2018 12:00,0.0030999800000000577
06/25/2018 13:00,0.008139959999999835
06/25/2018 14:00,0.0013299999999999423
06/25/2018 15:00,0.005479999999999929
06/25/2018 16:00,-0.002030029999999794
06/25/2018 17:00,0.0005799999999998029
06/25/2018 18:00,0.0005299899999999802
06/25/2018 19:00,-0.006219999999999892
06/25/2018 20:00,0.0072799300000001566
06/25/2018 21:00,-0.0016500000000001513
06/25/2018 22:00,0.003309960000000167
06/25/2018 23:00,0.011899919999999842
06/26/2018 00:00,0.00775999000000005
06/26/2018 01:00,-0.006289979999999917
06/26/2018 02:00,0.002540017000000061
06/26/2018 03:00,0.002789999999999959
06/26/2018 04:00,0.001080000000000081
06/26/2018 05:00,-0.0007600370000000467
06/26/2018 06:00,0.0002599899999998767
06/26/2018 07:00,0.003670000000000062
06/26/2018 08:00,-0.00611000000000006
06/26/2018 09:00,-0.008209999999999829
06/26/2018 10:00,-0.003349999999999742
06/26/2018 11:00,0.0015300000000000313
06/26/2018 12:00,0.003209959999999956
06/26/2018 13:00,0.0027999599999999347
06/26/2018 14:00,0.0013400599999999763
06/26/2018 15:00,-0.004520080000000037
06/26/2018 16:00,-0.002060010000000112
06/26/2018 17:00,-0.009429959999999848
06/26/2018 18:00,0.0007099100000003133
06/26/2018 19:00,-0.00620993000000003
06/26/2018 20:00,-0.0027099600000000112
06/26/2018 21:00,0.0019299800000001088
06/26/2018 22:00,0.005730120000000172
06/26/2018 23:00,-0.009609984000000016
06/27/2018 00:00,-0.002540019999999976
06/27/2018 01:00,0.003420017000000053
06/27/2018 02:00,0.0016899600000001014
06/27/2018 03:00,0.0017100200000000898
06/27/2018 04:00,0.0005600200000001054
06/27/2018 05:00,0.0005800200000000144
06/27/2018 06:00,0.0038899799999999596
06/27/2018 07:00,-0.004350000000000076
06/27/2018 08:00,-0.004110000000000058
06/27/2018 09:00,-0.0007499840000000368
06/27/2018 10:00,0.008260010000000095
06/27/2018 11:00,0.0015301200000001902
06/27/2018 12:00,0.009829980000000127
06/27/2018 13:00,0.0010699999999999044
06/27/2018 14:00,0.0012699900000001652
06/27/2018 15:00,0.00022001000000004822
06/27/2018 16:00,-0.002060010000000001
06/27/2018 17:00,0.0005800199999999034
06/27/2018 18:00,0.0005100300000000502
06/27/2018 19:00,0.002790040000000271
06/27/2018 20:00,0.006259919999999752
06/27/2018 21:00,-0.0034100200000000136
06/27/2018 22:00,0.00021997000000006928
06/27/2018 23:00,0.004680060000000097
06/28/2018 00:00,0.005029999999999979
06/28/2018 01:00,0.003419976999999963
06/28/2018 02:00,-0.008290009999999959
06/28/2018 03:00,0.00170999000000005
06/28/2018 04:00,0.000569980000000081
06/28/2018 05:00,0.0005600000000000049
06/28/2018 06:00,-0.009789999999999965
06/28/2018 07:00,-0.007049999999999779
06/28/2018 08:00,0.0020900500000000655
06/28/2018 09:00,0.002759970000000056
06/28/2018 10:00,-0.001040000000000152
06/28/2018 11:00,0.00919997699999997
06/28/2018 12:00,0.007500000000000062
06/28/2018 13:00,-0.006110009999999888
06/28/2018 14:00,0.0013199999999999878
06/28/2018 15:00,0.005479979999999829
06/28/2018 16:00,0.004939980000000066
06/28/2018 17:00,0.0010800400000001709
06/28/2018 18:00,0.0014499800000000729
06/28/2018 19:00,0.0009199500000000027
06/28/2018 20:00,0.0032299000000000078
06/28/2018 21:00,0.0027200300000000954
06/28/2018 22:00,0.003990009999999988
06/28/2018 23:00,-0.0020300199999999657
06/29/2018 00:00,-0.002549999999999941
06/29/2018 01:00,0.0034100170000000984
06/29/2018 02:00,0.0017000300000000745
06/29/2018 03:00,0.0017100200000000898
06/29/2018 04:00,-0.009430009999999878
06/29/2018 05:00,-0.0027299700000000815
06/29/2018 06:00,0.003180019999999839
06/29/2018 07:00,0.0009099700000001487
06/29/2018 08:00,0.0048200000000000465
06/29/2018 09:00,-0.010749963999999945
06/29/2018 10:00,0.002159970000000122
06/29/2018 11:00,0.0031599999999998296
06/29/2018 12:00,0.004090000000000149
06/29/2018 13:00,0.002540009999999926
06/29/2018 14:00,0.0013299999999999423
06/29/2018 15:00,0.00548000000000004
06/29/2018 16:00,0.007940019999999937
06/29/2018 17:00,-0.006490000000000107
06/29/2018 18:00,0.005890000000000173
06/29/2018 19:00,0.0009099999999999664
06/29/2018 20:00,-0.0037499700000001024
06/29/2018 21:00,0.0019400000000000528
06/29/2018 22:00,-0.0018199999999999328
06/29/2018 23:00,0.008909990000000034
06/30/2018 00:00,-0.0017600200000000843
06/30/2018 01:00,-0.006509994999999935
06/30/2018 02:00,-0.0038500320000000032
06/30/2018 03:00,0.0022500000000000853
06/30/2018 04:00,0.0011400000000000299
06/30/2018 05:00,0.0011400000000000299
06/30/2018 06:00,-0.006600012999999905
06/30/2018 07:00,-0.0037099699999999514
06/30/2018 08:00,-0.0021100099999999955
06/30/2018 09:00,0.004400006000000012
06/30/2018 10:00,-0.00013996000000005004
06/30/2018 11:00,-0.006740060000000048
06/30/2018 12:00,0.00453997000000006
06/30/2018 13:00,0.005379999999999996
06/30/2018 14:00,-0.0029200029999999766
06/30/2018 15:00,0.00607000000000002
06/30/2018 16:00,0.0019300449999999914
06/30/2018 17:00,0.002820099999999881
06/30/2018 18:00,-0.0015600700000000245
06/30/2018 19:00,-0.005090000000000039
06/30/2018 20:00,0.0004900199999999799
06/30/2018 21:00,0.0007900300000001081
06/30/2018 22:00,-0.005889999999999951
06/30/2018 23:00,-0.008169945000000012
07/01/2018 00:00,-0.0019700499999999455
07/01/2018 01:00,0.004579989999999978
07/01/2018 02:00,0.0028099800000001007
07/01/2018 03:00,0.00281003000000013
07/01/2018 04:00,0.0016200000000000658
07/01/2018 05:00,0.0016299700000000916
07/01/2018 06:00,0.003910010000000019
07/01/2018 07:00,0.007960003000000104
07/01/2018 08:00,0.005699990000000099
07/01/2018 09:00,-0.00777997000000008
07/01/2018 10:00,0.006790020000000063
07/01/2018 11:00,-0.0003499840000000809
07/01/2018 12:00,-0.008570009999999906
07/01/2018 13:00,0.0002700100000000427
07/01/2018 14:00,-0.0032600400000000196
07/01/2018 15:00,-0.001099799999999762
07/01/2018 16:00,-0.0022099999999999342
07/01/2018 17:00,0.0041799999999999615
07/01/2018 18:00,-0.0019900100000000975
07/01/2018 19:00,-0.0048799999999999955
07/01/2018 20:00,0.0001501000000001529
07/01/2018 21:00,0.004130000000000189
07/01/2018 22:00,0.010940069999999968
07/01/2018 23:00,0.0042499729999998515
07/02/2018 00:00,0.00033999800000006353
07/02/2018 01:00,-0.006000030000000045
07/02/2018 02:00,0.002259970000000111
07/02/2018 03:00,0.0022399900000000805
07/02/2018 04:00,0.0010800100000000201
07/02/2018 05:00,0.0016199799999999653
07/02/2018 06:00,-0.006600002999999965
07/02/2018 07:00,-0.0036500199999999206
07/02/2018 08:00,0.004590000000000094
07/02/2018 09:00,-0.001309989999999872
07/02/2018 10:00,0.009390019999999888
07/02/2018 11:00,0.0049599600000000965
07/02/2018 12:00,-0.0022199999999998887
07/02/2018 13:00,0.004149939999997798
07/02/2018 14:00,0.007700040000000019
07/02/2018 15:00,-0.003720000000000001
07/02/2018 16:00,0.006629933000000032
07/02/2018 17:00,0.005580020000000019
07/02/2018 18:00,0.004460020000000009
07/02/2018 19:00,-0.0024199499999999485
07/02/2018 20:00,0.0010799500000000517
07/02/2018 21:00,-0.0018200999999999912
07/02/2018 22:00,0.004470000000000196
07/02/2018 23:00,-0.007859999999999978
07/03/2018 00:00,-0.0018899599999999683
07/03/2018 01:00,0.004009989999999908
07/03/2018 02:00,0.002250040000000064
07/03/2018 03:00,0.0022500100000001355
07/03/2018 04:00,0.001060000000000061
07/03/2018 05:00,0.0010700000000000154
07/03/2018 06:00,0.0035700099999999013
07/03/2018 07:00,0.003079979999999871
07/03/2018 08:00,-0.0040800000000000836
07/03/2018 09:00,-0.00011998999999995874
07/03/2018 10:00,-0.0009499700000001887
07/03/2018 11:00,0.0014300500000001826
07/03/2018 12:00,0.0031299799999999767
07/03/2018 13:00,0.002850000000000019
07/03/2018 14:00,-0.0029699600000000492
07/03/2018 15:00,0.0039199640000000535
07/03/2018 16:00,-0.0032600960000000456
07/03/2018 17:00,0.005179950000000044
07/03/2018 18:00,-0.003239990000000026
07/03/2018 19:00,-0.001880009999999932
07/03/2018 20:00,0.0005100600000000899
07/03/2018 21:00,-0.010739979999999982
07/03/2018 22:00,-0.0027699700000001215
07/03/2018 23:00,0.005029999999999979
07/04/2018 00:00,-0.001580049999999944
07/04/2018 01:00,0.0038299800000000106
07/04/2018 02:00,0.0020499570000000467
07/04/2018 03:00,0.0022599999999999842
07/04/2018 04:00,-0.008499969999999968
07/04/2018 05:00,-0.0006199379999999866
07/04/2018 06:00,6.001200000005369e-5
07/04/2018 07:00,0.0008400000000001739
07/04/2018 08:00,-0.00754001999999987
07/04/2018 09:00,-0.004869995999999821
07/04/2018 10:00,-0.002029899999999918
07/04/2018 11:00,7.998599999992084e-5
07/04/2018 12:00,-0.007499959999999972
07/04/2018 13:00,-0.006969999999999921
07/04/2018 14:00,-0.0038799999999998835
07/04/2018 15:00,-0.00263002999999995
07/04/2018 16:00,0.0010300200000000204
07/04/2018 17:00,0.00034997000000003275
07/04/2018 18:00,0.00019002000000001296
07/04/2018 19:00,-0.0021299599999999863
07/04/2018 20:00,-0.004759949999999957
07/04/2018 21:00,0.0052699400000000285
07/04/2018 22:00,0.007109970000000354
07/04/2018 23:00,0.00216000999999999
07/05/2018 00:00,-0.0018799999999999928
07/05/2018 01:00,0.0040100200000000585
07/05/2018 02:00,0.002239970000000091
07/05/2018 03:00,0.0024199799999999883
07/05/2018 04:00,0.002200009999999919
07/05/2018 05:00,-0.0006099679999999053
07/05/2018 06:00,-0.01026000199999999
07/05/2018 07:00,-0.0036599999999998856
07/05/2018 08:00,-0.002319994999999908
07/05/2018 09:00,0.007070010000000071
07/05/2018 10:00,0.0033600000000000296
07/05/2018 11:00,-0.0053199600000000125
07/05/2018 12:00,-0.004970050000000059
07/05/2018 13:00,0.002850000000000019
07/05/2018 14:00,0.0029800300000000224
07/05/2018 15:00,-0.0022999400000000003
07/05/2018 16:00,-0.002969999999999917
07/05/2018 17:00,0.006590040000000075
07/05/2018 18:00,0.00014996999999999927
07/05/2018 19:00,-0.0024099700000000945
07/05/2018 20:00,0.0010899699999999957
07/05/2018 21:00,0.005260040000000021
07/05/2018 22:00,-0.001190069999999821
07/05/2018 23:00,-0.00418000999999979
07/06/2018 00:00,0.011459965000000016
07/06/2018 01:00,-0.0061899899999999786
07/06/2018 02:00,-0.007960002999999882
07/06/2018 03:00,-0.0077400599999999375
07/06/2018 04:00,0.0012700200000000939
07/06/2018 05:00,0.0010700200000001159
07/06/2018 06:00,0.0034000070000000937
07/06/2018 07:00,-0.0047600000000000975
07/06/2018 08:00,0.0010800100000001311
07/06/2018 09:00,-0.002939969999999903
07/06/2018 10:00,0.0045799999999998064
07/06/2018 11:00,0.0017800699999999114
07/06/2018 12:00,0.007959999999999967
07/06/2018 13:00,-0.007140000000000035
07/06/2018 14:00,0.0061100299999999885
07/06/2018 15:00,0.00163003000000006
07/06/2018 16:00,-0.0026801999999999104
07/06/2018 17:00,-0.002470199999999867
07/06/2018 18:00,0.006660019999999989
07/06/2018 19:00,-0.0024200399999998456
07/06/2018 20:00,0.0010799500000000517
07/06/2018 21:00,-0.00474999999999981
07/06/2018 22:00,-0.003080020000000072
07/06/2018 23:00,-0.004959970000000036
07/07/2018 00:00,0.0017100199999999788
07/07/2018 01:00,-0.005410030000000066
07/07/2018 02:00,0.0028199800000000552
07/07/2018 03:00,0.0028099700000000505
07/07/2018 04:00,0.001609990000000061
07/07/2018 05:00,0.008509989999999967
07/07/2018 06:00,-0.000369998000000038
07/07/2018 07:00,0.007919989999999988
07/07/2018 08:00,0.002449990000000124
07/07/2018 09:00,0.0023600000000001398
07/07/2018 10:00,-0.0032000300000000204
07/07/2018 11:00,0.0066799699999999795
07/07/2018 12:00,0.00513997699999999
07/07/2018 13:00,-0.004280032999999989
07/07/2018 14:00,-0.0025199999999999667
07/07/2018 15:00,-0.004090049999999984
07/07/2018 16:00,-0.0009699599999999919
07/07/2018 17:00,0.0007499850000000086
07/07/2018 18:00,-0.009139980000000048
07/07/2018 19:00,0.0021100000000000563
07/07/2018 20:00,0.005139899999999864
07/07/2018 21:00,0.004489995999999774
07/07/2018 22:00,-0.0008799999999999919
07/07/2018 23:00,0.0036900199999999606
07/08/2018 00:00,-0.0013199900000000486
07/08/2018 01:00,0.004569999999999963
07/08/2018 02:00,0.002809999999999979
07/08/2018 03:00,0.002829999999999999
07/08/2018 04:00,0.0016299900000000256
07/08/2018 05:00,0.0016300500000000495
07/08/2018 06:00,0.003959997000000048
07/08/2018 07:00,-0.0030799899999999214
07/08/2018 08:00,0.005160000000000053
07/08/2018 09:00,0.00538002999999998
07/08/2018 10:00,-0.0021199740000000244
07/08/2018 11:00,0.0054399940000000035
07/08/2018 12:00,0.0014500199999999408
07/08/2018 13:00,0.0016200400000000448
07/08/2018 14:00,0.005699999999999927
07/08/2018 15:00,0.0046199599999998675
07/08/2018 16:00,-0.0009900100000000966
07/08/2018 17:00,0.0007499349999999239
07/08/2018 18:00,-0.004609960000000024
07/08/2018 19:00,0.008819999999999828
07/08/2018 20:00,0.004290069999999924
07/08/2018 21:00,0.004129999999999967
07/08/2018 22:00,-0.0010499500000000772
07/08/2018 23:00,-0.011920030000000081
07/09/2018 00:00,-0.001449939999999983
07/09/2018 01:00,-0.005990010000000046
07/09/2018 02:00,0.00223996999999998
07/09/2018 03:00,-0.007740000000000025
07/09/2018 04:00,0.0010700000000000154
07/09/2018 05:00,0.001070030000000055
07/09/2018 06:00,0.003550030000000093
07/09/2018 07:00,0.005510000000000126
07/09/2018 08:00,-0.002689999999999859
07/09/2018 09:00,0.0008699999999999264
07/09/2018 10:00,-0.0009499999999999509
07/09/2018 11:00,-0.005040010000000095
07/09/2018 12:00,-0.0021999999999999797
07/09/2018 13:00,-0.007130000000000081
07/09/2018 14:00,0.006100000000000216
07/09/2018 15:00,4.9989999999944246e-5
07/09/2018 16:00,-0.007310039999999685
07/09/2018 17:00,-0.004810019999999859
07/09/2018 18:00,0.004460020000000009
07/09/2018 19:00,0.007600000000000051
07/09/2018 20:00,0.0011001000000001593
07/09/2018 21:00,0.005260040000000021
07/09/2018 22:00,-0.0069699500000000025
07/09/2018 23:00,0.0013999700000000281
07/10/2018 00:00,0.002710009999999985
07/10/2018 01:00,-0.005980029999999914
07/10/2018 02:00,0.002259970000000111
07/10/2018 03:00,-0.007750019999999913
07/10/2018 04:00,-0.008939979999999959
07/10/2018 05:00,0.00106005000000009
07/10/2018 06:00,0.0053199600000000125
07/10/2018 07:00,-0.003079979999999871
07/10/2018 08:00,4.005000000018022e-5
07/10/2018 09:00,-0.003929980000000111
07/10/2018 10:00,0.0032699699999998444
07/10/2018 11:00,0.0017699999999999938
07/10/2018 12:00,0.0077600000000001
07/10/2018 13:00,0.003029999999999977
07/10/2018 14:00,0.0013100600000000018
07/10/2018 15:00,0.0016200399999999338
07/10/2018 16:00,0.006739934000000003
07/10/2018 17:00,-0.002709999999999879
07/10/2018 18:00,-4.998000000000502e-5
07/10/2018 19:00,0.00166999000000001
07/10/2018 20:00,0.0035298999999999747
07/10/2018 21:00,-0.001250030000000013
07/10/2018 22:00,-0.007079950000000057
07/10/2018 23:00,-0.0029399599999999637
07/11/2018 00:00,0.005750025000000103
07/11/2018 01:00,-0.0061899899999999786
07/11/2018 02:00,-0.004079971999999987
07/11/2018 03:00,-0.00773993999999989
07/11/2018 04:00,0.0010599900000000106
07/11/2018 05:00,-0.0012400199999998973
07/11/2018 06:00,-0.0013399859999999597
07/11/2018 07:00,-0.003070000000000128
07/11/2018 08:00,-0.005109979999999847
07/11/2018 09:00,-0.0039399999999998325
07/11/2018 10:00,-0.006709979999999893
07/11/2018 11:00,0.0032600799999999985
07/11/2018 12:00,-0.007330029999999876
07/11/2018 13:00,0.008669980000000022
07/11/2018 14:00,0.0013199899999999376
07/11/2018 15:00,0.0039199640000000535
07/11/2018 16:00,0.0004899999999999904
07/11/2018 17:00,-0.0024499700000000235
07/11/2018 18:00,-0.0012700139999999305
07/11/2018 19:00,-0.003349999999999964
07/11/2018 20:00,0.0010800699999999885
07/11/2018 21:00,0.0052498999999999185
07/11/2018 22:00,0.003030000000000088
07/11/2018 23:00,-0.005989990000000001
07/12/2018 00:00,-0.0015800000000000258
07/12/2018 01:00,-0.006179969999999924
07/12/2018 02:00,0.002320016999999952
07/12/2018 03:00,0.0032500199999999646
07/12/2018 04:00,0.0010799800000000914
07/12/2018 05:00,0.0010600299999999896
07/12/2018 06:00,0.0034000070000000937
07/12/2018 07:00,-0.003649989999999881
07/12/2018 08:00,0.0012799500000000297
07/12/2018 09:00,-0.003920000000000146
07/12/2018 10:00,0.003280010000000111
07/12/2018 11:00,-0.008240000000000025
07/12/2018 12:00,-0.0022200299999999284
07/12/2018 13:00,-8.001000000001923e-5
07/12/2018 14:00,-0.005599960000000015
07/12/2018 15:00,6.003999999992793e-5
07/12/2018 16:00,-0.00239988999999996
07/12/2018 17:00,-0.006820099999999885
07/12/2018 18:00,0.004469949999999834
07/12/2018 19:00,-0.0023999999999999577
07/12/2018 20:00,0.0010999800000000004
07/12/2018 21:00,-0.0047399599999999875
07/12/2018 22:00,-0.0027499399999999508
07/12/2018 23:00,0.003479929999999909
07/13/2018 00:00,-0.0017599999999999838
07/13/2018 01:00,-0.005459949999999991
07/13/2018 02:00,-0.007749989999999873
07/13/2018 03:00,0.0022699800000000048
07/13/2018 04:00,0.0010600200000000504
07/13/2018 05:00,0.0010600200000000504
07/13/2018 06:00,0.003409997000000109
07/13/2018 07:00,0.002300010000000019
07/13/2018 08:00,-0.005139989999999983
07/13/2018 09:00,0.0035500239999999295
07/13/2018 10:00,0.0006300799999998663
07/13/2018 11:00,-0.0003299599999999625
07/13/2018 12:00,-0.005389999999999895
07/13/2018 13:00,0.005639999999999978
07/13/2018 14:00,-0.004309969999999996
07/13/2018 15:00,0.0038799999999999946
07/13/2018 16:00,-0.0038699400000000717
07/13/2018 17:00,0.003190040000000005
07/13/2018 18:00,-0.005539999999999878
07/13/2018 19:00,-0.002409939999999944
07/13/2018 20:00,-0.0043799999999998285
07/13/2018 21:00,-0.008639960000000002
07/13/2018 22:00,-0.006970000000000143
07/13/2018 23:00,0.0008699700000001087
07/14/2018 00:00,-0.0017600199999999733
07/14/2018 01:00,0.004579989999999978
07/14/2018 02:00,-0.00718996999999999
07/14/2018 03:00,-0.007180049999999993
07/14/2018 04:00,0.0016199900000001266
07/14/2018 05:00,0.0016199900000001266
07/14/2018 06:00,-0.0031800300000000004
07/14/2018 07:00,-0.000140000000000029
07/14/2018 08:00,0.00429994999999983
07/14/2018 09:00,-0.0009600000000000719
07/14/2018 10:00,0.00045010000000011985
07/14/2018 11:00,-0.0009200000000000319
07/14/2018 12:00,-0.0034300199999999226
07/14/2018 13:00,0.005709987
07/14/2018 14:00,-0.0025199799999999772
07/14/2018 15:00,-0.0012199999999999989
07/14/2018 16:00,-0.0034599999999999076
07/14/2018 17:00,0.004169959999999806
07/14/2018 18:00,-0.004620029999999886
07/14/2018 19:00,-0.00607000000000002
07/14/2018 20:00,-0.0026300199999998997
07/14/2018 21:00,0.0029600000000000737
07/14/2018 22:00,-0.00598999999999994
07/14/2018 23:00,-0.00012000000000000899
07/15/2018 00:00,-0.0013200199999999773
07/15/2018 01:00,0.007119996999999878
07/15/2018 02:00,0.003469942000000059
07/15/2018 03:00,0.00281003000000013
07/15/2018 04:00,0.0016199700000000261
07/15/2018 05:00,0.001629990000000081
07/15/2018 06:00,-0.006039972999999921
07/15/2018 07:00,-0.007039989999999996
07/15/2018 08:00,-0.0008000000000001339
07/15/2018 09:00,-0.0009599999999998499
07/15/2018 10:00,0.013369980000000004
07/15/2018 11:00,-0.00795990000000013
07/15/2018 12:00,0.0031799299999999975
07/15/2018 13:00,-0.004280002999999977
07/15/2018 14:00,-0.0025099799999999672
07/15/2018 15:00,0.008649999999999936
07/15/2018 16:00,-0.00013999000000008976
07/15/2018 17:00,-0.00925006500000003
07/15/2018 18:00,0.0023300200000000437
07/15/2018 19:00,0.006159999999999943
07/15/2018 20:00,-0.0026200000000000667
07/15/2018 21:00,0.002959930000000055
07/15/2018 22:00,0.004019959999999934
07/15/2018 23:00,-1.9999999989472883e-8
07/16/2018 00:00,-0.001429989999999992
07/16/2018 01:00,0.003999990000000064
07/16/2018 02:00,-0.007750019999999913
07/16/2018 03:00,0.0022600000000000398
07/16/2018 04:00,0.001070030000000055
07/16/2018 05:00,0.0010799800000000914
07/16/2018 06:00,0.00019999000000003875
07/16/2018 07:00,0.003070000000000017
07/16/2018 08:00,-0.0051299799999999784
07/16/2018 09:00,0.0008800300000000316
07/16/2018 10:00,0.0033500199999998426
07/16/2018 11:00,0.0017700499999999675
07/16/2018 12:00,-0.002220059999999968
07/16/2018 13:00,0.00038009000000016613
07/16/2018 14:00,0.00290995000000005
07/16/2018 15:00,0.001669984999999985
07/16/2018 16:00,-0.0032599960000000427
07/16/2018 17:00,-0.004799949999999997
07/16/2018 18:00,-0.0055400000000001
07/16/2018 19:00,0.0075800800000001
07/16/2018 20:00,0.001089899999999977
07/16/2018 21:00,-0.004750000000000032
07/16/2018 22:00,-0.00275000000000003
07/16/2018 23:00,0.006690010000000024
07/17/2018 00:00,-0.0018799999999999928
07/17/2018 01:00,0.004030009999999917
07/17/2018 02:00,0.0022500600000000537
07/17/2018 03:00,0.0022600300000000795
07/17/2018 04:00,0.001059960000000082
07/17/2018 05:00,0.0010799800000000914
07/17/2018 06:00,0.0033999970000000435
07/17/2018 07:00,0.0009999999999998899
07/17/2018 08:00,0.0007099500000000702
07/17/2018 09:00,0.0009900000000000464
07/17/2018 10:00,-0.0024500000000000632
07/17/2018 11:00,-0.010889930000000048
07/17/2018 12:00,-0.002220059999999968
07/17/2018 13:00,0.0028699699999998884
07/17/2018 14:00,-0.003879899999999936
07/17/2018 15:00,4.996999999995477e-5
07/17/2018 16:00,0.006979930000000023
07/17/2018 17:00,-0.0042600400000000205
07/17/2018 18:00,0.0002700399999999714
07/17/2018 19:00,-0.0018700000000000383
07/17/2018 20:00,0.0006100399999999784
07/17/2018 21:00,-0.0017699399999999699
07/17/2018 22:00,0.0008100399999999564
07/17/2018 23:00,-0.005140000000000033
07/18/2018 00:00,-0.0018899599999999683
07/18/2018 01:00,-0.005980059999999954
07/18/2018 02:00,-0.00773993999999989
07/18/2018 03:00,0.0022500100000001355
07/18/2018 04:00,0.0010699700000000867
07/18/2018 05:00,-0.008940029999999877
07/18/2018 06:00,-0.006600022999999955
07/18/2018 07:00,-0.0036399999999999766
07/18/2018 08:00,-0.004389999999999894
07/18/2018 09:00,0.0022099600000000663
07/18/2018 10:00,-0.0024100000000000232
07/18/2018 11:00,-0.0008899599999998564
07/18/2018 12:00,0.0050099400000001015
07/18/2018 13:00,-0.0013299900000000031
07/18/2018 14:00,-0.005749999999999922
07/18/2018 15:00,0.00503000000000009
07/18/2018 16:00,0.0026800300000000554
07/18/2018 17:00,-0.004789999999999961
07/18/2018 18:00,-0.005539949999999738
07/18/2018 19:00,0.000499960000000188
07/18/2018 20:00,-0.0018599599999997718
07/18/2018 21:00,-0.0047399999999999665
07/18/2018 22:00,-0.006789999999999852
07/18/2018 23:00,-0.0029399599999999637
07/19/2018 00:00,0.005750024999999881
07/19/2018 01:00,0.0014000000000000679
07/19/2018 02:00,-0.007760009999999928
07/19/2018 03:00,-0.007749959999999945
07/19/2018 04:00,-0.008929999999999993
07/19/2018 05:00,0.0010799800000000914
07/19/2018 06:00,-0.006430000000000047
07/19/2018 07:00,0.003070000000000128
07/19/2018 08:00,0.009970000000000034
07/19/2018 09:00,-0.003929980000000111
07/19/2018 10:00,0.0032799500000000315
07/19/2018 11:00,0.0031399999999996986
07/19/2018 12:00,0.004610030000000043
07/19/2018 13:00,0.0067499900000000945
07/19/2018 14:00,0.007330019999999937
07/19/2018 15:00,0.0039099839999999775
07/19/2018 16:00,0.0010100099999999501
07/19/2018 17:00,0.005749970000000104
07/19/2018 18:00,-0.005549960000000187
07/19/2018 19:00,-0.0009499799999999059
07/19/2018 20:00,5.999999999994898e-5
07/19/2018 21:00,-0.011810059999999956
07/19/2018 22:00,0.00027997000000001826
07/19/2018 23:00,-0.0012199599999997979
07/20/2018 00:00,-0.0015799999999999148
07/20/2018 01:00,-0.006179969999999924
07/20/2018 02:00,0.0023100070000000583
07/20/2018 03:00,0.003420019999999968
07/20/2018 04:00,-0.008470019999999967
07/20/2018 05:00,0.0010699900000000762
07/20/2018 06:00,0.003399977000000054
07/20/2018 07:00,0.002310040000000013
07/20/2018 08:00,-0.0059600099999999046
07/20/2018 09:00,0.0022299659999998056
07/20/2018 10:00,-0.0038300129999999655
07/20/2018 11:00,0.0036400400000000666
07/20/2018 12:00,0.0010000099999999401
07/20/2018 13:00,-0.0013400300000001586
07/20/2018 14:00,0.0013100400000000123
07/20/2018 15:00,-0.007190029999999958
07/20/2018 16:00,-0.00036005999999988436
07/20/2018 17:00,-0.007739999999999969
07/20/2018 18:00,-0.00013999000000008976
07/20/2018 19:00,0.0002500300000001232
07/20/2018 20:00,0.001089939999999956
07/20/2018 21:00,-0.004740100000000025
07/20/2018 22:00,-0.0009999999999998899
07/20/2018 23:00,0.007530000000000037
07/21/2018 00:00,-0.0012399499999999897
07/21/2018 01:00,-0.0045600399999999874
07/21/2018 02:00,-0.006590003000000122
07/21/2018 03:00,0.0043099800000000466
07/21/2018 04:00,-0.008339999999999903
07/21/2018 05:00,0.0016200000000000658
07/21/2018 06:00,0.003969977000000013
07/21/2018 07:00,-0.003089999999999926
07/21/2018 08:00,-0.0017100039999997652
07/21/2018 09:00,-0.013630099999999867
07/21/2018 10:00,0.00951003000000017
07/21/2018 11:00,0.0014600000000002389
07/21/2018 12:00,-0.0034199999999999786
07/21/2018 13:00,-0.004280003000000088
07/21/2018 14:00,0.007479999999999931
07/21/2018 15:00,-0.0012199499999999697
07/21/2018 16:00,-0.0032800069999999737
07/21/2018 17:00,0.0005899999999999794
07/21/2018 18:00,0.005170059999999976
07/21/2018 19:00,-0.0017099600000001214
07/21/2018 20:00,-0.0026300000000001322
07/21/2018 21:00,-0.007049969999999739
07/21/2018 22:00,0.004020019999999791
07/21/2018 23:00,-0.01132999999999984
07/22/2018 00:00,-0.00661997999999997
07/22/2018 01:00,-0.00542000999999992
07/22/2018 02:00,-0.007179959999999874
07/22/2018 03:00,-0.007169999999999899
07/22/2018 04:00,-0.007960039999999946
07/22/2018 05:00,-0.006759990000000049
07/22/2018 06:00,0.003959997000000048
07/22/2018 07:00,0.006920020000000027
07/22/2018 08:00,0.004739980000000088
07/22/2018 09:00,0.0031600400000000306
07/22/2018 10:00,-0.0015599729999999923
07/22/2018 11:00,0.00014005699999997123
07/22/2018 12:00,0.005129996999999942
07/22/2018 13:00,-0.002290012000000119
07/22/2018 14:00,-0.0025100350000000216
07/22/2018 15:00,0.0012699840000000018
07/22/2018 16:00,0.0009399999999999409
07/22/2018 17:00,0.004179950000000043
07/22/2018 18:00,0.005630000000000024
07/22/2018 19:00,0.0032199000000001643
07/22/2018 20:00,-0.005700100000000097
07/22/2018 21:00,0.0005999999999997119
07/22/2018 22:00,0.0030000299999999314
07/22/2018 23:00,-0.0016599999999997728
07/23/2018 00:00,-0.006099949999999965
07/23/2018 01:00,-0.005969989999999981
07/23/2018 02:00,-0.007749999999999924
07/23/2018 03:00,-0.007759969999999949
07/23/2018 04:00,-0.008930029999999922
07/23/2018 05:00,0.0010700000000000154
07/23/2018 06:00,0.003399977000000054
07/23/2018 07:00,-0.0009099900000002492
07/23/2018 08:00,0.0004100300000000612
07/23/2018 09:00,-0.007699999999999929
07/23/2018 10:00,-0.0009499699999999667
07/23/2018 11:00,0.0035699950000001035
07/23/2018 12:00,-0.002209950000000127
07/23/2018 13:00,0.0028599999999998627
07/23/2018 14:00,-0.0038899700000001314
07/23/2018 15:00,4.001000000009025e-5
07/23/2018 16:00,-0.007309959999999949
07/23/2018 17:00,-0.004799949999999997
07/23/2018 18:00,-0.005539999999999989
07/23/2018 19:00,-0.0024000699999999764
07/23/2018 20:00,-0.008909969999999934
07/23/2018 21:00,-0.0026000000000001577
07/23/2018 22:00,-0.0012600200000000283
07/23/2018 23:00,-0.00660000000000005
07/24/2018 00:00,-0.0018899599999999683
07/24/2018 01:00,-0.005990000000000051
07/24/2018 02:00,-0.007750020000000024
07/24/2018 03:00,0.002249980000000096
07/24/2018 04:00,0.0010500000000001064
07/24/2018 05:00,-0.001260049999999957
07/24/2018 06:00,-0.0002800020000000014
07/24/2018 07:00,-0.00770002000000003
07/24/2018 08:00,0.004039990000000104
07/24/2018 09:00,-0.0029300199999999776
07/24/2018 10:00,-0.0009399900000000017
07/24/2018 11:00,0.0035600950000000964
07/24/2018 12:00,0.009379940000000087
07/24/2018 13:00,0.0015000300000000966
07/24/2018 14:00,0.006100019999999873
07/24/2018 15:00,0.010040070000000068
07/24/2018 16:00,0.0026800300000000554
07/24/2018 17:00,-0.0027099999999999347
07/24/2018 18:00,-0.001269954000000073
07/24/2018 19:00,0.008119980000000027
07/24/2018 20:00,0.0006100000000002215
07/24/2018 21:00,-0.008380020000000155
07/24/2018 22:00,-0.0027599600000001168
07/24/2018 23:00,0.0021400000000000308
07/25/2018 00:00,-0.0018799999999999928
07/25/2018 01:00,-0.005979999999999985
07/25/2018 02:00,-0.007750019999999913
07/25/2018 03:00,0.002270040000000084
07/25/2018 04:00,0.0010599300000000422
07/25/2018 05:00,0.001049940000000027
07/25/2018 06:00,0.0034000070000000937
07/25/2018 07:00,0.0063600100000000825
07/25/2018 08:00,0.004599980000000059
07/25/2018 09:00,0.003469989999999923
07/25/2018 10:00,-0.0009400200000000414
07/25/2018 11:00,-0.006430004999999905
07/25/2018 12:00,-0.002220100000000058
07/25/2018 13:00,-8.00300000000087e-5
07/25/2018 14:00,-0.001719970000000015
07/25/2018 15:00,0.0017800000000000038
07/25/2018 16:00,0.001019959999999931
07/25/2018 17:00,-0.0010499999999999954
07/25/2018 18:00,-0.002610000000000001
07/25/2018 19:00,-0.005169999999999897
07/25/2018 20:00,0.0010899699999999957
07/25/2018 21:00,0.005250000000000199
07/25/2018 22:00,-0.002909999999999968
07/25/2018 23:00,0.0021499600000000063
07/26/2018 00:00,-0.0018799999999999928
07/26/2018 01:00,-0.005969989999999981
07/26/2018 02:00,0.0014300400000000213
07/26/2018 03:00,-0.007760029999999918
07/26/2018 04:00,0.0015000300000000966
07/26/2018 05:00,0.0011700000000001154
07/26/2018 06:00,0.0035599000000001713
07/26/2018 07:00,-0.00835000000000008
07/26/2018 08:00,-4.000999999997923e-5
07/26/2018 09:00,-0.004010000000000069
07/26/2018 10:00,-0.0009399900000001127
07/26/2018 11:00,0.0049400000000001665
07/26/2018 12:00,-0.002219970000000071
07/26/2018 13:00,0.002869999999999928
07/26/2018 14:00,-0.0038899699999999093
07/26/2018 15:00,-0.0037300700000001408
07/26/2018 16:00,0.0010300400000000098
07/26/2018 17:00,-0.004259989999999991
07/26/2018 18:00,-0.003940000000000055
07/26/2018 19:00,-0.0018899999999999473
07/26/2018 20:00,-0.003560019999999886
07/26/2018 21:00,-0.004169969999999967
07/26/2018 22:00,-0.002900050000000043
07/26/2018 23:00,-0.0033099300000000165
07/27/2018 00:00,-0.0018799999999999928
07/27/2018 01:00,-0.0059900699999999585
07/27/2018 02:00,-0.007729989999999964
07/27/2018 03:00,0.002239960000000041
07/27/2018 04:00,0.0010600200000000504
07/27/2018 05:00,0.0010700000000000154
07/27/2018 06:00,0.003399977000000054
07/27/2018 07:00,0.005229999999999846
07/27/2018 08:00,-0.005640059999999947
07/27/2018 09:00,0.003909940000000001
07/27/2018 10:00,0.0046099800000001245
07/27/2018 11:00,-0.007400000000000073
07/27/2018 12:00,-0.005380020000000263
07/27/2018 13:00,-0.006180029999999892
07/27/2018 14:00,-0.0053099800000000474
07/27/2018 15:00,5.999000000000976e-5
07/27/2018 16:00,-0.007340070000000032
07/27/2018 17:00,-0.00481001999999997
07/27/2018 18:00,-0.005550079999999902
07/27/2018 19:00,0.007590030000000025
07/27/2018 20:00,0.0011000399999998578
07/27/2018 21:00,-0.0047399999999999665
07/27/2018 22:00,0.0024999599999999678
07/27/2018 23:00,-0.0029499199999998282
07/28/2018 00:00,0.008789983999999973
07/28/2018 01:00,0.0046499800000000535
07/28/2018 02:00,-0.007189969999999879
07/28/2018 03:00,-0.007189999999999919
07/28/2018 04:00,-0.008380029999999983
07/28/2018 05:00,-0.00836994999999996
07/28/2018 06:00,-0.006030002999999895
07/28/2018 07:00,0.0029500100000000584
07/28/2018 08:00,-0.0042999999999999705
07/28/2018 09:00,-0.0007099999999999884
07/28/2018 10:00,-0.004279973000000048
07/28/2018 11:00,0.00014997700000007885
07/28/2018 12:00,0.0051400069999999465
07/28/2018 13:00,-0.0032600339999999672
07/28/2018 14:00,0.00443993999999992
07/28/2018 15:00,0.0018799400000000244
07/28/2018 16:00,0.00012000000000012001
07/28/2018 17:00,-0.003180139999999998
07/28/2018 18:00,-0.004619970000000029
07/28/2018 19:00,0.0032399499999999914
07/28/2018 20:00,-0.005709930000000085
07/28/2018 21:00,-0.005870000000000042
07/28/2018 22:00,-0.0010198999999999625
07/28/2018 23:00,-0.006580119999999856
07/29/2018 00:00,-0.0013199599999998979
07/29/2018 01:00,0.004590000000000094
07/29/2018 02:00,-0.007190029999999958
07/29/2018 03:00,-0.0071899899999999795
07/29/2018 04:00,-0.008379999999999943
07/29/2018 05:00,0.001609990000000061
07/29/2018 06:00,0.003960007000000099
07/29/2018 07:00,-0.0030799999999998606
07/29/2018 08:00,0.005150000000000099
07/29/2018 09:00,-0.0007600199999998614
07/29/2018 10:00,-0.004280003000000088
07/29/2018 11:00,-0.00200001400000005
07/29/2018 12:00,0.006590010000000035
07/29/2018 13:00,-0.006839924999999969
07/29/2018 14:00,-0.00031996999999994724
07/29/2018 15:00,0.004019970000000039
07/29/2018 16:00,0.0016200000000000103
07/29/2018 17:00,-0.0030799599999999927
07/29/2018 18:00,0.0039700599999999975
07/29/2018 19:00,0.00648001999999992
07/29/2018 20:00,-0.005549969999999904
07/29/2018 21:00,0.0029499799999999077
07/29/2018 22:00,0.004709940000000135
07/29/2018 23:00,-0.006310040000000017
07/30/2018 00:00,-0.0014399999999999968
07/30/2018 01:00,0.0040200000000000236
07/30/2018 02:00,0.002260060000000119
07/30/2018 03:00,-0.007739999999999969
07/30/2018 04:00,-0.008929969999999954
07/30/2018 05:00,0.0010700000000000154
07/30/2018 06:00,-0.003510030000000164
07/30/2018 07:00,-0.003920000000000146
07/30/2018 08:00,-0.005800020000000128
07/30/2018 09:00,-0.007460000000000022
07/30/2018 10:00,0.0032799900000000104
07/30/2018 11:00,-0.008229950000000041
07/30/2018 12:00,0.007789999999999964
07/30/2018 13:00,-0.00714999999999999
07/30/2018 14:00,-0.0038899700000001314
07/30/2018 15:00,5.999000000000976e-5
07/30/2018 16:00,0.0026800000000000157
07/30/2018 17:00,-0.004799979999999926
07/30/2018 18:00,0.0007501400000000658
07/30/2018 19:00,-0.003349959999999763
07/30/2018 20:00,0.0010899699999999957
07/30/2018 21:00,-0.0047299399999998215
07/30/2018 22:00,-0.0027699699999998995
07/30/2018 23:00,0.002129990000000026
07/31/2018 00:00,-0.0018799999999999928
07/31/2018 01:00,0.001160072000000012
07/31/2018 02:00,-0.007739999999999969
07/31/2018 03:00,-0.007749959999999945
07/31/2018 04:00,0.0010600199999999393
07/31/2018 05:00,0.001059960000000082
07/31/2018 06:00,0.0034000069999999827
07/31/2018 07:00,-0.003639979999999987
07/31/2018 08:00,0.004600020000000038
07/31/2018 09:00,-0.006060029999999772
07/31/2018 10:00,-0.005099799999999988
07/31/2018 11:00,-0.00595002
07/31/2018 12:00,0.0025200399999999457
07/31/2018 13:00,0.002870029999999968
07/31/2018 14:00,0.006110060000000139
07/31/2018 15:00,-0.00701003
07/31/2018 16:00,-0.0026897999999997424
07/31/2018 17:00,-0.00017989999999956652
07/31/2018 18:00,-0.008109900000000003
07/31/2018 19:00,-0.0006300299999999481
07/31/2018 20:00,-0.004769999999999941
07/31/2018 21:00,0.006140019999999913
07/31/2018 22:00,0.0008100000000000329
07/31/2018 23:00,0.003409960000000045
08/01/2018 00:00,-0.0018699599999999483
08/01/2018 01:00,-0.0018599819999999267
08/01/2018 02:00,-0.009509982000000083
08/01/2018 03:00,-0.006200019999999973
08/01/2018 04:00,0.002579948000000054
08/01/2018 05:00,0.0025799980000000833
08/01/2018 06:00,-0.004510012000000008
08/01/2018 07:00,-0.0011800339999998855
08/01/2018 08:00,0.0009500000000000064
08/01/2018 09:00,0.0026800000000000157
08/01/2018 10:00,0.0062600499999998505
08/01/2018 11:00,0.007120089999999912
08/01/2018 12:00,0.003409999999999913
08/01/2018 13:00,-0.0015600000000000058
08/01/2018 14:00,-0.0021300499999999944
08/01/2018 15:00,0.005599999999999938
08/01/2018 16:00,-0.0043100200000000255
08/01/2018 17:00,-0.003440149999999975
08/01/2018 18:00,0.003669990000000012
08/01/2018 19:00,0.0017499800000000398
08/01/2018 20:00,0.000449939999999982
08/01/2018 21:00,-0.005499950000000142
08/01/2018 22:00,-0.004910079999999928
08/01/2018 23:00,0.0061200499999999325
08/02/2018 00:00,-0.009829999999999894
08/02/2018 01:00,-0.00428001999999994
08/02/2018 02:00,-0.006200029999999912
08/02/2018 03:00,-0.006189999999999918
08/02/2018 04:00,-0.007400001999999906
08/02/2018 05:00,0.0025699880000000785
08/02/2018 06:00,-0.004500002000000003
08/02/2018 07:00,0.005870016000000033
08/02/2018 08:00,-0.0022700539999997993
08/02/2018 09:00,-0.009439999999999893
08/02/2018 10:00,-0.0021499599999998953
08/02/2018 11:00,-0.0025299799999998207
08/02/2018 12:00,0.003409999999999913
08/02/2018 13:00,-0.00270999999999999
08/02/2018 14:00,0.0016199000000000074
08/02/2018 15:00,0.005600039999999917
08/02/2018 16:00,0.0024999799999999572
08/02/2018 17:00,-0.00021000400000004138
08/02/2018 18:00,0.0051099399999999795
08/02/2018 19:00,0.0033600000000002517
08/02/2018 20:00,-0.0022198999999998303
08/02/2018 21:00,0.0045099399999999346
08/02/2018 22:00,-0.004910049999999888
08/02/2018 23:00,0.006809960000000004
08/03/2018 00:00,-0.0023700199999999727
08/03/2018 01:00,-0.0042799599999999716
08/03/2018 02:00,-0.006179959999999984
08/03/2018 03:00,-0.005420029999999909
08/03/2018 04:00,0.003700016000000028
08/03/2018 05:00,0.0010400279999999151
08/03/2018 06:00,-0.007780031999999881
08/03/2018 07:00,0.003670000000000062
08/03/2018 08:00,-0.0037000000000000366
08/03/2018 09:00,-0.007889960000000196
08/03/2018 10:00,-0.007059999999999844
08/03/2018 11:00,-0.0028799800000001152
08/03/2018 12:00,0.0033999999999999586
08/03/2018 13:00,-0.0015299700000001026
08/03/2018 14:00,0.0016400599999999432
08/03/2018 15:00,0.0021500500000000144
08/03/2018 16:00,0.0009699899999999761
08/03/2018 17:00,-0.005330020000000046
08/03/2018 18:00,-0.006709979999999893
08/03/2018 19:00,0.007540019999999981
08/03/2018 20:00,-0.009530040000000017
08/03/2018 21:00,-0.003059979999999962
08/03/2018 22:00,-0.00706999999999991
08/03/2018 23:00,-0.004129999999999967
08/04/2018 00:00,-0.009719970000000022
08/04/2018 01:00,-0.003720009999999996
08/04/2018 02:00,-0.005609990000000065
08/04/2018 03:00,-0.005630020000000013
08/04/2018 04:00,-0.006450004000000065
08/04/2018 05:00,0.004290016999999979
08/04/2018 06:00,0.005639998000000035
08/04/2018 07:00,-0.0045399999999999885
08/04/2018 08:00,0.006320000000000103
08/04/2018 09:00,-0.006139979999999934
08/04/2018 10:00,0.003539957999999982
08/04/2018 11:00,0.0011800200000000038
08/04/2018 12:00,0.006179999999999991
08/04/2018 13:00,0.006829977999999959
08/04/2018 14:00,-0.0013299699999999859
08/04/2018 15:00,-3.9979999999967264e-5
08/04/2018 16:00,0.0031300080000000174
08/04/2018 17:00,-0.0011799999999999866
08/04/2018 18:00,0.004569959999999984
08/04/2018 19:00,0.007130029999999898
08/04/2018 20:00,0.003169999999999895
08/04/2018 21:00,0.0031199500000000935
08/04/2018 22:00,-0.0032500200000000756
08/04/2018 23:00,-0.003560019999999997
08/05/2018 00:00,0.0007300099999999476
08/05/2018 01:00,-0.0037199800000000116
08/05/2018 02:00,0.00438003000000009
08/05/2018 03:00,0.0043600000000000305
08/05/2018 04:00,0.0031399780000000987
08/05/2018 05:00,-0.006850081999999924
08/05/2018 06:00,-0.004360001999999974
08/05/2018 07:00,0.008829990000000065
08/05/2018 08:00,-0.005959979999999976
08/05/2018 09:00,-0.0012300400000000433
08/05/2018 10:00,0.006820017999999983
08/05/2018 11:00,0.0011800200000000038
08/05/2018 12:00,0.006179999999999991
08/05/2018 13:00,-0.003180011999999982
08/05/2018 14:00,-0.0013200399999999946
08/05/2018 15:00,-3.9979999999967264e-5
08/05/2018 16:00,0.004899975000000056
08/05/2018 17:00,0.0016699599999999704
08/05/2018 18:00,-0.0042999999999999705
08/05/2018 19:00,0.010630019999999796
08/05/2018 20:00,-0.00685003999999978
08/05/2018 21:00,0.003120099999999848
08/05/2018 22:00,-0.005560000000000009
08/05/2018 23:00,0.006539930000000083
08/06/2018 00:00,0.0006200100000000042
08/06/2018 01:00,-0.0042799999999999505
08/06/2018 02:00,0.00381003000000002
08/06/2018 03:00,-0.006189999999999973
08/06/2018 04:00,-0.007420001999999981
08/06/2018 05:00,0.0025800380000000622
08/06/2018 06:00,-0.004510012000000008
08/06/2018 07:00,-0.004110014000000106
08/06/2018 08:00,0.002019960000000043
08/06/2018 09:00,0.0005400099999999242
08/06/2018 10:00,0.004489988000000028
08/06/2018 11:00,0.007919900000000035
08/06/2018 12:00,0.004869989999999991
08/06/2018 13:00,0.0025700199999999507
08/06/2018 14:00,-0.0021400299999999595
08/06/2018 15:00,-0.0044000000000001815
08/06/2018 16:00,0.0024999999999999467
08/06/2018 17:00,-0.00020004400000006584
08/06/2018 18:00,-0.001950029999999936
08/06/2018 19:00,-0.006329999999999947
08/06/2018 20:00,0.005689999999999973
08/06/2018 21:00,-0.005499950000000142
08/06/2018 22:00,-0.00295000000000023
08/06/2018 23:00,0.0019800199999999712
08/07/2018 00:00,0.003160010000000102
08/07/2018 01:00,-0.004280000000000006
08/07/2018 02:00,0.003799980000000036
08/07/2018 03:00,-0.006180019999999953
08/07/2018 04:00,-0.007410001999999971
08/07/2018 05:00,-0.007409951999999942
08/07/2018 06:00,0.0050899980000000955
08/07/2018 07:00,-0.005539999999999989
08/07/2018 08:00,-0.012269984000000012
08/07/2018 09:00,0.0005500000000000504
08/07/2018 10:00,-0.0021499999999999853
08/07/2018 11:00,0.007450000000000068
08/07/2018 12:00,0.00014999000000004425
08/07/2018 13:00,-0.0011799399999999904
08/07/2018 14:00,-0.0013100000000000334
08/07/2018 15:00,-0.0044200000000000905
08/07/2018 16:00,-0.0028999999999999027
08/07/2018 17:00,-0.004440009999999939
08/07/2018 18:00,-0.0019900099999998755
08/07/2018 19:00,0.004549949999999914
08/07/2018 20:00,-0.009549999999999947
08/07/2018 21:00,-0.0030399999999999316
08/07/2018 22:00,0.008849990000000085
08/07/2018 23:00,0.0014400299999999255
08/08/2018 00:00,-0.002440027999999983
08/08/2018 01:00,-0.004290010000000066
08/08/2018 02:00,-0.006200019999999973
08/08/2018 03:00,0.003810000000000091
08/08/2018 04:00,-0.006970013999999858
08/08/2018 05:00,-0.008969972000000048
08/08/2018 06:00,-0.00833000000000006
08/08/2018 07:00,-0.0017399999999999638
08/08/2018 08:00,0.005609999999999893
08/08/2018 09:00,-0.002200059999999837
08/08/2018 10:00,-0.004390004999999864
08/08/2018 11:00,-0.002979969999999943
08/08/2018 12:00,0.009499999999999953
08/08/2018 13:00,-0.0015400000000000968
08/08/2018 14:00,0.0016300199999999543
08/08/2018 15:00,-0.0022100000000000453
08/08/2018 16:00,0.0052500200000002994
08/08/2018 17:00,0.001319960000000009
08/08/2018 18:00,0.004729949999999983
08/08/2018 19:00,-0.005440030000000151
08/08/2018 20:00,0.0004500600000001409
08/08/2018 21:00,-0.00550000000000006
08/08/2018 22:00,0.0007598999999998135
08/08/2018 23:00,0.007970000000000033
08/09/2018 00:00,0.000169980000000014
08/09/2018 01:00,-0.0018600120000000775
08/09/2018 02:00,-0.0025499999999999967
08/09/2018 03:00,-0.006189999999999918
08/09/2018 04:00,-0.0074400419999999245
08/09/2018 05:00,-0.00743001199999993
08/09/2018 06:00,-0.004920001999999868
08/09/2018 07:00,0.0016400000000000858
08/09/2018 08:00,0.009380020000000044
08/09/2018 09:00,-0.0006899799999999789
08/09/2018 10:00,-0.0069299900000000525
08/09/2018 11:00,0.004000029999999988
08/09/2018 12:00,-0.005119999999999958
08/09/2018 13:00,0.0025699400000000483
08/09/2018 14:00,0.00528003999999993
08/09/2018 15:00,-0.006339970000000028
08/09/2018 16:00,-0.004489989999999944
08/09/2018 17:00,-0.0004300999999999888
08/09/2018 18:00,-0.007960009999999684
08/09/2018 19:00,-0.0014199800000000984
08/09/2018 20:00,-0.003450039999999932
08/09/2018 21:00,-5.000999999993372e-5
08/09/2018 22:00,-0.0004799699999997742
08/09/2018 23:00,-0.003449950000000035
08/10/2018 00:00,0.005600021999999982
08/10/2018 01:00,-0.004280000000000006
08/10/2018 02:00,0.002890000000000059
08/10/2018 03:00,0.0038099700000000514
08/10/2018 04:00,0.0025800380000000622
08/10/2018 05:00,0.0025800380000000622
08/10/2018 06:00,0.005489988000000001
08/10/2018 07:00,-0.004129974000000036
08/10/2018 08:00,-0.0043199999999999905
08/10/2018 09:00,0.00555996000000003
08/10/2018 10:00,0.0032199500000000825
08/10/2018 11:00,-0.010069960000000044
08/10/2018 12:00,0.003960100000000244
08/10/2018 13:00,0.007050020000000101
08/10/2018 14:00,0.002840010000000004
08/10/2018 15:00,-0.00010999999999994348
08/10/2018 16:00,0.004449939999999986
08/10/2018 17:00,0.0022600200000002513
08/10/2018 18:00,-0.005260010000000204
08/10/2018 19:00,-0.0011799800000000804
08/10/2018 20:00,0.00045999999999990493
08/10/2018 21:00,-0.0054899400000001375
08/10/2018 22:00,-0.0036599999999999966
08/10/2018 23:00,0.0067599699999998375
08/11/2018 00:00,5.00549999999933e-5
08/11/2018 01:00,0.008050000000000002
08/11/2018 02:00,-0.005639999999999978
08/11/2018 03:00,0.0043600000000000305
08/11/2018 04:00,0.0031400180000000777
08/11/2018 05:00,-0.010400039999999944
08/11/2018 06:00,-0.008170012000000004
08/11/2018 07:00,-0.002789994000000018
08/11/2018 08:00,-0.003310053999999951
08/11/2018 09:00,-0.004450040000000044
08/11/2018 10:00,0.0007199500000001358
08/11/2018 11:00,-0.006750000000000034
08/11/2018 12:00,-0.0051399799999999884
08/11/2018 13:00,-0.005870009999999759
08/11/2018 14:00,0.006500000000000172
08/11/2018 15:00,0.004629995999999914
08/11/2018 16:00,0.0010299600000001075
08/11/2018 17:00,0.0028699940000000423
08/11/2018 18:00,-0.002909999999999968
08/11/2018 19:00,-0.00510997000000013
08/11/2018 20:00,-0.0059900030000000215
08/11/2018 21:00,-0.0004999800000000665
08/11/2018 22:00,-0.00013002000000006397
08/11/2018 23:00,-0.0035999899999999974
08/12/2018 00:00,0.003940000000000055
08/12/2018 01:00,-0.00372003999999998
08/12/2018 02:00,-0.005630020000000013
08/12/2018 03:00,-0.005629989999999974
08/12/2018 04:00,0.003130018000000123
08/12/2018 05:00,0.003139987999999927
08/12/2018 06:00,-0.004360001999999974
08/12/2018 07:00,-0.004560009999999837
08/12/2018 08:00,0.006909959999999771
08/12/2018 09:00,0.005620059999999816
08/12/2018 10:00,0.0042100200000000365
08/12/2018 11:00,0.0032799999999999496
08/12/2018 12:00,0.0025999800000000017
08/12/2018 13:00,-0.0032000019999999796
08/12/2018 14:00,-0.0013099999999999778
08/12/2018 15:00,0.0009499800000000169
08/12/2018 16:00,0.005050070000000018
08/12/2018 17:00,-0.0009099999999999664
08/12/2018 18:00,-0.005209959999999958
08/12/2018 19:00,-0.00045999999999990493
08/12/2018 20:00,0.0032399000000000733
08/12/2018 21:00,-0.00634002999999983
08/12/2018 22:00,0.0019599400000001044
08/12/2018 23:00,-0.006730010000000064
08/13/2018 00:00,-0.0036600399999999755
08/13/2018 01:00,-0.004699969999999998
08/13/2018 02:00,0.004410010000000075
08/13/2018 03:00,0.003819980000000056
08/13/2018 04:00,0.0025999980000001033
08/13/2018 05:00,0.0025600380000000422
08/13/2018 06:00,-0.004509981999999968
08/13/2018 07:00,-0.0041299840000001975
08/13/2018 08:00,-0.0022600040000000376
08/13/2018 09:00,0.002060010000000334
08/13/2018 10:00,-2.998000000009604e-5
08/13/2018 11:00,-0.0025399400000001293
08/13/2018 12:00,0.0005200040000001849
08/13/2018 13:00,0.002829999999999999
08/13/2018 14:00,0.0016300000000000203
08/13/2018 15:00,-0.0044199999999999795
08/13/2018 16:00,-0.0018099999999999783
08/13/2018 17:00,0.0013200200000000328
08/13/2018 18:00,-0.005259949999999902
08/13/2018 19:00,0.004529999999999923
08/13/2018 20:00,0.00046995999999976945
08/13/2018 21:00,0.004510000000000236
08/13/2018 22:00,-0.003659929999999978
08/13/2018 23:00,0.003590000000000093
08/14/2018 00:00,0.00017000000000000348
08/14/2018 01:00,0.005720020000000048
08/14/2018 02:00,-0.006189999999999918
08/14/2018 03:00,-0.006189999999999918
08/14/2018 04:00,-0.00743001199999993
08/14/2018 05:00,0.002569998000000129
08/14/2018 06:00,0.005089988000000045
08/14/2018 07:00,0.004429990000000106
08/14/2018 08:00,-0.00613001000000013
08/14/2018 09:00,-0.008520040000000062
08/14/2018 10:00,-0.0049500200000001104
08/14/2018 11:00,-0.006469999999999754
08/14/2018 12:00,-0.0065900499999999584
08/14/2018 13:00,0.0018200400000000228
08/14/2018 14:00,-0.0012099700000000047
08/14/2018 15:00,-0.008690020000000076
08/14/2018 16:00,0.008199949999999956
08/14/2018 17:00,0.002450029999999881
08/14/2018 18:00,0.006199899999999703
08/14/2018 19:00,0.002610000000000001
08/14/2018 20:00,0.00045999999999990493
08/14/2018 21:00,-0.005489999999999995
08/14/2018 22:00,0.005089999999999817
08/14/2018 23:00,0.0045600000000001195
08/15/2018 00:00,0.00016994000000003506
08/15/2018 01:00,0.005720000000000058
08/15/2018 02:00,-0.0061900299999999575
08/15/2018 03:00,-0.006200019999999973
08/15/2018 04:00,0.0025800380000000622
08/15/2018 05:00,0.0025700180000000072
08/15/2018 06:00,0.005079988000000091
08/15/2018 07:00,0.005369979999999996
08/15/2018 08:00,-0.005179970000000145
08/15/2018 09:00,0.0005699899999997982
08/15/2018 10:00,-0.0069499900000000725
08/15/2018 11:00,-0.005980000000000096
08/15/2018 12:00,-0.002519970000000038
08/15/2018 13:00,-0.0015400799999999437
08/15/2018 14:00,0.0016199800000000764
08/15/2018 15:00,-0.006359950000000003
08/15/2018 16:00,-0.004690050000000001
08/15/2018 17:00,0.001269899999999824
08/15/2018 18:00,0.0006399500000000558
08/15/2018 19:00,0.004540030000000028
08/15/2018 20:00,0.000460000000000127
08/15/2018 21:00,0.004509940000000157
08/15/2018 22:00,-0.0036700599999999195
08/15/2018 23:00,0.0017500000000001403
08/16/2018 00:00,-4.998000000000502e-5
08/16/2018 01:00,0.003300009999999909
08/16/2018 02:00,0.003429989999999994
08/16/2018 03:00,0.004749990000000093
08/16/2018 04:00,0.0025800380000000622
08/16/2018 05:00,-0.007410001999999971
08/16/2018 06:00,0.0050899980000000955
08/16/2018 07:00,0.008280020000000055
08/16/2018 08:00,0.002689999999999859
08/16/2018 09:00,0.0005699900000000202
08/16/2018 10:00,-0.0021499300000000776
08/16/2018 11:00,0.0065300299999999645
08/16/2018 12:00,-0.0065999700000000106
08/16/2018 13:00,-0.0026699600000000268
08/16/2018 14:00,-0.004139930000000014
08/16/2018 15:00,-0.002090033999999963
08/16/2018 16:00,-0.004810020000000026
08/16/2018 17:00,-0.011000039999999878
08/16/2018 18:00,0.0025999899999999965
08/16/2018 19:00,-0.005459999999999798
08/16/2018 20:00,0.0004700199999998489
08/16/2018 21:00,-0.005490060000000074
08/16/2018 22:00,0.006350000000000078
08/16/2018 23:00,0.0011299700000000357
08/17/2018 00:00,-0.0011000300000000296
08/17/2018 01:00,0.007430040000000138
08/17/2018 02:00,-0.006180019999999953
08/17/2018 03:00,-0.006179959999999984
08/17/2018 04:00,-0.006969973999999879
08/17/2018 05:00,-0.008959941999999943
08/17/2018 06:00,-0.0010000099999999401
08/17/2018 07:00,-0.004130093999999973
08/17/2018 08:00,-0.0005800000000000249
08/17/2018 09:00,-0.009940019999999716
08/17/2018 10:00,-1.9999999999686935e-5
08/17/2018 11:00,-0.0025600000000001177
08/17/2018 12:00,-0.006370000000000209
08/17/2018 13:00,0.003090000000000037
08/17/2018 14:00,0.0025499950000000826
08/17/2018 15:00,0.0013299799999999529
08/17/2018 16:00,-0.0018099400000000099
08/17/2018 17:00,0.0013200199999999773
08/17/2018 18:00,0.004740089999999864
08/17/2018 19:00,0.003680099999999964
08/17/2018 20:00,-0.006390019999999996
08/17/2018 21:00,-2.998000000009604e-5
08/17/2018 22:00,0.004939950000000026
08/17/2018 23:00,0.004929970000000283
08/18/2018 00:00,0.0045600400000000985
08/18/2018 01:00,-0.005640039999999957
08/18/2018 02:00,0.004379970000000122
08/18/2018 03:00,0.00436003000000007
08/18/2018 04:00,-0.006869991999999936
08/18/2018 05:00,-0.006859961999999942
08/18/2018 06:00,-0.004360001999999974
08/18/2018 07:00,0.0017800000000001148
08/18/2018 08:00,0.0010200400000002219
08/18/2018 09:00,-0.0069899499999999115
08/18/2018 10:00,0.007290013999999845
08/18/2018 11:00,0.0032399400000000522
08/18/2018 12:00,0.0048699799999999405
08/18/2018 13:00,-0.001589899999999922
08/18/2018 14:00,-0.005389975999999963
08/18/2018 15:00,-4.000999999997923e-5
08/18/2018 16:00,0.003140018000000022
08/18/2018 17:00,-0.002939999999999998
08/18/2018 18:00,-0.0011700199999999938
08/18/2018 19:00,0.0020500750000000956
08/18/2018 20:00,0.0004699599999999915
08/18/2018 21:00,0.0019299400000001299
08/18/2018 22:00,-0.0003799000000002106
08/18/2018 23:00,0.004919910000000027
08/19/2018 00:00,0.008770001999999999
08/19/2018 01:00,0.006280020000000053
08/19/2018 02:00,-0.005630020000000013
08/19/2018 03:00,-0.005609989999999954
08/19/2018 04:00,0.0035599860000000705
08/19/2018 05:00,0.0012900080000000091
08/19/2018 06:00,-0.008490019999999987
08/19/2018 07:00,-0.0011999799999998784
08/19/2018 08:00,0.006899980000000139
08/19/2018 09:00,-0.0025500000000000522
08/19/2018 10:00,-0.002960019999999952
08/19/2018 11:00,0.005389920000000048
08/19/2018 12:00,-0.0056799600000001504
08/19/2018 13:00,0.0031400299999999604
08/19/2018 14:00,-0.000819919999999974
08/19/2018 15:00,0.010060019999999947
08/19/2018 16:00,-0.0037699850000000312
08/19/2018 17:00,0.006309969999999998
08/19/2018 18:00,0.0008999399999998214
08/19/2018 19:00,0.004690000000000083
08/19/2018 20:00,0.000220000000000109
08/19/2018 21:00,0.0031200000000000117
08/19/2018 22:00,-0.0024199999999996447
08/19/2018 23:00,-0.010409999999999808
08/20/2018 00:00,0.0031600049999999102
08/20/2018 01:00,0.005719979999999958
08/20/2018 02:00,-0.006199960000000004
08/20/2018 03:00,0.003800010000000076
08/20/2018 04:00,-0.007419961999999947
08/20/2018 05:00,-0.00743001199999993
08/20/2018 06:00,-0.004920011999999918
08/20/2018 07:00,-0.0017299999999998983
08/20/2018 08:00,0.006360020000000133
08/20/2018 09:00,4.0020000000029476e-5
08/20/2018 10:00,-0.008760042999999995
08/20/2018 11:00,0.004000029999999821
08/20/2018 12:00,-0.005130019999999957
08/20/2018 13:00,0.002579990000000032
08/20/2018 14:00,0.005279999999999951
08/20/2018 15:00,0.0036799399999999927
08/20/2018 16:00,-0.0013699899999999876
08/20/2018 17:00,0.004670028000000048
08/20/2018 18:00,0.006659999999999999
08/20/2018 19:00,0.0006199399999999855
08/20/2018 20:00,0.003599969999999786
08/20/2018 21:00,-3.0039999999953437e-5
08/20/2018 22:00,-0.008130030000000121
08/20/2018 23:00,-0.004139950000000003
08/21/2018 00:00,0.0001700000000001145
08/21/2018 01:00,-0.00428001999999994
08/21/2018 02:00,-0.006179989999999913
08/21/2018 03:00,-0.006200019999999973
08/21/2018 04:00,0.0025800380000000622
08/21/2018 05:00,0.0025700180000000072
08/21/2018 06:00,-0.009029939999999792
08/21/2018 07:00,0.0038799999999998835
08/21/2018 08:00,-0.001309989999999761
08/21/2018 09:00,0.0048700049999998996
08/21/2018 10:00,-0.002289900000000067
08/21/2018 11:00,0.00691006999999999
08/21/2018 12:00,0.004880059999999853
08/21/2018 13:00,-0.007430090000000167
08/21/2018 14:00,0.0016699660000000227
08/21/2018 15:00,0.0023799999999999932
08/21/2018 16:00,0.005190050000000057
08/21/2018 17:00,-0.0016599800000001164
08/21/2018 18:00,-0.005259949999999902
08/21/2018 19:00,0.0007500000000000284
08/21/2018 20:00,0.0056899400000001155
08/21/2018 21:00,-0.005490059999999852
08/21/2018 22:00,-0.006810099999999819
08/21/2018 23:00,-0.00710993999999987
08/22/2018 00:00,-0.005819989999999997
08/22/2018 01:00,-0.007090039999999909
08/22/2018 02:00,-0.006189999999999918
08/22/2018 03:00,-0.006169999999999898
08/22/2018 04:00,-0.007420011999999976
08/22/2018 05:00,-0.007420001999999926
08/22/2018 06:00,0.0017200000000000548
08/22/2018 07:00,-0.001760009999999923
08/22/2018 08:00,-0.010250000000000092
08/22/2018 09:00,0.005800000000000027
08/22/2018 10:00,0.003070039999999885
08/22/2018 11:00,-0.00601004000000005
08/22/2018 12:00,0.007860080000000158
08/22/2018 13:00,-0.001540050000000015
08/22/2018 14:00,-1.005999999997842e-5
08/22/2018 15:00,0.0005801200000000728
08/22/2018 16:00,-0.0029700999999999755
08/22/2018 17:00,0.0030399900000001034
08/22/2018 18:00,0.005129999999999968
08/22/2018 19:00,-0.0023100000000000342
08/22/2018 20:00,0.006539909999999871
08/22/2018 21:00,0.0014699999999998603
08/22/2018 22:00,0.000520000000000076
08/22/2018 23:00,0.0014400300000000366
08/23/2018 00:00,-0.002459937999999995
08/23/2018 01:00,-0.0042899799999999155
08/23/2018 02:00,-0.006200019999999973
08/23/2018 03:00,0.003799980000000036
08/23/2018 04:00,0.0025700180000000072
08/23/2018 05:00,0.0025600080000000025
08/23/2018 06:00,-0.004920011999999918
08/23/2018 07:00,-0.010769999999999946
08/23/2018 08:00,-0.009089965000000033
08/23/2018 09:00,-0.007900030000000058
08/23/2018 10:00,-0.01049004000000009
08/23/2018 11:00,0.007089930000000022
08/23/2018 12:00,0.0042300200000000565
08/23/2018 13:00,0.0025700000000000722
08/23/2018 14:00,-0.004150060000000011
08/23/2018 15:00,-0.0021000840000000576
08/23/2018 16:00,-0.004810079999999939
08/23/2018 17:00,0.002829970000000015
08/23/2018 18:00,-0.00446001000000007
08/23/2018 19:00,-0.0014199800000000984
08/23/2018 20:00,0.006549960000000077
08/23/2018 21:00,-0.0015799799999998143
08/23/2018 22:00,-0.003660050000000137
08/23/2018 23:00,-0.0020199999999999108
08/24/2018 00:00,0.00018001000000011924
08/24/2018 01:00,-0.0042799599999999716
08/24/2018 02:00,-0.006189969999999989
08/24/2018 03:00,-0.0062000500000000125
08/24/2018 04:00,-0.007399941999999937
08/24/2018 05:00,0.002569958000000039
08/24/2018 06:00,-0.006040040000000024
08/24/2018 07:00,0.0032399899999999704
08/24/2018 08:00,0.00027002999999981014
08/24/2018 09:00,3.001000000002474e-5
08/24/2018 10:00,-0.0015500239999999277
08/24/2018 11:00,0.0040199999999999125
08/24/2018 12:00,0.0048899799999999605
08/24/2018 13:00,0.002549990000000002
08/24/2018 14:00,-0.004730039999999935
08/24/2018 15:00,-0.00597004000000001
08/24/2018 16:00,0.0025799780000000105
08/24/2018 17:00,-0.00647004000000001
08/24/2018 18:00,0.000439960000000017
08/24/2018 19:00,0.0045399999999999885
08/24/2018 20:00,0.0012300199999999428
08/24/2018 21:00,-3.0039999999953437e-5
08/24/2018 22:00,-0.005569999999999853
08/24/2018 23:00,0.003299970000000041
08/25/2018 00:00,-0.002359977999999985
08/25/2018 01:00,-0.003719979999999956
08/25/2018 02:00,0.004390010000000055
08/25/2018 03:00,-0.005639999999999978
08/25/2018 04:00,0.003959956000000098
08/25/2018 05:00,0.0012699780000000604
08/25/2018 06:00,-0.008180030000000116
08/25/2018 07:00,0.002799969999999874
08/25/2018 08:00,0.0011700400000000943
08/25/2018 09:00,-0.006139979999999934
08/25/2018 10:00,-0.006189959999999939
08/25/2018 11:00,0.004240060000000101
08/25/2018 12:00,-0.003819970000000117
08/25/2018 13:00,0.002630000000000021
08/25/2018 14:00,-0.0011999799999999894
08/25/2018 15:00,0.0008700000000001484
08/25/2018 16:00,-0.0003000300000000067
08/25/2018 17:00,0.004519989999999918
08/25/2018 18:00,0.00856002999999994
08/25/2018 19:00,-0.000460000000000127
08/25/2018 20:00,0.00316010000000011
08/25/2018 21:00,0.0051199200000000555
08/25/2018 22:00,0.00424004999999994
08/25/2018 23:00,-0.0035800499999999458
08/26/2018 00:00,0.0007200300000000937
08/26/2018 01:00,0.006280020000000053
08/26/2018 02:00,-0.005629959999999934
08/26/2018 03:00,-0.00561993999999999
08/26/2018 04:00,0.003130008000000073
08/26/2018 05:00,0.003140078000000046
08/26/2018 06:00,0.005639988000000096
08/26/2018 07:00,0.010320020000000096
08/26/2018 08:00,-0.007859979999999878
08/26/2018 09:00,0.0005900000000000905
08/26/2018 10:00,0.006829998000000004
08/26/2018 11:00,0.00117995999999998
08/26/2018 12:00,-0.004010020000000003
08/26/2018 13:00,0.0038799600000000156
08/26/2018 14:00,-0.0008100599999999458
08/26/2018 15:00,-0.005350044000000054
08/26/2018 16:00,0.0010399800000000514
08/26/2018 17:00,0.009080000000000199
08/26/2018 18:00,-0.0022900099999998424
08/26/2018 19:00,-0.003410039999999892
08/26/2018 20:00,0.0031600300000003134
08/26/2018 21:00,0.007700040000000241
08/26/2018 22:00,-0.0024799999999998157
08/26/2018 23:00,-0.002929999999999988
08/27/2018 00:00,-0.0013300079999999381
08/27/2018 01:00,-0.0042899800000000265
08/27/2018 02:00,-0.006159990000000004
08/27/2018 03:00,-0.006190019999999907
08/27/2018 04:00,-0.007439992000000006
08/27/2018 05:00,0.0025699880000000785
08/27/2018 06:00,0.005079998000000141
08/27/2018 07:00,-0.0046499800000001645
08/27/2018 08:00,-0.002260053999999956
08/27/2018 09:00,-0.0040700200000001185
08/27/2018 10:00,0.00606999500000005
08/27/2018 11:00,0.0074599699999999824
08/27/2018 12:00,0.00015001999999997295
08/27/2018 13:00,0.002559990000000012
08/27/2018 14:00,0.0016599360000000285
08/27/2018 15:00,-0.0013300100000001036
08/27/2018 16:00,-0.0014999849999999815
08/27/2018 17:00,-0.00021000399999993036
08/27/2018 18:00,0.005109969999999908
08/27/2018 19:00,-0.0023099999999999232
08/27/2018 20:00,-0.008789950000000157
08/27/2018 21:00,-0.0030399500000000135
08/27/2018 22:00,0.002919980000000044
08/27/2018 23:00,-0.010359999999999925
08/28/2018 00:00,0.004670000000000063
08/28/2018 01:00,-0.005419999999999869
08/28/2018 02:00,0.003799980000000036
08/28/2018 03:00,0.0038000400000001155
08/28/2018 04:00,0.002569958000000039
08/28/2018 05:00,0.0025600080000000025
08/28/2018 06:00,0.005489988000000001
08/28/2018 07:00,0.005870025999999973
08/28/2018 08:00,-0.0008000000000001339
08/28/2018 09:00,-0.008540030000000032
08/28/2018 10:00,0.00503000000000009
08/28/2018 11:00,0.004629969999999872
08/28/2018 12:00,-0.003670000000000062
08/28/2018 13:00,0.0030999999999998806
08/28/2018 14:00,0.0016200399999999338
08/28/2018 15:00,-0.0014800799999998837
08/28/2018 16:00,0.0016900499999998875
08/28/2018 17:00,0.0030999899999999414
08/28/2018 18:00,0.005509999999999904
08/28/2018 19:00,0.0015799400000000574
08/28/2018 20:00,0.00046007000000014564
08/28/2018 21:00,-0.003050030000000037
08/28/2018 22:00,-0.001140050000000059
08/28/2018 23:00,-0.0024499399999998728
08/29/2018 00:00,0.006969987999999927
08/29/2018 01:00,0.005920000000000036
08/29/2018 02:00,-0.006199990000000044
08/29/2018 03:00,-0.006179990000000024
08/29/2018 04:00,-0.007429982000000002
08/29/2018 05:00,-0.007430001999999991
08/29/2018 06:00,-0.004920001999999868
08/29/2018 07:00,-0.0017499999999999183
08/29/2018 08:00,-0.005520030000000009
08/29/2018 09:00,0.0058100300000000216
08/29/2018 10:00,0.003060000000000007
08/29/2018 11:00,0.0048399999999999554
08/29/2018 12:00,0.0007799499999999737
08/29/2018 13:00,-0.005629840000000108
08/29/2018 14:00,-0.010000000000000009
08/29/2018 15:00,-0.00016002000000003846
08/29/2018 16:00,-0.0018099699999999386
08/29/2018 17:00,-0.00012995999999998453
08/29/2018 18:00,0.003530000000000033
08/29/2018 19:00,0.0008499900000000782
08/29/2018 20:00,-0.007349969999999928
08/29/2018 21:00,-0.0030600000000000627
08/29/2018 22:00,-0.00812996999999982
08/29/2018 23:00,-0.0041400000000000325
08/30/2018 00:00,0.006979997999999932
08/30/2018 01:00,-0.002560009999999946
08/30/2018 02:00,-0.006199989999999933
08/30/2018 03:00,-0.006169999999999898
08/30/2018 04:00,-0.00696994399999995
08/30/2018 05:00,0.0010499479999999117
08/30/2018 06:00,0.0033900020000000586
08/30/2018 07:00,0.005359990000000092
08/30/2018 08:00,-0.0008099999999999774
08/30/2018 09:00,-0.008510050000000158
08/30/2018 10:00,-3.0000000000196536e-5
08/30/2018 11:00,-0.002560050000000036
08/30/2018 12:00,-0.003659980000000007
08/30/2018 13:00,-0.004470000000000085
08/30/2018 14:00,0.0016300500000000495
08/30/2018 15:00,0.0021499899999999905
08/30/2018 16:00,0.0013299700000000136
08/30/2018 17:00,0.001300049999999886
08/30/2018 18:00,0.004739990000000138
08/30/2018 19:00,-0.005439970000000072
08/30/2018 20:00,0.000449939999999982
08/30/2018 21:00,-0.0030499700000001795
08/30/2018 22:00,-0.001159960000000071
08/30/2018 23:00,0.0014500499999999805
08/31/2018 00:00,0.003160009999999991
08/31/2018 01:00,-0.0042799599999999716
08/31/2018 02:00,-0.006189999999999918
08/31/2018 03:00,-0.006189999999999918
08/31/2018 04:00,0.0025999980000001033
08/31/2018 05:00,0.002570048000000047
08/31/2018 06:00,-0.0015800020000000803
08/31/2018 07:00,-0.007059994000000014
08/31/2018 08:00,-0.002260014000000199
08/31/2018 09:00,0.0005699900000000202
08/31/2018 10:00,0.002689974999999789
08/31/2018 11:00,0.011109939999999874
08/31/2018 12:00,0.006499979999999961
08/31/2018 13:00,0.002840020000000054
08/31/2018 14:00,0.0016299999999999648
08/31/2018 15:00,-0.008589999999999987
08/31/2018 16:00,0.0016899599999999904
08/31/2018 17:00,0.0013200000000000434
08/31/2018 18:00,0.004739989999999805
08/31/2018 19:00,-0.00547996999999989
08/31/2018 20:00,0.0004499999999998394
08/31/2018 21:00,-0.0013999999999998458
08/31/2018 22:00,-0.008119999999999905
08/31/2018 23:00,-0.0041400000000000325
09/01/2018 00:00,0.00027997000000001826
09/01/2018 01:00,-0.0008500300000000016
09/01/2018 02:00,0.007429970000000008
09/01/2018 03:00,0.008020000000000027
09/01/2018 04:00,0.00563996799999994
09/01/2018 05:00,-0.004369981999999939
09/01/2018 06:00,-0.00046999999999997044
09/01/2018 07:00,0.00549999000000001
09/01/2018 08:00,-0.0023399799999999082
09/01/2018 09:00,0.0029601999999999684
09/01/2018 10:00,0.006289999999999907
09/01/2018 11:00,-0.00275000000000003
09/01/2018 12:00,-0.004780010000000057
09/01/2018 13:00,-0.00552000000000008
09/01/2018 14:00,0.00018997399999998166
09/01/2018 15:00,0.006000000000000005
09/01/2018 16:00,0.002360050000000058
09/01/2018 17:00,-0.0011599699999997881
09/01/2018 18:00,0.004429950000000238
09/01/2018 19:00,-0.0028398999999996732
09/01/2018 20:00,0.0028398999999996732
09/01/2018 21:00,0.006799999999999917
09/01/2018 22:00,-0.002929999999999877
09/01/2018 23:00,-0.0037599999999999856
09/02/2018 00:00,0.004109997000000032
09/02/2018 01:00,-0.0008400199999999969
09/02/2018 02:00,-0.0029299899999999934
09/02/2018 03:00,0.007060000000000011
09/02/2018 04:00,-0.00383998999999996
09/02/2018 05:00,-0.005590020000000084
09/02/2018 06:00,0.0046199999999999575
09/02/2018 07:00,-0.0034500600000000325
09/02/2018 08:00,0.0037399499999999364
09/02/2018 09:00,-0.0016700000000000603
09/02/2018 10:00,0.003529960000000054
09/02/2018 11:00,0.0046599999999998865
09/02/2018 12:00,-0.0033599499999998894
09/02/2018 13:00,0.0044799999999998175
09/02/2018 14:00,-0.0030600599999999756
09/02/2018 15:00,0.0021199999999998997
09/02/2018 16:00,-0.005090100000000097
09/02/2018 17:00,0.00024000000000001798
09/02/2018 18:00,-0.0010099700000001377
09/02/2018 19:00,-0.0012099700000001157
09/02/2018 20:00,-0.0001800500000002092
09/02/2018 21:00,0.003190000000000248
09/02/2018 22:00,0.00018999999999991246
09/02/2018 23:00,0.00042999599999998805
09/03/2018 00:00,0.003979997000000013
09/03/2018 01:00,-0.0013999800000000229
09/03/2018 02:00,0.006500019999999995
09/03/2018 03:00,0.006489999999999996
09/03/2018 04:00,-0.004909981999999979
09/03/2018 05:00,-0.004930032000000029
09/03/2018 06:00,-0.0021200000000000108
09/03/2018 07:00,-0.0014899999999999913
09/03/2018 08:00,0.005120019999999892
09/03/2018 09:00,0.01033996600000009
09/03/2018 10:00,0.004620010000000008
09/03/2018 11:00,-0.0019199399999996203
09/03/2018 12:00,-0.0002300000000001745
09/03/2018 13:00,-0.0002999500000001598
09/03/2018 14:00,-0.004209985999999888
09/03/2018 15:00,0.008670010000000006
09/03/2018 16:00,-0.005760039999999744
09/03/2018 17:00,0.000869939999999847
09/03/2018 18:00,0.0027200000000000557
09/03/2018 19:00,0.000359959999999937
09/03/2018 20:00,-0.007740040000000059
09/03/2018 21:00,0.0032499699999999354
09/03/2018 22:00,-0.0038000040000000235
09/03/2018 23:00,-0.0005999650000000356
09/04/2018 00:00,-0.006460023000000037
09/04/2018 01:00,-0.0014099900000000276
09/04/2018 02:00,-0.003499980000000069
09/04/2018 03:00,-0.003499980000000069
09/04/2018 04:00,0.005059988000000071
09/04/2018 05:00,-0.007939980000000069
09/04/2018 06:00,-0.0001300049999999331
09/04/2018 07:00,-0.0022099999999998232
09/04/2018 08:00,-0.0029200000000000337
09/04/2018 09:00,-0.003070000000000128
09/04/2018 10:00,-0.008500060000000031
09/04/2018 11:00,-0.0019199900000002046
09/04/2018 12:00,-0.0002300000000001745
09/04/2018 13:00,0.0020099999999999563
09/04/2018 14:00,-0.004230000000000067
09/04/2018 15:00,0.001699969999999995
09/04/2018 16:00,-0.002230030000000216
09/04/2018 17:00,0.002449989999999902
09/04/2018 18:00,0.0021300000000001873
09/04/2018 19:00,0.0012300600000000328
09/04/2018 20:00,0.002249939999999895
09/04/2018 21:00,0.006899999999999906
09/04/2018 22:00,0.0026200000000000667
09/04/2018 23:00,0.00034001999999999644
09/05/2018 00:00,0.0011199899999999596
09/05/2018 01:00,-0.0014099599999999879
09/05/2018 02:00,0.006499960000000082
09/05/2018 03:00,-0.003500009999999887
09/05/2018 04:00,-0.004919981999999989
09/05/2018 05:00,0.005069988000000136
09/05/2018 06:00,0.00788000000000011
09/05/2018 07:00,-0.008619970000000032
09/05/2018 08:00,0.0003900300000001522
09/05/2018 09:00,0.000260000000000038
09/05/2018 10:00,-0.00522997000000025
09/05/2018 11:00,0.0032600400000000196
09/05/2018 12:00,0.001830030000000038
09/05/2018 13:00,-0.008129960000000103
09/05/2018 14:00,-0.004200046000000013
09/05/2018 15:00,0.004640000000000033
09/05/2018 16:00,-0.0013399900000000686
09/05/2018 17:00,0.007189989999999868
09/05/2018 18:00,0.002120059999999757
09/05/2018 19:00,-9.999999999976694e-5
09/05/2018 20:00,0.00032004000000007693
09/05/2018 21:00,0.000969940000000058
09/05/2018 22:00,0.005940039999999813
09/05/2018 23:00,0.002910015000000099
09/06/2018 00:00,-0.006460032999999976
09/06/2018 01:00,-0.008929960000000015
09/06/2018 02:00,-0.0032900499999999333
09/06/2018 03:00,-0.0021999899999999295
09/06/2018 04:00,-0.004129982000000032
09/06/2018 05:00,-0.0009199899999999817
09/06/2018 06:00,-0.004000000000000226
09/06/2018 07:00,0.0018799999999998818
09/06/2018 08:00,0.009470019999999746
09/06/2018 09:00,-0.0014400300000001476
09/06/2018 10:00,0.006740039999999947
09/06/2018 11:00,0.004070014000000066
09/06/2018 12:00,0.004699969999999998
09/06/2018 13:00,0.0010700100000000656
09/06/2018 14:00,-0.0042200000000000015
09/06/2018 15:00,0.0015899300000000172
09/06/2018 16:00,0.008649970000000007
09/06/2018 17:00,0.006049979999999899
09/06/2018 18:00,-0.004339949999999981
09/06/2018 19:00,0.0009899700000001177
09/06/2018 20:00,0.002270029999999812
09/06/2018 21:00,0.006890000000000063
09/06/2018 22:00,0.0026499600000000623
09/06/2018 23:00,-0.0015000199999999353
09/07/2018 00:00,-0.006050050000000029
09/07/2018 01:00,-0.00394001300000002
09/07/2018 02:00,-0.003500000000000003
09/07/2018 03:00,-0.0034999800000000136
09/07/2018 04:00,-0.004920011999999974
09/07/2018 05:00,-0.004930001999999933
09/07/2018 06:00,-0.0021099999999999453
09/07/2018 07:00,-0.0043000359999999516
09/07/2018 08:00,-0.003499969999999797
09/07/2018 09:00,0.0031799999999999606
09/07/2018 10:00,-0.0012900500000001536
09/07/2018 11:00,0.00048000000000003595
09/07/2018 12:00,0.005020010000000019
09/07/2018 13:00,0.00013999000000008976
09/07/2018 14:00,-0.0021401099999998063
09/07/2018 15:00,0.005279979999999851
09/07/2018 16:00,-0.0013500099999999016
09/07/2018 17:00,-0.002810030000000241
09/07/2018 18:00,0.0021399800000001523
09/07/2018 19:00,-0.00434003000000005
09/07/2018 20:00,0.006610040000000206
09/07/2018 21:00,0.004310000000000036
09/07/2018 22:00,-0.011139959999999949
09/07/2018 23:00,0.008880059999999967
09/08/2018 00:00,-0.005710009999999932
09/08/2018 01:00,0.00013002000000006397
09/08/2018 02:00,-0.002199970000000051
09/08/2018 03:00,-0.0013100199999999118
09/08/2018 04:00,0.007000017999999941
09/08/2018 05:00,-0.004360032000000014
09/08/2018 06:00,-0.0015599999999998948
09/08/2018 07:00,0.0016299749999999502
09/08/2018 08:00,-0.003190000000000248
09/08/2018 09:00,0.005310049999999844
09/08/2018 10:00,-0.004860019999999965
09/08/2018 11:00,-0.006359945999999894
09/08/2018 12:00,0.005310010000000087
09/08/2018 13:00,-0.0032699959999999972
09/08/2018 14:00,-0.005380004000000049
09/08/2018 15:00,-0.00028999999999990145
09/08/2018 16:00,0.004529929999999904
09/08/2018 17:00,0.0020600399999999297
09/08/2018 18:00,-0.004650000000000043
09/08/2018 19:00,0.0013500199999998408
09/08/2018 20:00,-0.00019007000000015317
09/08/2018 21:00,0.005470019999999742
09/08/2018 22:00,-0.004110000000000058
09/08/2018 23:00,-0.005120020000000003
09/09/2018 00:00,-0.005889972999999993
09/09/2018 01:00,-0.0008500300000000016
09/09/2018 02:00,-0.002929990000000049
09/09/2018 03:00,-0.002930020000000033
09/09/2018 04:00,-0.004360042000000064
09/09/2018 05:00,0.005639997999999979
09/09/2018 06:00,-0.0015599999999998948
09/09/2018 07:00,0.001969998000000084
09/09/2018 08:00,-0.005269969999999846
09/09/2018 09:00,-0.0016700000000000603
09/09/2018 10:00,-0.001890005000000028
09/09/2018 11:00,0.003630034000000004
09/09/2018 12:00,0.005299939999999892
09/09/2018 13:00,-0.005520030000000009
09/09/2018 14:00,0.0015899499999999511
09/09/2018 15:00,0.001609987000000035
09/09/2018 16:00,-0.0015500100000001016
09/09/2018 17:00,0.009239989999999976
09/09/2018 18:00,-0.00549000999999999
09/09/2018 19:00,-0.001029979999999986
09/09/2018 20:00,-0.0007800399999998708
09/09/2018 21:00,0.0057099000000000455
09/09/2018 22:00,-0.005309970000000108
09/09/2018 23:00,-0.009570034000000005
09/10/2018 00:00,0.0013599699999999881
09/10/2018 01:00,-0.0014900399999999703
09/10/2018 02:00,-0.002889992000000008
09/10/2018 03:00,-0.003510000000000013
09/10/2018 04:00,-0.004920012000000029
09/10/2018 05:00,0.005080097999999977
09/10/2018 06:00,0.009190010000000082
09/10/2018 07:00,0.006199989999999933
09/10/2018 08:00,0.005120009999999953
09/10/2018 09:00,-0.002579943999999834
09/10/2018 10:00,-0.0019100600000000467
09/10/2018 11:00,0.004060004000000006
09/10/2018 12:00,0.0050100000000000144
09/10/2018 13:00,0.0028099799999999897
09/10/2018 14:00,0.006989980000000062
09/10/2018 15:00,-0.0010800300000000096
09/10/2018 16:00,-0.001360049999999946
09/10/2018 17:00,-0.009209980000000062
09/10/2018 18:00,0.00697002999999996
09/10/2018 19:00,0.0015600399999997627
09/10/2018 20:00,-0.003390000000000004
09/10/2018 21:00,-0.005689999999999973
09/10/2018 22:00,0.007360050000000173
09/10/2018 23:00,0.0029099850000000593
09/11/2018 00:00,0.003550006999999966
09/11/2018 01:00,0.008600000000000052
09/11/2018 02:00,-0.003500009999999998
09/11/2018 03:00,-0.003499970000000019
09/11/2018 04:00,-0.004360010000000025
09/11/2018 05:00,0.0041899800000000376
09/11/2018 06:00,-0.004269989999999946
09/11/2018 07:00,0.004709999999999992
09/11/2018 08:00,0.0010099900000000162
09/11/2018 09:00,-0.0014300000000000423
09/11/2018 10:00,-0.0018699799999999378
09/11/2018 11:00,0.0030500639999999635
09/11/2018 12:00,0.0018300599999999667
09/11/2018 13:00,-0.002990050000000022
09/11/2018 14:00,0.00326000999999998
09/11/2018 15:00,0.0046300200000001235
09/11/2018 16:00,-0.001360009999999856
09/11/2018 17:00,-0.0028100100000000294
09/11/2018 18:00,0.0021300200000000657
09/11/2018 19:00,0.0009699699999999867
09/11/2018 20:00,0.002269940000000026
09/11/2018 21:00,0.0015200700000002065
09/11/2018 22:00,-0.006370100000000267
09/11/2018 23:00,-0.003810000000000091
09/12/2018 00:00,0.006470020000000076
09/12/2018 01:00,-0.004980010000000035
09/12/2018 02:00,-0.0035000100000000534
09/12/2018 03:00,-0.0034900000000000486
09/12/2018 04:00,-0.004930032000000029
09/12/2018 05:00,0.00506996799999998
09/12/2018 06:00,-0.0021100000000000008
09/12/2018 07:00,0.0014099979999999679
09/12/2018 08:00,-0.004719969999999796
09/12/2018 09:00,0.011750020000000028
09/12/2018 10:00,-0.005569979999999974
09/12/2018 11:00,0.0025999999999999357
09/12/2018 12:00,0.007070010000000071
09/12/2018 13:00,-0.00010000999999992821
09/12/2018 14:00,-0.006740019999999958
09/12/2018 15:00,-0.0013299900000000586
09/12/2018 16:00,-0.0010800199999999593
09/12/2018 17:00,0.004100030000000032
09/12/2018 18:00,0.001860009999999912
09/12/2018 19:00,0.0005999999999999339
09/12/2018 20:00,-0.009679959999999932
09/12/2018 21:00,0.0027400000000001867
09/12/2018 22:00,-0.0011100200000000449
09/12/2018 23:00,-0.010140003999999925
09/13/2018 00:00,-0.006449992999999987
09/13/2018 01:00,-0.0013999800000000229
09/13/2018 02:00,-0.003510000000000013
09/13/2018 03:00,-0.003489970000000009
09/13/2018 04:00,-0.004910032000000064
09/13/2018 05:00,-0.004919952000000061
09/13/2018 06:00,-0.0021199999999998997
09/13/2018 07:00,0.001400018000000114
09/13/2018 08:00,0.006860032000000071
09/13/2018 09:00,-0.002569994000000131
09/13/2018 10:00,0.008710039999999974
09/13/2018 11:00,-0.003779980000000016
09/13/2018 12:00,0.004759979999999997
09/13/2018 13:00,0.0040600000000000636
09/13/2018 14:00,0.005570039999999943
09/13/2018 15:00,-0.0013300499999999715
09/13/2018 16:00,-0.00040007000000019666
09/13/2018 17:00,-0.0028099700000001615
09/13/2018 18:00,0.0012199599999997979
09/13/2018 19:00,0.005949970000000082
09/13/2018 20:00,-0.0034000000000000696
09/13/2018 21:00,0.0038199999999999346
09/13/2018 22:00,0.0029800399999999616
09/13/2018 23:00,-0.003169960000000027
09/14/2018 00:00,0.0044300200000000345
09/14/2018 01:00,-0.0013999800000000229
09/14/2018 02:00,-0.003510000000000013
09/14/2018 03:00,-0.003500009999999998
09/14/2018 04:00,0.005079988000000035
09/14/2018 05:00,0.005069968000000036
09/14/2018 06:00,0.006459960000000042
09/14/2018 07:00,-0.004550000000000054
09/14/2018 08:00,0.0030300599999997235
09/14/2018 09:00,-0.0011699999999998933
09/14/2018 10:00,0.00016000000000016001
09/14/2018 11:00,-0.002769999999999939
09/14/2018 12:00,-0.000200000000000089
09/14/2018 13:00,0.0018800399999999717
09/14/2018 14:00,0.0008499499999998772
09/14/2018 15:00,-0.004730000000000012
09/14/2018 16:00,0.006559999999999899
09/14/2018 17:00,-0.0009399599999999619
09/14/2018 18:00,0.003620020000000057
09/14/2018 19:00,0.00015998400000005741
09/14/2018 20:00,0.0031900499999999443
09/14/2018 21:00,-0.0006199700000000252
09/14/2018 22:00,-0.0015299700000001026
09/14/2018 23:00,-0.0019399999999999418
09/15/2018 00:00,0.0012099999999999889
09/15/2018 01:00,-0.0008399900000000127
09/15/2018 02:00,-0.002949999999999897
09/15/2018 03:00,-0.0029399999999999427
09/15/2018 04:00,-0.004360032000000014
09/15/2018 05:00,0.005630058000000049
09/15/2018 06:00,-0.002749940000000173
09/15/2018 07:00,-0.006400020000000062
09/15/2018 08:00,0.0016599600000000159
09/15/2018 09:00,-0.004669999999999952
09/15/2018 10:00,-0.004889999999999839
09/15/2018 11:00,-0.0006999000000000866
09/15/2018 12:00,-0.003399979999999969
09/15/2018 13:00,-0.00831003000000008
09/15/2018 14:00,-0.003059970000000023
09/15/2018 15:00,0.001619997000000012
09/15/2018 16:00,0.0037099800000001126
09/15/2018 17:00,0.0013500000000000734
09/15/2018 18:00,-0.003329990000000005
09/15/2018 19:00,0.008970020000000023
09/15/2018 20:00,-0.0007800100000000532
09/15/2018 21:00,-0.008429969999999898
09/15/2018 22:00,0.001660009999999934
09/15/2018 23:00,0.0032500059999999165
09/16/2018 00:00,0.0017000400000001248
09/16/2018 01:00,-0.0024499329999999597
09/16/2018 02:00,-0.00972002999999999
09/16/2018 03:00,0.007050059999999969
09/16/2018 04:00,0.0061699899999999586
09/16/2018 05:00,0.00761996999999992
09/16/2018 06:00,-0.0015399999999999858
09/16/2018 07:00,0.001989998000000104
09/16/2018 08:00,-0.00012000999999994821
09/16/2018 09:00,0.00283000000000011
09/16/2018 10:00,-0.0014000400000000468
09/16/2018 11:00,0.0004399899999998347
09/16/2018 12:00,0.005310040000000016
09/16/2018 13:00,0.0044599799999999745
09/16/2018 14:00,-0.009800066000000052
09/16/2018 15:00,-0.003980020000000084
09/16/2018 16:00,0.003269999999999884
09/16/2018 17:00,-0.0072599300000000255
09/16/2018 18:00,-0.00026994000000002405
09/16/2018 19:00,0.0007099600000000095
09/16/2018 20:00,-0.0001800500000002092
09/16/2018 21:00,-0.0008399599999997509
09/16/2018 22:00,7.999999999985796e-5
09/16/2018 23:00,0.005850040000000112
09/17/2018 00:00,-0.0006099999999999994
09/17/2018 01:00,-0.0014199400000000084
09/17/2018 02:00,-0.0035099699999999734
09/17/2018 03:00,-0.003510029999999942
09/17/2018 04:00,-0.004919981999999989
09/17/2018 05:00,-0.004919971999999939
09/17/2018 06:00,0.0021299999999999653
09/17/2018 07:00,-0.005819999999999936
09/17/2018 08:00,0.0047200000000000575
09/17/2018 09:00,-0.0043800000000000505
09/17/2018 10:00,0.00869999999999993
09/17/2018 11:00,0.006210000000000049
09/17/2018 12:00,0.0018199999999999328
09/17/2018 13:00,-0.0029899999999999927
09/17/2018 14:00,0.0005900100000000297
09/17/2018 15:00,-0.0047199599999999675
09/17/2018 16:00,-0.0013500099999999016
09/17/2018 17:00,0.00011999000000018079
09/17/2018 18:00,-0.0032399999999999096
09/17/2018 19:00,-0.007050099999999837
09/17/2018 20:00,-0.0034000699999998663
09/17/2018 21:00,-0.0006100700000000181
09/17/2018 22:00,0.004709987000000027
09/17/2018 23:00,-0.00011995399999997769
09/18/2018 00:00,-0.006450022999999971
09/18/2018 01:00,-0.0013999799999999674
09/18/2018 02:00,-0.0034799599999999486
09/18/2018 03:00,-0.003510029999999942
09/18/2018 04:00,-0.004930031999999973
09/18/2018 05:00,0.005080048000000059
09/18/2018 06:00,-0.0021199899999999605
09/18/2018 07:00,0.0013999980000000134
09/18/2018 08:00,4.00200000001405e-5
09/18/2018 09:00,0.005749999999999922
09/18/2018 10:00,-0.0021900200000002368
09/18/2018 11:00,0.009729960000000037
09/18/2018 12:00,-0.006550000000000056
09/18/2018 13:00,-0.0010700400000001054
09/18/2018 14:00,0.010600029999999983
09/18/2018 15:00,-0.0047199600000000785
09/18/2018 16:00,-0.0013299799999999529
09/18/2018 17:00,0.0016899999999999693
09/18/2018 18:00,0.005469950000000168
09/18/2018 19:00,0.0005899600000001115
09/18/2018 20:00,-0.009660049999999698
09/18/2018 21:00,-0.0034799999999999276
09/18/2018 22:00,-0.008850040000000003
09/18/2018 23:00,-0.00045999999999990493
09/19/2018 00:00,0.0011099500000000262
09/19/2018 01:00,-0.0014100499999999405
09/19/2018 02:00,-0.0034900199999999826
09/19/2018 03:00,-0.003510029999999942
09/19/2018 04:00,-0.004919981999999989
09/19/2018 05:00,-0.004920011999999918
09/19/2018 06:00,-0.0008000400000000019
09/19/2018 07:00,-0.00010999999999983245
09/19/2018 08:00,-0.004099960000000014
09/19/2018 09:00,-0.0007000400000001239
09/19/2018 10:00,-0.006210000000000049
09/19/2018 11:00,0.00622997000000014
09/19/2018 12:00,-0.005999899999999947
09/19/2018 13:00,-0.0033498999999999057
09/19/2018 14:00,0.004430000000000156
09/19/2018 15:00,0.0016899499999999401
09/19/2018 16:00,-0.009660010000000052
09/19/2018 17:00,0.007189989999999868
09/19/2018 18:00,0.0021300200000000657
09/19/2018 19:00,-0.00434003000000005
09/19/2018 20:00,-0.0034000000000000696
09/19/2018 21:00,-0.001860050000000113
09/19/2018 22:00,0.003809999999999869
09/19/2018 23:00,0.00952998000000016
09/20/2018 00:00,0.003940049999999973
09/20/2018 01:00,-0.0014800200000000263
09/20/2018 02:00,-0.0066999830000000204
09/20/2018 03:00,-0.0034999800000000136
09/20/2018 04:00,-0.004920011999999918
09/20/2018 05:00,0.00505999800000001
09/20/2018 06:00,0.007880010000000048
09/20/2018 07:00,0.0014199680000001047
09/20/2018 08:00,-0.005319999999999991
09/20/2018 09:00,0.00022001999999998745
09/20/2018 10:00,-0.00019002499999998257
09/20/2018 11:00,0.0016899999999999693
09/20/2018 12:00,0.005010049999999988
09/20/2018 13:00,-0.0029800300000000224
09/20/2018 14:00,0.007239960000000045
09/20/2018 15:00,0.0017100399999998572
09/20/2018 16:00,-0.0022099999999999342
09/20/2018 17:00,0.0071899900000000905
09/20/2018 18:00,-0.008510009999999957
09/20/2018 19:00,-0.0006700299999999881
09/20/2018 20:00,-0.007750060000000003
09/20/2018 21:00,-0.007540030000000142
09/20/2018 22:00,-0.0015199500000000477
09/20/2018 23:00,-0.011130069999999992
09/21/2018 00:00,-0.006060000000000065
09/21/2018 01:00,-0.0014900399999998593
09/21/2018 02:00,-0.0028899919999999524
09/21/2018 03:00,0.006489999999999996
09/21/2018 04:00,0.005070017999999954
09/21/2018 05:00,0.0050800180000000195
09/21/2018 06:00,-0.0035199999999999676
09/21/2018 07:00,-0.0028799100000000966
09/21/2018 08:00,-0.0028699599999999492
09/21/2018 09:00,-0.00020003999999995692
09/21/2018 10:00,-0.0012799800000000694
09/21/2018 11:00,-0.0037899400000001027
09/21/2018 12:00,-0.0029300100000000384
09/21/2018 13:00,0.0028199399999999653
09/21/2018 14:00,0.0057900340000001105
09/21/2018 15:00,-0.005530000000000146
09/21/2018 16:00,0.008660010000000051
09/21/2018 17:00,-0.002810030000000241
09/21/2018 18:00,0.003169999999999895
09/21/2018 19:00,-0.004039960000000065
09/21/2018 20:00,0.00333998000000002
09/21/2018 21:00,-0.0030899799999999367
09/21/2018 22:00,-0.0015200400000001668
09/21/2018 23:00,-0.008199964000000004
09/22/2018 00:00,-0.006349972999999953
09/22/2018 01:00,-0.0008399900000000127
09/22/2018 02:00,-0.0029200000000000337
09/22/2018 03:00,0.00707000999999996
09/22/2018 04:00,0.005630037999999948
09/22/2018 05:00,0.005630057999999938
09/22/2018 06:00,-0.0015500200000000408
09/22/2018 07:00,-0.004479979999999939
09/22/2018 08:00,-0.006849999999999801
09/22/2018 09:00,-0.0016599800000001164
09/22/2018 10:00,-0.008869954999999985
09/22/2018 11:00,0.002879970000000065
09/22/2018 12:00,-0.002119990000000016
09/22/2018 13:00,-0.002270009999999989
09/22/2018 14:00,0.00019000400000002138
09/22/2018 15:00,-0.004000000000000115
09/22/2018 16:00,-0.0006500099999999787
09/22/2018 17:00,0.009560004999999983
09/22/2018 18:00,0.006680020000000009
09/22/2018 19:00,-0.0011199800000000204
09/22/2018 20:00,0.008880019999999988
09/22/2018 21:00,-0.0059000099999998445
09/22/2018 22:00,0.0016599499999999656
09/22/2018 23:00,-0.007469999999999866
09/23/2018 00:00,0.0023600400000000077
09/23/2018 01:00,-0.0008400199999999969
09/23/2018 02:00,-0.002939999999999998
09/23/2018 03:00,-0.0029499699999999685
09/23/2018 04:00,0.005630017999999959
09/23/2018 05:00,-0.0043599819999999845
09/23/2018 06:00,0.007229999999999959
09/23/2018 07:00,0.0024199970000000626
09/23/2018 08:00,-0.0030200000000000227
09/23/2018 09:00,-0.00015002999999991218
09/23/2018 10:00,0.0008899900000001182
09/23/2018 11:00,-0.006369935999999965
09/23/2018 12:00,0.00530005999999994
09/23/2018 13:00,0.004470020000000019
09/23/2018 14:00,0.00019999399999992562
09/23/2018 15:00,-0.0007599829999999919
09/23/2018 16:00,0.006429976000000004
09/23/2018 17:00,0.002990000000000048
09/23/2018 18:00,0.0030600000000002847
09/23/2018 19:00,-0.0012100999999999917
09/23/2018 20:00,0.0013499599999999834
09/23/2018 21:00,0.012170039999999993
09/23/2018 22:00,-0.0018899699999999076
09/23/2018 23:00,0.00043002599999997226
09/24/2018 00:00,0.003999996999999977
09/24/2018 01:00,-0.0014000399999999913
09/24/2018 02:00,-0.0034899699999999534
09/24/2018 03:00,-0.003480019999999917
09/24/2018 04:00,-0.004919981999999989
09/24/2018 05:00,0.0050599780000001315
09/24/2018 06:00,0.007890030000000103
09/24/2018 07:00,0.0013999980000000134
09/24/2018 08:00,-0.005330009999999996
09/24/2018 09:00,-0.009669994000000015
09/24/2018 10:00,-0.004239979999999921
09/24/2018 11:00,-0.0037899000000000127
09/24/2018 12:00,0.0018399799999999633
09/24/2018 13:00,-0.0029800300000000224
09/24/2018 14:00,0.0006100100000000497
09/24/2018 15:00,0.00528003999999993
09/24/2018 16:00,-0.0013500100000000126
09/24/2018 17:00,0.0013099600000000544
09/24/2018 18:00,0.004399989999999909
09/24/2018 19:00,-0.004329959999999966
09/24/2018 20:00,0.006610000000000005
09/24/2018 21:00,0.0007899900000001292
09/24/2018 22:00,-0.0037200400000001466
09/24/2018 23:00,0.0023400000000000087
09/25/2018 00:00,-0.006449993000000043
09/25/2018 01:00,-0.0013999999999999568
09/25/2018 02:00,-0.003489970000000009
09/25/2018 03:00,-0.003500009999999887
09/25/2018 04:00,-0.004920041999999958
09/25/2018 05:00,0.005069968000000036
09/25/2018 06:00,0.00788000000000011
09/25/2018 07:00,0.0017800450000000634
09/25/2018 08:00,0.010040000000000049
09/25/2018 09:00,-0.004250000000000087
09/25/2018 10:00,-0.005550040000000145
09/25/2018 11:00,0.008100060000000076
09/25/2018 12:00,-0.006580030000000292
09/25/2018 13:00,0.0015999999999999348
09/25/2018 14:00,0.003539970000000059
09/25/2018 15:00,0.005979969999999946
09/25/2018 16:00,0.0015799899999999756
09/25/2018 17:00,0.0042500200000000765
09/25/2018 18:00,0.0006399999999999739
09/25/2018 19:00,0.0005899599999998895
09/25/2018 20:00,-0.0027800300000000444
09/25/2018 21:00,-0.005689949999999833
09/25/2018 22:00,0.0011300000000000754
09/25/2018 23:00,-0.008099999999999996
09/26/2018 00:00,-0.006450022999999971
09/26/2018 01:00,-0.0013999999999999568
09/26/2018 02:00,-0.007019999999999971
09/26/2018 03:00,-0.01309001999999998
09/26/2018 04:00,-0.004920032000000019
09/26/2018 05:00,-0.004919922000000021
09/26/2018 06:00,-0.0008099899999999272
09/26/2018 07:00,0.002979979999999882
09/26/2018 08:00,-0.004890029999999879
09/26/2018 09:00,0.006829980000000013
09/26/2018 10:00,0.0020900100000000865
09/26/2018 11:00,-0.005930055999999961
09/26/2018 12:00,0.001719970000000015
09/26/2018 13:00,-0.008129960000000103
09/26/2018 14:00,0.00579998399999998
09/26/2018 15:00,-0.004609970000000019
09/26/2018 16:00,0.0017199900000000046
09/26/2018 17:00,0.0045000400000000385
09/26/2018 18:00,-0.0039900600000000175
09/26/2018 19:00,0.0010100000000000664
09/26/2018 20:00,0.0022699699999999545
09/26/2018 21:00,-0.0031200000000000117
09/26/2018 22:00,0.0009799700000000522
09/26/2018 23:00,-0.00013002400000000636
09/27/2018 00:00,-0.006469993000000007
09/27/2018 01:00,-0.0014000399999999913
09/27/2018 02:00,-0.003479990000000044
09/27/2018 03:00,-0.003499980000000069
09/27/2018 04:00,0.00507998799999998
09/27/2018 05:00,-0.004919942000000066
09/27/2018 06:00,-0.0021200000000000108
09/27/2018 07:00,0.008500010000000002
09/27/2018 08:00,0.005100029999999922
09/27/2018 09:00,0.0015400799999998327
09/27/2018 10:00,0.0053399599999999214
09/27/2018 11:00,-0.001889990000000008
09/27/2018 12:00,-0.00022994000000009507
09/27/2018 13:00,0.0006500499999999576
09/27/2018 14:00,-0.0005999800000000555
09/27/2018 15:00,-0.0035700049999999317
09/27/2018 16:00,-0.003250040000000065
09/27/2018 17:00,0.004500009999999999
09/27/2018 18:00,0.004399940000000102
09/27/2018 19:00,-0.004339980000000132
09/27/2018 20:00,0.006610070000000023
09/27/2018 21:00,0.004310000000000036
09/27/2018 22:00,-0.0011599999999998278
09/27/2018 23:00,0.008489999999999998
09/28/2018 00:00,-0.006060000000000065
09/28/2018 01:00,-0.00394001300000002
09/28/2018 02:00,-0.003510000000000013
09/28/2018 03:00,-0.0034900000000000486
09/28/2018 04:00,0.0050599979999999545
09/28/2018 05:00,-0.00492997200000006
09/28/2018 06:00,-0.0021199899999999605
09/28/2018 07:00,0.0013699999999998713
09/28/2018 08:00,0.008070040000000223
09/28/2018 09:00,-0.0027000260000000775
09/28/2018 10:00,0.0031900200000000156
09/28/2018 11:00,0.00406000399999995
09/28/2018 12:00,-0.00497000000000003
09/28/2018 13:00,0.002819979999999944
09/28/2018 14:00,0.00047997999999999097
09/28/2018 15:00,0.0015600100000000283
09/28/2018 16:00,0.0002099700000001148
09/28/2018 17:00,-0.005510000000000015
09/28/2018 18:00,-0.003990040000000028
09/28/2018 19:00,0.010990030000000095
09/28/2018 20:00,-0.00021997000000006928
09/28/2018 21:00,0.007100000000000106
09/28/2018 22:00,0.0011200399999999888
09/28/2018 23:00,0.011890000000000067
09/29/2018 00:00,-0.006339992999999988
09/29/2018 01:00,-0.0008400200000000524
09/29/2018 02:00,0.0006600399999999729
09/29/2018 03:00,0.007139979999999935
09/29/2018 04:00,-0.004110012000000052
09/29/2018 05:00,-0.007549999999999946
09/29/2018 06:00,0.006530015000000056
09/29/2018 07:00,0.003309989999999985
09/29/2018 08:00,-0.00012999000000002425
09/29/2018 09:00,0.002820009999999984
09/29/2018 10:00,-0.0014100000000000223
09/29/2018 11:00,0.0028800099999999884
09/29/2018 12:00,-0.0021199999999998997
09/29/2018 13:00,0.00015005000000001267
09/29/2018 14:00,0.00018997400000009268
09/29/2018 15:00,0.0007399900000000237
09/29/2018 16:00,0.006429995999999993
09/29/2018 17:00,0.009230020000000061
09/29/2018 18:00,-0.0017000000000000348
09/29/2018 19:00,0.0013500499999998805
09/29/2018 20:00,0.0031099799999999567
09/29/2018 21:00,0.007599999999999996
09/29/2018 22:00,0.006759976000000001
09/29/2018 23:00,-0.00959003399999997
09/30/2018 00:00,0.004089997000000012
09/30/2018 01:00,-0.010839990000000022
09/30/2018 02:00,-0.0029400000000000537
09/30/2018 03:00,-0.0029400400000000326
09/30/2018 04:00,-0.004360001999999974
09/30/2018 05:00,-0.004360032000000014
09/30/2018 06:00,-0.0015600000000000058
09/30/2018 07:00,0.001959987999999968
09/30/2018 08:00,-0.005280009999999891
09/30/2018 09:00,-0.0016100059999999417
09/30/2018 10:00,0.0008900000000000574
09/30/2018 11:00,0.0013099860000000962
09/30/2018 12:00,0.005210040000000027
09/30/2018 13:00,0.004469989999999979
09/30/2018 14:00,-0.001430029999999971
09/30/2018 15:00,-0.00070994000000002
09/30/2018 16:00,0.0037599900000000464
09/30/2018 17:00,0.005909929999999841
09/30/2018 18:00,0.003060019999999941
09/30/2018 19:00,0.0013500000000001844
09/30/2018 20:00,0.009819950000000022
09/30/2018 21:00,-0.006819939999999969
09/30/2018 22:00,-0.002930000000000099
09/30/2018 23:00,-0.004549965000000045
10/01/2018 00:00,0.003969986999999953
10/01/2018 01:00,0.0019599999999999618
10/01/2018 02:00,-0.010300010000000026
10/01/2018 03:00,-0.001090012000000029
10/01/2018 04:00,-0.0026800000000000157
10/01/2018 05:00,-0.002670000000000061
10/01/2018 06:00,-0.0062800100000000025
10/01/2018 07:00,0.0008900299999999861
10/01/2018 08:00,-0.002479969999999998
10/01/2018 09:00,-0.0036600000000002186
10/01/2018 10:00,0.0011699899999999541
10/01/2018 11:00,0.005309999999999926
10/01/2018 12:00,-0.007609989999999733
10/01/2018 13:00,-0.0029100099999999074
10/01/2018 14:00,0.0007199900000001147
10/01/2018 15:00,0.005249949999999948
10/01/2018 16:00,0.0016900000000000803
10/01/2018 17:00,0.0005100300000000502
10/01/2018 18:00,0.00029989999999968653
10/01/2018 19:00,-0.007640029999999909
10/01/2018 20:00,-0.0021499299999998556
10/01/2018 21:00,-0.0019799000000000344
10/01/2018 22:00,0.001320009999999927
10/01/2018 23:00,-0.0024999799999999572
10/02/2018 00:00,-0.003420003000000005
10/02/2018 01:00,-0.008819999999999995
10/02/2018 02:00,-0.0010800020000000798
10/02/2018 03:00,-0.0011000019999999333
10/02/2018 04:00,0.011179999999999968
10/02/2018 05:00,-0.0026700899999999583
10/02/2018 06:00,0.00043998800000000227
10/02/2018 07:00,0.0042800000000000615
10/02/2018 08:00,0.0019499980000000638
10/02/2018 09:00,0.004570000000000074
10/02/2018 10:00,0.0004499649999998301
10/02/2018 11:00,0.005140040000000123
10/02/2018 12:00,-0.0018699599999999483
10/02/2018 13:00,-0.002919979999999933
10/02/2018 14:00,0.00364998999999977
10/02/2018 15:00,0.0008399300000000443
10/02/2018 16:00,0.004499984999999984
10/02/2018 17:00,-0.003919939999999844
10/02/2018 18:00,-0.0038800400000000845
10/02/2018 19:00,-0.0016199999999999548
10/02/2018 20:00,-0.004890000000000061
10/02/2018 21:00,-0.0036500200000000316
10/02/2018 22:00,-0.0015700599999999287
10/02/2018 23:00,0.001499919999999988
10/03/2018 00:00,-0.005180033000000028
10/03/2018 01:00,0.0011800000000000699
10/03/2018 02:00,-0.0011100420000000055
10/03/2018 03:00,-0.001119991999999903
10/03/2018 04:00,-0.00011995000000009082
10/03/2018 05:00,-0.004520030000000008
10/03/2018 06:00,0.0033499400000001067
10/03/2018 07:00,-0.00558001599999991
10/03/2018 08:00,-0.00017003999999998243
10/03/2018 09:00,0.0022399799999999193
10/03/2018 10:00,-0.00628991000000001
10/03/2018 11:00,0.00022999999999973042
10/03/2018 12:00,-0.0023799500000001306
10/03/2018 13:00,0.0009799999999999809
10/03/2018 14:00,0.0007200299999999826
10/03/2018 15:00,0.003909989999999919
10/03/2018 16:00,-0.009050000000000002
10/03/2018 17:00,-0.0026200000000000667
10/03/2018 18:00,0.0016699800000001819
10/03/2018 19:00,-0.0016099999999998893
10/03/2018 20:00,0.00510991999999999
10/03/2018 21:00,0.006350040000000057
10/03/2018 22:00,-0.0012499999999997513
10/03/2018 23:00,0.002669940000000315
10/04/2018 00:00,-0.005829999999999891
10/04/2018 01:00,-0.003279970000000021
10/04/2018 02:00,-0.005860002000000031
10/04/2018 03:00,-0.0012500019999999168
10/04/2018 04:00,-0.007080003000000001
10/04/2018 05:00,0.0012499600000001054
10/04/2018 06:00,0.006009999999999849
10/04/2018 07:00,-2.0000000000020002e-5
10/04/2018 08:00,0.0022499960000000874
10/04/2018 09:00,-0.004300030000000232
10/04/2018 10:00,0.0007500000000000284
10/04/2018 11:00,-0.0021700000000000053
10/04/2018 12:00,0.0024000099999999525
10/04/2018 13:00,-0.002919980000000044
10/04/2018 14:00,0.0025400300000000264
10/04/2018 15:00,0.0032599500000000114
10/04/2018 16:00,0.0009400300000000916
10/04/2018 17:00,0.0009000599999999803
10/04/2018 18:00,-0.004100050000000133
10/04/2018 19:00,0.0023699299999997425
10/04/2018 20:00,-0.0021500000000000963
10/04/2018 21:00,0.0025900000000000922
10/04/2018 22:00,-0.00727000000000011
10/04/2018 23:00,0.00544003000000004
10/05/2018 00:00,-0.005169992999999984
10/05/2018 01:00,0.0011699900000000651
10/05/2018 02:00,-0.001110011999999938
10/05/2018 03:00,-0.0011000119999999836
10/05/2018 04:00,-0.00266999999999995
10/05/2018 05:00,0.00732994000000009
10/05/2018 06:00,0.00042000800000008276
10/05/2018 07:00,0.0006500000000002615
10/05/2018 08:00,0.004670030000000214
10/05/2018 09:00,0.006489960000000128
10/05/2018 10:00,0.0014499999999999513
10/05/2018 11:00,-2.0000000000020002e-5
10/05/2018 12:00,-0.005270009999999936
10/05/2018 13:00,-0.0013301000000001117
10/05/2018 14:00,0.0022099999999999342
10/05/2018 15:00,0.0036399699999999924
10/05/2018 16:00,0.0009399699999999012
10/05/2018 17:00,-0.0026200799999998026
10/05/2018 18:00,0.004569999999999963
10/05/2018 19:00,-0.0018800300000001435
10/05/2018 20:00,0.0012600200000001394
10/05/2018 21:00,-0.003659980000000118
10/05/2018 22:00,-0.006319949999999963
10/05/2018 23:00,-0.006519972999999957
10/06/2018 00:00,-0.0033000429999999747
10/06/2018 01:00,0.0017399900000000246
10/06/2018 02:00,-0.0005400419999999628
10/06/2018 03:00,-0.0005300019999999739
10/06/2018 04:00,-0.0021099799999999558
10/06/2018 05:00,-0.0021100099999998845
10/06/2018 06:00,0.003669999999999951
10/06/2018 07:00,0.003110000000000168
10/06/2018 08:00,-0.0027300500000000394
10/06/2018 09:00,-0.00383003000000004
10/06/2018 10:00,-8.998000000004502e-5
10/06/2018 11:00,-0.0059700299999998485
10/06/2018 12:00,-0.010050090000000012
10/06/2018 13:00,2.999999999997449e-5
10/06/2018 14:00,-0.004129999999999745
10/06/2018 15:00,0.0003900599999999699
10/06/2018 16:00,0.00298995000000013
10/06/2018 17:00,0.0025999999999999357
10/06/2018 18:00,-0.007770000000000055
10/06/2018 19:00,0.0009099999999997443
10/06/2018 20:00,0.001170069999999912
10/06/2018 21:00,0.0006100400000002004
10/06/2018 22:00,0.0012900000000000134
10/06/2018 23:00,0.005229970000000028
10/07/2018 00:00,-0.0017599799999999943
10/07/2018 01:00,-0.003899979999999914
10/07/2018 02:00,0.002879988
10/07/2018 03:00,-0.0005400119999999786
10/07/2018 04:00,0.009259996999999909
10/07/2018 05:00,0.0015000399999999248
10/07/2018 06:00,0.005700020000000028
10/07/2018 07:00,0.005079999999999973
10/07/2018 08:00,0.006210000000000049
10/07/2018 09:00,-0.0011900000000000244
10/07/2018 10:00,0.002579970000000209
10/07/2018 11:00,-0.0005100000000000104
10/07/2018 12:00,0.00013004999999999267
10/07/2018 13:00,0.001889895999999891
10/07/2018 14:00,-0.003949994000000068
10/07/2018 15:00,-0.00021994000000002956
10/07/2018 16:00,-0.006169999999999898
10/07/2018 17:00,-0.010399989999999804
10/07/2018 18:00,0.007270019999999988
10/07/2018 19:00,-0.004339970000000193
10/07/2018 20:00,-0.00021999999999988695
10/07/2018 21:00,-0.003849999999999909
10/07/2018 22:00,0.0010600399999998178
10/07/2018 23:00,-0.00047996999999999623
10/08/2018 00:00,0.0018099870000000129
10/08/2018 01:00,0.0011699900000000096
10/08/2018 02:00,-0.0011100420000000333
10/08/2018 03:00,-0.0011099820000000094
10/08/2018 04:00,-0.0012599429999999856
10/08/2018 05:00,0.0012400399999998868
10/08/2018 06:00,-0.003999980000000125
10/08/2018 07:00,0.0032399999999999096
10/08/2018 08:00,0.005170029999999715
10/08/2018 09:00,-0.0023000299999997864
10/08/2018 10:00,0.0012699600000001254
10/08/2018 11:00,-0.005679900000000071
10/08/2018 12:00,0.004709960000000013
10/08/2018 13:00,-0.0016099800000000108
10/08/2018 14:00,0.0007199699999999587
10/08/2018 15:00,0.005270039999999976
10/08/2018 16:00,0.010929980000000228
10/08/2018 17:00,0.010299999999999976
10/08/2018 18:00,-0.005269999999999886
10/08/2018 19:00,0.0023600000000001398
10/08/2018 20:00,-0.0021499999999998742
10/08/2018 21:00,0.001140000000000141
10/08/2018 22:00,-0.0015799999999999148
10/08/2018 23:00,-0.003749959999999941
10/09/2018 00:00,0.001949975999999909
10/09/2018 01:00,-0.008839980000000025
10/09/2018 02:00,-0.0011000019999999888
10/09/2018 03:00,-0.001119992000000014
10/09/2018 04:00,-0.002680009999999955
10/09/2018 05:00,-0.0026800299999999444
10/09/2018 06:00,0.00043998800000000227
10/09/2018 07:00,-0.006709996999999968
10/09/2018 08:00,0.0010500100000001567
10/09/2018 09:00,-0.0013599999999998058
10/09/2018 10:00,0.0037899700000001424
10/09/2018 11:00,0.005359969999999992
10/09/2018 12:00,-0.0003399800000001285
10/09/2018 13:00,-0.0012700299999999776
10/09/2018 14:00,0.003719970000000017
10/09/2018 15:00,0.005250010000000027
10/09/2018 16:00,0.01094002999999999
10/09/2018 17:00,0.0003000699999998746
10/09/2018 18:00,-0.006640000000000423
10/09/2018 19:00,0.0023800300000000885
10/09/2018 20:00,0.0011899700000002067
10/09/2018 21:00,0.006360020000000022
10/09/2018 22:00,-0.0015800000000000258
10/09/2018 23:00,0.002489976000000005
10/10/2018 00:00,-0.0034300130000000095
10/10/2018 01:00,0.0011700000000000044
10/10/2018 02:00,-0.001090012000000029
10/10/2018 03:00,-0.0011000019999999888
10/10/2018 04:00,-0.00266999999999995
10/10/2018 05:00,-0.002680009999999955
10/10/2018 06:00,0.0033199999999999896
10/10/2018 07:00,0.004409994000000195
10/10/2018 08:00,0.008600010000000102
10/10/2018 09:00,0.0012099999999999334
10/10/2018 10:00,0.0007400400000001639
10/10/2018 11:00,0.007840040000000048
10/10/2018 12:00,0.002390039999999982
10/10/2018 13:00,-0.002920009999999973
10/10/2018 14:00,0.0007200299999999826
10/10/2018 15:00,0.005259970000000003
10/10/2018 16:00,0.0009499800000000169
10/10/2018 17:00,0.0009000299999999406
10/10/2018 18:00,-0.0021799599999998698
10/10/2018 19:00,0.00043997999999989545
10/10/2018 20:00,0.0011599700000001212
10/10/2018 21:00,0.009850070000000155
10/10/2018 22:00,-0.003350000000000186
10/10/2018 23:00,-0.003749959999999941
10/11/2018 00:00,-0.01047999999999999
10/11/2018 01:00,0.0019399600000000738
10/11/2018 02:00,-0.001090012000000029
10/11/2018 03:00,-0.0011000019999999888
10/11/2018 04:00,0.007320000000000049
10/11/2018 05:00,-0.002670029999999879
10/11/2018 06:00,0.010419998000000041
10/11/2018 07:00,0.0032900229999999198
10/11/2018 08:00,0.00560002000000015
10/11/2018 09:00,0.0029000040000000116
10/11/2018 10:00,0.0012000000000000899
10/11/2018 11:00,-0.006429979999999946
10/11/2018 12:00,0.007519999999999971
10/11/2018 13:00,-0.0012199999999999989
10/11/2018 14:00,0.0007200299999999826
10/11/2018 15:00,-0.004740010000000017
10/11/2018 16:00,0.0009500000000001174
10/11/2018 17:00,0.003910050000000109
10/11/2018 18:00,-0.004780079999999964
10/11/2018 19:00,0.0013500200000000628
10/11/2018 20:00,-0.00488999999999995
10/11/2018 21:00,-0.0036600400000000866
10/11/2018 22:00,-0.00762003
10/11/2018 23:00,0.0034799970000000124
10/12/2018 00:00,0.004139965999999995
10/12/2018 01:00,-0.005339980000000022
10/12/2018 02:00,-0.006930001999999991
10/12/2018 03:00,0.0005300280000000157
10/12/2018 04:00,-0.0026700100000000004
10/12/2018 05:00,-0.0026800299999999444
10/12/2018 06:00,-0.0037499800000000416
10/12/2018 07:00,0.0003899939999998381
10/12/2018 08:00,0.005810000000000315
10/12/2018 09:00,0.0020800199999999602
10/12/2018 10:00,0.0007499999999998064
10/12/2018 11:00,-0.0021599999999999397
10/12/2018 12:00,0.007509999999999906
10/12/2018 13:00,-0.0016000000000000458
10/12/2018 14:00,0.0007100199999999779
10/12/2018 15:00,0.0011699900000000651
10/12/2018 16:00,-0.005520074999999958
10/12/2018 17:00,0.0015100000000000113
10/12/2018 18:00,-0.00832995999999997
10/12/2018 19:00,-0.0016300399999999993
10/12/2018 20:00,-0.004890049999999868
10/12/2018 21:00,0.006349980000000088
10/12/2018 22:00,0.0023100600000001137
10/12/2018 23:00,-0.005019999999999969
10/13/2018 00:00,-0.003300013000000046
10/13/2018 01:00,0.0017199900000000046
10/13/2018 02:00,-0.0005399819999999944
10/13/2018 03:00,-0.0005399819999999389
10/13/2018 04:00,-0.0021100099999998845
10/13/2018 05:00,-0.002120019999999889
10/13/2018 06:00,0.000969958000000104
10/13/2018 07:00,0.0039000030000000407
10/13/2018 08:00,0.00012001999999977642
10/13/2018 09:00,-0.009870019999999924
10/13/2018 10:00,0.007219974999999934
10/13/2018 11:00,0.006230019999999947
10/13/2018 12:00,0.0012799799999999584
10/13/2018 13:00,-0.003080010000000022
10/13/2018 14:00,-0.004669990000000013
10/13/2018 15:00,-0.008070000000000022
10/13/2018 16:00,-0.002090080000000105
10/13/2018 17:00,-0.0011300200000000649
10/13/2018 18:00,-0.00043999999999999595
10/13/2018 19:00,-0.008180100000000134
10/13/2018 20:00,0.003999949999999863
10/13/2018 21:00,-0.004250030000000127
10/13/2018 22:00,-0.005839970000000028
10/13/2018 23:00,-0.000569939999999991
10/14/2018 00:00,0.0018799500000000746
10/14/2018 01:00,0.003060020000000052
10/14/2018 02:00,-0.0005400119999999786
10/14/2018 03:00,-0.010549991999999953
10/14/2018 04:00,-0.010740002999999998
10/14/2018 05:00,-0.0017599800000001053
10/14/2018 06:00,0.003669990000000012
10/14/2018 07:00,0.0009599499999999317
10/14/2018 08:00,-0.005540019999999979
10/14/2018 09:00,0.00026999999999999247
10/14/2018 10:00,0.0004900000000001015
10/14/2018 11:00,-0.009470060000000169
10/14/2018 12:00,0.009960009999999908
10/14/2018 13:00,-0.006830060000000082
10/14/2018 14:00,0.004329994999999975
10/14/2018 15:00,-0.00021999999999999797
10/14/2018 16:00,-0.004130019999999984
10/14/2018 17:00,0.007990029999999981
10/14/2018 18:00,-0.002720009999999995
10/14/2018 19:00,0.00045997999999980443
10/14/2018 20:00,-0.0006600700000003457
10/14/2018 21:00,-0.0042600000000001526
10/14/2018 22:00,0.001049900000000159
10/14/2018 23:00,-0.0038700099999999793
10/15/2018 00:00,0.0018099870000000129
10/15/2018 01:00,0.0011700199999999938
10/15/2018 02:00,-0.0011000219999999783
10/15/2018 03:00,-0.0011100019999999988
10/15/2018 04:00,-0.0026800100000000104
10/15/2018 05:00,0.005480060000000009
10/15/2018 06:00,-0.0008100100000000277
10/15/2018 07:00,-0.0036000299999999763
10/15/2018 08:00,-0.0014299999999999313
10/15/2018 09:00,-0.004399970000000142
10/15/2018 10:00,0.00043997499999992584
10/15/2018 11:00,0.011109999999999953
10/15/2018 12:00,0.001000049999999919
10/15/2018 13:00,0.006409996000000029
10/15/2018 14:00,0.007809979999999883
10/15/2018 15:00,-0.005449990000000127
10/15/2018 16:00,-0.00827
10/15/2018 17:00,0.0009099799999998659
10/15/2018 18:00,0.005899999999999905
10/15/2018 19:00,0.002359879999999981
10/15/2018 20:00,-0.0021400400000000097
10/15/2018 21:00,-0.001980000000000315
10/15/2018 22:00,-0.002840010000000004
10/15/2018 23:00,0.005129949999999939
10/16/2018 00:00,-0.003410002999999995
10/16/2018 01:00,0.0011600199999999838
10/16/2018 02:00,-0.0010800020000000243
10/16/2018 03:00,-0.0011000019999999888
10/16/2018 04:00,-0.0026800100000000104
10/16/2018 05:00,-0.002679829999999994
10/16/2018 06:00,0.0033200300000000016
10/16/2018 07:00,-0.005580046000000061
10/16/2018 08:00,0.00018009999999990534
10/16/2018 09:00,-3.0009999999913717e-5
10/16/2018 10:00,-0.0023199799999999993
10/16/2018 11:00,0.0007599000000000355
10/16/2018 12:00,0.003580009999999856
10/16/2018 13:00,-0.001259959999999949
10/16/2018 14:00,0.0017099749999999192
10/16/2018 15:00,-0.005440050000000141
10/16/2018 16:00,0.004480004999999954
10/16/2018 17:00,-0.0040100000000000136
10/16/2018 18:00,0.001349939999999994
10/16/2018 19:00,0.0023600000000000287
10/16/2018 20:00,0.007859999999999978
10/16/2018 21:00,-0.001980000000000315
10/16/2018 22:00,0.005880000000000107
10/16/2018 23:00,0.00544000999999994
10/17/2018 00:00,-0.008720013000000026
10/17/2018 01:00,0.0011599899999999996
10/17/2018 02:00,-0.0011000120000000113
10/17/2018 03:00,-0.0011100119999999936
10/17/2018 04:00,-0.0026700000000000057
10/17/2018 05:00,0.002699930000000017
10/17/2018 06:00,0.0033099900000000404
10/17/2018 07:00,0.0061700699999999165
10/17/2018 08:00,0.010539999999999994
10/17/2018 09:00,0.006370019999999976
10/17/2018 10:00,0.0007299999999998974
10/17/2018 11:00,-0.002170039999999984
10/17/2018 12:00,0.002410070000000042
10/17/2018 13:00,-0.0029200400000000126
10/17/2018 14:00,0.002529990000000093
10/17/2018 15:00,-0.0018100399999999572
10/17/2018 16:00,0.0001399400000001716
10/17/2018 17:00,-0.007759989999999828
10/17/2018 18:00,0.0016499999999999293
10/17/2018 19:00,0.01235994000000007
10/17/2018 20:00,0.0014400199999999863
10/17/2018 21:00,-0.005459900000000184
10/17/2018 22:00,-0.00037003999999973836
10/17/2018 23:00,0.006259989999999993
10/18/2018 00:00,-0.0016099800000000108
10/18/2018 01:00,0.0011699900000000096
10/18/2018 02:00,-0.001100012000000039
10/18/2018 03:00,-0.0010900020000000343
10/18/2018 04:00,-0.002680010000000066
10/18/2018 05:00,-0.002659950000000022
10/18/2018 06:00,0.003320059999999958
10/18/2018 07:00,-0.004689960000000104
10/18/2018 08:00,0.0022399759999999214
10/18/2018 09:00,0.005610010000000054
10/18/2018 10:00,0.0004200149999999958
10/18/2018 11:00,0.0011099999999999444
10/18/2018 12:00,0.008659940000000033
10/18/2018 13:00,-0.005610010000000054
10/18/2018 14:00,0.008610000000000007
10/18/2018 15:00,0.006039970000000117
10/18/2018 16:00,0.006059980000000076
10/18/2018 17:00,0.00029999999999996696
10/18/2018 18:00,0.004129999999999967
10/18/2018 19:00,0.0053399999999999
10/18/2018 20:00,-0.0021499999999998742
10/18/2018 21:00,0.0026100000000002233
10/18/2018 22:00,0.0023800299999999774
10/18/2018 23:00,0.0049899800000000605
10/19/2018 00:00,-0.0004899999999999904
10/19/2018 01:00,0.002510002000000011
10/19/2018 02:00,-0.0011199920000000696
10/19/2018 03:00,-0.001100012000000039
10/19/2018 04:00,-0.0026900100000000204
10/19/2018 05:00,-0.0026800399999998836
10/19/2018 06:00,0.0004199980000000325
10/19/2018 07:00,0.0013299700000000136
10/19/2018 08:00,0.0022399760000000324
10/19/2018 09:00,-0.00442001000000003
10/19/2018 10:00,0.0002499740000001527
10/19/2018 11:00,-0.0021700000000000053
10/19/2018 12:00,0.0023900099999999425
10/19/2018 13:00,0.007089970000000001
10/19/2018 14:00,0.0007099600000000095
10/19/2018 15:00,0.005259989999999992
10/19/2018 16:00,0.0009398999999999935
10/19/2018 17:00,0.008960000000000079
10/19/2018 18:00,0.0062902000000000236
10/19/2018 19:00,0.002769990000000222
10/19/2018 20:00,-0.004889960000000082
10/19/2018 21:00,-0.0027699599999999602
10/19/2018 22:00,0.001320009999999927
10/19/2018 23:00,-0.003749989999999981
10/20/2018 00:00,0.008500000000000063
10/20/2018 01:00,-0.008270000000000055
10/20/2018 02:00,-0.0005400120000000341
10/20/2018 03:00,-0.0005199819999999744
10/20/2018 04:00,-0.0021200000000000108
10/20/2018 05:00,0.00788996000000003
10/20/2018 06:00,-0.006310000000000038
10/20/2018 07:00,0.0002500000000000835
10/20/2018 08:00,-0.0035399900000000484
10/20/2018 09:00,0.00010997000000001478
10/20/2018 10:00,0.0074299970000000215
10/20/2018 11:00,0.004480009999999979
10/20/2018 12:00,-0.0005399999999999849
10/20/2018 13:00,0.00020000000000003348
10/20/2018 14:00,0.0025200000000000222
10/20/2018 15:00,0.0040599999999999525
10/20/2018 16:00,-0.002120010000000061
10/20/2018 17:00,0.004819999999999991
10/20/2018 18:00,-0.0042800400000000405
10/20/2018 19:00,0.0025599599999999167
10/20/2018 20:00,-0.0006699000000001121
10/20/2018 21:00,-0.006750040000000235
10/20/2018 22:00,-0.00017999999999995797
10/20/2018 23:00,0.004039996999999962
10/21/2018 00:00,-0.0028600129999999946
10/21/2018 01:00,-0.005219979999999957
10/21/2018 02:00,0.004479989999999989
10/21/2018 03:00,-0.0005300020000000294
10/21/2018 04:00,-0.0021100099999999955
10/21/2018 05:00,-0.0021000400000000252
10/21/2018 06:00,0.003650040000000132
10/21/2018 07:00,0.003090030000000077
10/21/2018 08:00,0.003579980000000038
10/21/2018 09:00,-0.008779972999999996
10/21/2018 10:00,0.00020000000000003348
10/21/2018 11:00,0.004449999999999954
10/21/2018 12:00,-0.0005299899999999802
10/21/2018 13:00,0.00020000000000003348
10/21/2018 14:00,0.0025100200000000294
10/21/2018 15:00,-0.0032200200000000456
10/21/2018 16:00,-0.001960010000000012
10/21/2018 17:00,-0.0011399999999999744
10/21/2018 18:00,-0.0022299699999999145
10/21/2018 19:00,-0.002030030000000016
10/21/2018 20:00,-0.0006599999999998829
10/21/2018 21:00,-0.004930000000000101
10/21/2018 22:00,-9.98799999998301e-5
10/21/2018 23:00,-0.0047599999999999865
10/22/2018 00:00,0.00012999999999996348
10/22/2018 01:00,0.0025199920000000264
10/22/2018 02:00,-0.0010900020000000343
10/22/2018 03:00,-0.011119982000000028
10/22/2018 04:00,-0.0026800100000000104
10/22/2018 05:00,-0.0026800399999999946
10/22/2018 06:00,-0.0066700099999999485
10/22/2018 07:00,0.004439993999999947
10/22/2018 08:00,0.008600009999999991
10/22/2018 09:00,-0.00878000000000001
10/22/2018 10:00,0.0007200000000000539
10/22/2018 11:00,0.0007600399999999619
10/22/2018 12:00,0.00016002999999986667
10/22/2018 13:00,-0.0030799900000000324
10/22/2018 14:00,0.0007099899999999382
10/22/2018 15:00,-0.004750009999999971
10/22/2018 16:00,0.0009599999999999609
10/22/2018 17:00,-0.0006799900000000747
10/22/2018 18:00,0.004730000000000123
10/22/2018 19:00,-0.0046999999999999265
10/22/2018 20:00,0.0022300000000001763
10/22/2018 21:00,-0.0019899999999999363
10/22/2018 22:00,-0.004109949999999918
10/22/2018 23:00,-0.0005699999999998484
10/23/2018 00:00,0.004120009999999896
10/23/2018 01:00,-0.008580000000000032
10/23/2018 02:00,-0.001090012000000029
10/23/2018 03:00,-0.0011000020000000443
10/23/2018 04:00,-0.0012700030000000195
10/23/2018 05:00,0.0012599500000000097
10/23/2018 06:00,-0.003999980000000014
10/23/2018 07:00,0.004429993999999993
10/23/2018 08:00,0.004820029999999975
10/23/2018 09:00,-0.001150029999999913
10/23/2018 10:00,0.0007500000000000284
10/23/2018 11:00,-0.002169980000000127
10/23/2018 12:00,0.005850000000000133
10/23/2018 13:00,-0.0012099999999999334
10/23/2018 14:00,0.0006999899999999837
10/23/2018 15:00,-0.004760030000000026
10/23/2018 16:00,-0.0018100000000000893
10/23/2018 17:00,0.0041599999999999415
10/23/2018 18:00,0.0026400300000000154
10/23/2018 19:00,0.0023800000000000487
10/23/2018 20:00,-0.0021399999999998087
10/23/2018 21:00,0.008010000000000073
10/23/2018 22:00,0.008740050000000332
10/23/2018 23:00,-0.002789989999999909
10/24/2018 00:00,-0.008740012999999991
10/24/2018 01:00,0.0011599999999999389
10/24/2018 02:00,-0.0011000020000000443
10/24/2018 03:00,-0.001119992000000014
10/24/2018 04:00,-0.0026700000000000057
10/24/2018 05:00,-0.0026600099999999904
10/24/2018 06:00,0.0023699699999998325
10/24/2018 07:00,0.0008699999999999264
10/24/2018 08:00,-0.004820010000000208
10/24/2018 09:00,0.012040010000000212
10/24/2018 10:00,0.0007300300000000481
10/24/2018 11:00,-0.0021599999999999397
10/24/2018 12:00,0.0024099800000000338
10/24/2018 13:00,-0.002129990000000026
10/24/2018 14:00,0.0007100199999999779
10/24/2018 15:00,-0.003770004000000049
10/24/2018 16:00,-0.004299899999999912
10/24/2018 17:00,0.0028000299999999534
10/24/2018 18:00,-0.00218001000000001
10/24/2018 19:00,-0.003589999999999982
10/24/2018 20:00,-0.004889959999999971
10/24/2018 21:00,0.0026799500000000975
10/24/2018 22:00,0.004610060000000082
10/24/2018 23:00,-0.004559989999999958
10/25/2018 00:00,-0.005170023000000024
10/25/2018 01:00,-0.00884000000000007
10/25/2018 02:00,-0.001110012000000049
10/25/2018 03:00,-0.0011100020000000543
10/25/2018 04:00,-0.00267004000000004
10/25/2018 05:00,-0.002670010000000056
10/25/2018 06:00,-0.006670010000000004
10/25/2018 07:00,-0.005329945999999808
10/25/2018 08:00,0.0016300000000000203
10/25/2018 09:00,0.005579999999999918
10/25/2018 10:00,0.00043999500000013736
10/25/2018 11:00,-0.0002499799999999275
10/25/2018 12:00,0.0024100099999999625
10/25/2018 13:00,-0.0029300500000000174
10/25/2018 14:00,-0.006900000000000017
10/25/2018 15:00,0.003629989999999972
10/25/2018 16:00,-0.006129999999999969
10/25/2018 17:00,0.0031000400000000816
10/25/2018 18:00,-0.008339970000000085
10/25/2018 19:00,0.0023699600000000043
10/25/2018 20:00,-0.0021299699999999255
10/25/2018 21:00,-0.001980000000000093
10/25/2018 22:00,-0.01037003999999997
10/25/2018 23:00,0.007519999999999971
10/26/2018 00:00,0.006569986999999999
10/26/2018 01:00,0.00329997999999998
10/26/2018 02:00,-0.006209999999999993
10/26/2018 03:00,-0.0011099820000000094
10/26/2018 04:00,-0.0026800100000000104
10/26/2018 05:00,0.007330029999999987
10/26/2018 06:00,0.010430007999999935
10/26/2018 07:00,0.0004000100000001172
10/26/2018 08:00,0.0019700199999999057
10/26/2018 09:00,0.0023399999999997867
10/26/2018 10:00,-0.0041400000000000325
10/26/2018 11:00,-0.002169980000000016
10/26/2018 12:00,0.0024099799999999783
10/26/2018 13:00,-0.0029200100000000284
10/26/2018 14:00,0.0007199900000000037
10/26/2018 15:00,0.005250040000000011
10/26/2018 16:00,0.0009500000000000064
10/26/2018 17:00,-0.0007199900000000037
10/26/2018 18:00,0.0016400300000000145
10/26/2018 19:00,-0.0016100000000000003
10/26/2018 20:00,0.0005299599999999405
10/26/2018 21:00,-0.001980000000000315
10/26/2018 22:00,0.006120000000000125
10/26/2018 23:00,-0.006120100000000184
10/27/2018 00:00,-0.009970029999999963
10/27/2018 01:00,-0.008270009999999994
10/27/2018 02:00,-0.0005499919999999991
10/27/2018 03:00,-0.0005300019999999739
10/27/2018 04:00,-0.0020999999999999908
10/27/2018 05:00,0.007889969999999913
10/27/2018 06:00,0.009110129999999828
10/27/2018 07:00,0.0044199999999998685
10/27/2018 08:00,-0.0016900000000001913
10/27/2018 09:00,0.010270029999999819
10/27/2018 10:00,-0.0008900400000000364
10/27/2018 11:00,-0.00510995000000003
10/27/2018 12:00,0.00011991000000000085
10/27/2018 13:00,-0.0010500399999999743
10/27/2018 14:00,-0.0034699799999999836
10/27/2018 15:00,-0.00021004999999996166
10/27/2018 16:00,0.005279999999999951
10/27/2018 17:00,-0.004489860000000068
10/27/2018 18:00,-0.00021998000000011952
10/27/2018 19:00,-0.0039199999999999235
10/27/2018 20:00,-0.0006600700000001236
10/27/2018 21:00,0.005759999999999765
10/27/2018 22:00,9.004000000001344e-5
10/27/2018 23:00,0.00029000000000001247
10/28/2018 00:00,-0.00285001300000004
10/28/2018 01:00,0.0017199699999999596
10/28/2018 02:00,-0.0005400120000000341
10/28/2018 03:00,-0.0005400120000000341
10/28/2018 04:00,-0.0021200000000000663
10/28/2018 05:00,-0.002120049999999929
10/28/2018 06:00,0.0036699700000000224
10/28/2018 07:00,0.005959994999999996
10/28/2018 08:00,0.0001100000000000545
10/28/2018 09:00,0.007079980000000097
10/28/2018 10:00,-0.002779995000000035
10/28/2018 11:00,0.009479940000000076
10/28/2018 12:00,0.004459999999999964
10/28/2018 13:00,0.002689990000000031
10/28/2018 14:00,-0.0017199500000000256
10/28/2018 15:00,0.0006000200000000344
10/28/2018 16:00,-0.002030030000000016
10/28/2018 17:00,0.002640100000000034
10/28/2018 18:00,-0.00022999999999995246
10/28/2018 19:00,0.006079979999999985
10/28/2018 20:00,-0.0006701399999999857
10/28/2018 21:00,-0.0042599999999999305
10/28/2018 22:00,9.004000000001344e-5
10/28/2018 23:00,-0.0005699900000000202
10/29/2018 00:00,-0.004109962999999994
10/29/2018 01:00,-0.008829980000000015
10/29/2018 02:00,-0.011100001999999998
10/29/2018 03:00,-0.001119992000000014
10/29/2018 04:00,0.007330020000000048
10/29/2018 05:00,-0.0026700899999999583
10/29/2018 06:00,0.010430008000000046
10/29/2018 07:00,0.004270000000000107
10/29/2018 08:00,0.0019499980000000638
10/29/2018 09:00,0.004270010000000046
10/29/2018 10:00,-0.010649992999999913
10/29/2018 11:00,-0.006459979999999921
10/29/2018 12:00,0.0010600100000000001
10/29/2018 13:00,0.0070699899999999705
10/29/2018 14:00,0.0006999899999998727
10/29/2018 15:00,-0.003539979999999998
10/29/2018 16:00,0.004480044999999988
10/29/2018 17:00,-0.0039900200000000385
10/29/2018 18:00,0.0023399499999999795
10/29/2018 19:00,0.0023600299999998464
10/29/2018 20:00,0.0011499600000001164
10/29/2018 21:00,-0.0026600700000001254
10/29/2018 22:00,-0.0020400000000000418
10/29/2018 23:00,-0.0037600400000000755
10/30/2018 00:00,0.0012699969999999672
10/30/2018 01:00,-0.008829980000000015
10/30/2018 02:00,-0.0010900119999999736
10/30/2018 03:00,-0.0011000119999999836
10/30/2018 04:00,-0.001270022999999898
10/30/2018 05:00,0.003079970000000043
10/30/2018 06:00,0.00039999800000012353
10/30/2018 07:00,-0.0037999969999999994
10/30/2018 08:00,-0.005689999999999973
10/30/2018 09:00,0.009009980000000084
10/30/2018 10:00,-9.007999999999239e-5
10/30/2018 11:00,0.0011199699999999702
10/30/2018 12:00,0.001019979999999976
10/30/2018 13:00,-0.0035899739999999958
10/30/2018 14:00,0.008390016
10/30/2018 15:00,-0.003429959999999954
10/30/2018 16:00,0.006659999999999999
10/30/2018 17:00,-0.00263002999999995
10/30/2018 18:00,-0.004199960000000003
10/30/2018 19:00,0.0023600000000001398
10/30/2018 20:00,-0.002160000000000162
10/30/2018 21:00,-0.001980000000000093
10/30/2018 22:00,-0.0028500200000000087
10/30/2018 23:00,-0.009650019999999815
10/31/2018 00:00,-0.0034000030000000403
10/31/2018 01:00,0.0011600299999999786
10/31/2018 02:00,-0.0011000020000000443
10/31/2018 03:00,-0.0011100019999999988
10/31/2018 04:00,-0.002670000000000061
10/31/2018 05:00,-0.00267002999999999
10/31/2018 06:00,-0.007610030000000156
10/31/2018 07:00,-0.0055900160000000865
10/31/2018 08:00,0.008580009999999971
10/31/2018 09:00,0.00131992000000003
10/31/2018 10:00,0.003290000000000015
10/31/2018 11:00,0.003540019999999977
10/31/2018 12:00,0.0024100099999999625
10/31/2018 13:00,0.007079959999999996
10/31/2018 14:00,0.0007099900000000492
10/31/2018 15:00,0.005239970000000094
10/31/2018 16:00,0.0016900400000000593
10/31/2018 17:00,-0.008019990000000199
10/31/2018 18:00,-0.00010999999999983245
10/31/2018 19:00,-0.001620010000000005
10/31/2018 20:00,-0.004890049999999979
10/31/2018 21:00,-0.0036399999999999766
10/31/2018 22:00,-7.999999999985796e-5
10/31/2018 23:00,-0.005370010000000036
11/01/2018 00:00,-0.0025000000000000022
11/01/2018 01:00,-0.0048199800000000015
11/01/2018 02:00,-0.008700000000000041
11/01/2018 03:00,0.0012999999999999678
11/01/2018 04:00,-0.0003900100000000517
11/01/2018 05:00,0.00043997000000001174
11/01/2018 06:00,-0.0010000300000000406
11/01/2018 07:00,0.0003000600000000464
11/01/2018 08:00,0.0014699999999999713
11/01/2018 09:00,-0.0004500400000000404
11/01/2018 10:00,-0.0017400000000000748
11/01/2018 11:00,-0.00295000000000023
11/01/2018 12:00,0.0023800000000000487
11/01/2018 13:00,-0.00659995999999996
11/01/2018 14:00,0.005560009999999949
11/01/2018 15:00,-0.003959979999999974
11/01/2018 16:00,-0.0025400399999999657
11/01/2018 17:00,0.005629979999999923
11/01/2018 18:00,0.0005500199999999289
11/01/2018 19:00,0.0009600000000000719
11/01/2018 20:00,-0.003959900000000349
11/01/2018 21:00,0.005330129999999933
11/01/2018 22:00,0.000449980000000072
11/01/2018 23:00,-0.007570000000000077
11/02/2018 00:00,-0.0030199359999999453
11/02/2018 01:00,-0.0062199999999999755
11/02/2018 02:00,0.0012899799999999961
11/02/2018 03:00,0.0012999999999999956
11/02/2018 04:00,-0.00039000000000000146
11/02/2018 05:00,-0.0003800600000000154
11/02/2018 06:00,0.002919999999999978
11/02/2018 07:00,-0.0036299799999999216
11/02/2018 08:00,0.0046700200000000525
11/02/2018 09:00,-0.00045000000000006146
11/02/2018 10:00,0.007689920000000017
11/02/2018 11:00,-0.0005300299999999591
11/02/2018 12:00,-0.0005900299999999081
11/02/2018 13:00,-0.002779984999999985
11/02/2018 14:00,0.0008999999999999564
11/02/2018 15:00,0.005470000000000003
11/02/2018 16:00,-0.002829999999999999
11/02/2018 17:00,-0.0016599499999999656
11/02/2018 18:00,-0.003909999999999969
11/02/2018 19:00,0.002800050000000054
11/02/2018 20:00,-0.0005299199999997395
11/02/2018 21:00,-0.0005800499999999431
11/02/2018 22:00,0.0003199099999999788
11/02/2018 23:00,-0.0019400600000000212
11/03/2018 00:00,-0.00212000999999995
11/03/2018 01:00,-0.00539999999999996
11/03/2018 02:00,0.0011900000000000244
11/03/2018 03:00,-0.0035200200000000126
11/03/2018 04:00,-0.003610000000000002
11/03/2018 05:00,0.00016002000000003846
11/03/2018 06:00,0.0034799999999999276
11/03/2018 07:00,0.0014900399999999703
11/03/2018 08:00,0.005089999999999817
11/03/2018 09:00,0.004490009999999822
11/03/2018 10:00,0.004450000000000037
11/03/2018 11:00,-0.0021799500000000416
11/03/2018 12:00,-0.002650010000000036
11/03/2018 13:00,0.0018500200000000078
11/03/2018 14:00,0.005220000000000002
11/03/2018 15:00,0.005480040000000019
11/03/2018 16:00,0.00018002000000000296
11/03/2018 17:00,0.0012199999999999434
11/03/2018 18:00,0.0011799399999999904
11/03/2018 19:00,-0.0040400400000001335
11/03/2018 20:00,0.004869879999999993
11/03/2018 21:00,-0.0003000600000000464
11/03/2018 22:00,-0.000649980000000161
11/03/2018 23:00,-0.000790005000000038
11/04/2018 00:00,-0.009830003000000032
11/04/2018 00:59,-0.005639979999999989
11/04/2018 02:00,-0.008129970000000042
11/04/2018 03:00,0.001840010000000003
11/04/2018 04:00,0.00016999000000000875
11/04/2018 05:00,0.00016998999999995323
11/04/2018 06:00,0.0034899999999999376
11/04/2018 07:00,-0.002349990000000024
11/04/2018 08:00,-0.0001300300000000032
11/04/2018 09:00,0.004569999999999741
11/04/2018 10:00,0.005610019999999993
11/04/2018 11:00,-0.002509949999999872
11/04/2018 12:00,0.007359990000000094
11/04/2018 13:00,0.0018399900000000136
11/04/2018 14:00,0.005229980000000023
11/04/2018 15:00,0.007140000000000035
11/04/2018 16:00,0.004919969999999996
11/04/2018 17:00,0.006299909999999964
11/04/2018 18:00,0.007070019999999899
11/04/2018 19:00,-0.0038000000000000256
11/04/2018 20:00,0.0009600599999999293
11/04/2018 21:00,-0.003579940000000059
11/04/2018 22:00,-0.007500040000000041
11/04/2018 23:00,-0.0015899799999998798
11/05/2018 00:00,6.999699999998832e-5
11/05/2018 01:00,0.0037900100000000103
11/05/2018 02:00,-0.006209999999999938
11/05/2018 03:00,0.0012900000000001244
11/05/2018 04:00,0.0012900100000000636
11/05/2018 05:00,-0.00037999999999993594
11/05/2018 06:00,-0.00038002999999997567
11/05/2018 07:00,0.005800019999999906
11/05/2018 08:00,-0.0005499099999997092
11/05/2018 09:00,0.0030500499999999153
11/05/2018 10:00,0.0024701040000001395
11/05/2018 11:00,0.0012000200000000794
11/05/2018 12:00,0.004999980000000015
11/05/2018 13:00,-0.0016099699999999606
11/05/2018 14:00,-0.00660000000000005
11/05/2018 15:00,-0.003349990000000025
11/05/2018 16:00,-0.004609959999999913
11/05/2018 17:00,-0.003580010000000078
11/05/2018 18:00,-0.0017300199999999988
11/05/2018 19:00,-0.0013100000000001444
11/05/2018 20:00,0.002790040000000049
11/05/2018 21:00,-0.005589850000000007
11/05/2018 22:00,-0.0005800499999999431
11/05/2018 23:00,-0.006769999999999943
11/06/2018 00:00,-0.004349999999999965
11/06/2018 01:00,-0.0003699730000000234
11/06/2018 02:00,-0.004840060000000035
11/06/2018 03:00,0.0013000000000000234
11/06/2018 04:00,0.0012899799999999684
11/06/2018 05:00,-0.01039000000000001
11/06/2018 06:00,-0.00039002999999993015
11/06/2018 07:00,0.0012699999999999934
11/06/2018 08:00,-0.0024500100000000025
11/06/2018 09:00,0.003709989999999941
11/06/2018 10:00,-0.0017699700000002316
11/06/2018 11:00,-0.00995998000000009
11/06/2018 12:00,-0.0005300299999999591
11/06/2018 13:00,-0.0015600059999999472
11/06/2018 14:00,-0.003989989999999999
11/06/2018 15:00,-0.0020100400000000462
11/06/2018 16:00,-9.99999993922529e-9
11/06/2018 17:00,0.004530060000000002
11/06/2018 18:00,-0.008759960000000122
11/06/2018 19:00,-0.0039199999999999235
11/06/2018 20:00,0.002780100000000063
11/06/2018 21:00,-0.0005299700000001017
11/06/2018 22:00,-0.0005700399999999384
11/06/2018 23:00,-0.006769999999999943
11/07/2018 00:00,0.002430029999999972
11/07/2018 01:00,-0.007429999999999937
11/07/2018 02:00,-0.003950014000000057
11/07/2018 03:00,0.0012999999999999678
11/07/2018 04:00,0.0012800000000000034
11/07/2018 05:00,-0.0015699999999999603
11/07/2018 06:00,-0.00038996999999996174
11/07/2018 07:00,0.0012799799999998474
11/07/2018 08:00,0.00651998999999992
11/07/2018 09:00,0.003869999999999818
11/07/2018 10:00,0.0026699699999999105
11/07/2018 11:00,-0.0017400000000000748
11/07/2018 12:00,-0.0058899400000000934
11/07/2018 13:00,0.008379979999999954
11/07/2018 14:00,0.0034000000000000696
11/07/2018 15:00,-0.0028200700000000634
11/07/2018 16:00,-0.0038800400000000845
11/07/2018 17:00,-0.0029600000000000737
11/07/2018 18:00,-0.008510039999999996
11/07/2018 19:00,-0.008010000000000073
11/07/2018 20:00,-0.006469999999999976
11/07/2018 21:00,0.0048000000000001375
11/07/2018 22:00,-0.0005899999999998684
11/07/2018 23:00,-0.004119980000000023
11/08/2018 00:00,-0.002879989999999999
11/08/2018 01:00,-0.00039000300000002763
11/08/2018 02:00,0.0037900000000000156
11/08/2018 03:00,0.0012999999999999678
11/08/2018 04:00,-0.008699970000000001
11/08/2018 05:00,-0.0008599899999999772
11/08/2018 06:00,0.004289979999999971
11/08/2018 07:00,0.0011200000000000099
11/08/2018 08:00,-0.0066099900000000655
11/08/2018 09:00,-0.0031299700000000374
11/08/2018 10:00,0.0009700200000000159
11/08/2018 11:00,-0.007649980000000001
11/08/2018 12:00,-0.0024799999999999267
11/08/2018 13:00,-0.0016199999999999548
11/08/2018 14:00,-0.006600080000000119
11/08/2018 15:00,0.010780030000000052
11/08/2018 16:00,0.003450000000000064
11/08/2018 17:00,0.007029999999999981
11/08/2018 18:00,-0.0036899699999999314
11/08/2018 19:00,0.000520000000000076
11/08/2018 20:00,0.001990029999999976
11/08/2018 21:00,-0.0010799000000001335
11/08/2018 22:00,-0.0005699999999999594
11/08/2018 23:00,0.00048000000000003595
11/09/2018 00:00,-0.007589999999999875
11/09/2018 01:00,-0.0030199859999999745
11/09/2018 02:00,0.00375999999999993
11/09/2018 03:00,-0.008719960000000027
11/09/2018 04:00,0.0012999999999999678
11/09/2018 05:00,-0.01038
11/09/2018 06:00,-0.0003799200000000058
11/09/2018 07:00,0.004689999999999972
11/09/2018 08:00,-0.005390010000000001
11/09/2018 09:00,0.004599960000000014
11/09/2018 10:00,-0.003079979999999982
11/09/2018 11:00,-0.0014500500000000915
11/09/2018 12:00,0.004109999999999947
11/09/2018 13:00,-0.0016299699999999806
11/09/2018 14:00,-0.006589999999999985
11/09/2018 15:00,-0.0028399500000000355
11/09/2018 16:00,-0.0001300500000001037
11/09/2018 17:00,0.004330000000000056
11/09/2018 18:00,0.001230110000000062
11/09/2018 19:00,-0.006939959999999967
11/09/2018 20:00,0.009080000000000199
11/09/2018 21:00,-0.0005299199999999615
11/09/2018 22:00,-0.0005900700000001091
11/09/2018 23:00,0.0003299500000000233
11/10/2018 00:00,0.0013099899999999831
11/10/2018 01:00,-0.009599950000000024
11/10/2018 02:00,0.003300000000000025
11/10/2018 03:00,-0.0031100000000000017
11/10/2018 04:00,-0.0023400000000000087
11/10/2018 05:00,0.006390009999999946
11/10/2018 06:00,0.00020000000000000573
11/10/2018 07:00,0.003509939999999989
11/10/2018 08:00,0.0069799500000000125
11/10/2018 09:00,0.00495000000000001
11/10/2018 10:00,-0.0027599750000000256
11/10/2018 11:00,-0.005839990000000017
11/10/2018 12:00,0.005990019999999985
11/10/2018 13:00,0.0009900000000000186
11/10/2018 14:00,0.0025600000000000067
11/10/2018 15:00,0.00039007999999995935
11/10/2018 16:00,-0.00877998000000002
11/10/2018 17:00,-0.007569929999999947
11/10/2018 18:00,-0.00272998999999996
11/10/2018 19:00,0.001929989999999937
11/10/2018 20:00,0.005859999999999976
11/10/2018 21:00,0.005880019999999986
11/10/2018 22:00,-0.0013500499999999915
11/10/2018 23:00,-0.007200039999999963
11/11/2018 00:00,-0.0007899850000000486
11/11/2018 01:00,0.00016999700000000506
11/11/2018 02:00,-0.005659999999999998
11/11/2018 03:00,0.001849980000000001
11/11/2018 04:00,0.0018500000000000183
11/11/2018 05:00,0.00019996999999999376
11/11/2018 06:00,0.00016995999999999678
11/11/2018 07:00,0.005059990000000014
11/11/2018 08:00,-0.006109994999999979
11/11/2018 09:00,-0.006369950000000069
11/11/2018 10:00,0.005129949999999939
11/11/2018 11:00,0.0014200219999999653
11/11/2018 12:00,-0.0010300760000000464
11/11/2018 13:00,-0.0015800699999999335
11/11/2018 14:00,-0.0026700250000000203
11/11/2018 15:00,0.000280000000000058
11/11/2018 16:00,0.004590000000000094
11/11/2018 17:00,-0.0036599499999999674
11/11/2018 18:00,0.006310009999999977
11/11/2018 19:00,0.0014900000000002134
11/11/2018 20:00,0.00619000000000014
11/11/2018 21:00,0.0009600299999998896
11/11/2018 22:00,-0.0021300200000000657
11/11/2018 23:00,-0.0035800499999999458
11/12/2018 00:00,-0.0023099999999999787
11/12/2018 01:00,7.999699999999832e-5
11/12/2018 02:00,-0.006209999999999993
11/12/2018 03:00,0.0012999999999999956
11/12/2018 04:00,0.0012900000000000134
11/12/2018 05:00,0.008439980000000014
11/12/2018 06:00,-0.0003800700000000101
11/12/2018 07:00,0.0029099599999999892
11/12/2018 08:00,0.001119920000000052
11/12/2018 09:00,0.0021999799999999903
11/12/2018 10:00,-0.0020700200000000057
11/12/2018 11:00,0.0011999599999999444
11/12/2018 12:00,0.004119900000000065
11/12/2018 13:00,-0.0016199600000000869
11/12/2018 14:00,-0.00589001999999994
11/12/2018 15:00,0.0006700600000000279
11/12/2018 16:00,-0.0017598950000000668
11/12/2018 17:00,0.0018501000000001877
11/12/2018 18:00,-0.00876005000000002
11/12/2018 19:00,-0.0023299999999999432
11/12/2018 20:00,7.00000000000145e-5
11/12/2018 21:00,0.006289999999999907
11/12/2018 22:00,0.0007599999999998719
11/12/2018 23:00,-0.007869979999999832
11/13/2018 00:00,-0.004379999999999995
11/13/2018 01:00,-0.00037000300000000763
11/13/2018 02:00,-0.006240020000000013
11/13/2018 03:00,0.0012900399999999923
11/13/2018 04:00,0.0013000599999999918
11/13/2018 05:00,-0.0008199899999999927
11/13/2018 06:00,-0.0017300299999999935
11/13/2018 07:00,0.0013000999999999707
11/13/2018 08:00,0.004059994999999983
11/13/2018 09:00,-0.006539959999999956
11/13/2018 10:00,0.002759965000000031
11/13/2018 11:00,0.0012200599999998563
11/13/2018 12:00,0.003060139999999878
11/13/2018 13:00,-0.0015700499999999895
11/13/2018 14:00,-0.0031000000000001027
11/13/2018 15:00,0.0007699199999999795
11/13/2018 16:00,0.006140100000000037
11/13/2018 17:00,0.005749969999999993
11/13/2018 18:00,0.005979999999999874
11/13/2018 19:00,0.003960019999999842
11/13/2018 20:00,0.0028000000000000247
11/13/2018 21:00,-0.0005299699999998797
11/13/2018 22:00,-0.0016900500000001095
11/13/2018 23:00,-0.002099969999999951
11/14/2018 00:00,-0.007589999999999986
11/14/2018 01:00,-0.0030200160000000142
11/14/2018 02:00,-0.006220049999999977
11/14/2018 03:00,0.0012600000000000111
11/14/2018 04:00,0.0012999999999999956
11/14/2018 05:00,-0.0003898999999999986
11/14/2018 06:00,-0.0003699199999999958
11/14/2018 07:00,0.0029300499999999896
11/14/2018 08:00,-0.0013499049999999846
11/14/2018 09:00,0.002939849999999966
11/14/2018 10:00,-0.00044007999999995384
11/14/2018 11:00,-0.000499959999999966
11/14/2018 12:00,-0.001290029999999942
11/14/2018 13:00,0.005119969999999974
11/14/2018 14:00,0.004549959999999964
11/14/2018 15:00,0.0006299999999999084
11/14/2018 16:00,0.0061500300000000285
11/14/2018 17:00,-0.002979980000000104
11/14/2018 18:00,0.004470010000000024
11/14/2018 19:00,0.001989979999999947
11/14/2018 20:00,-0.0038100500000000093
11/14/2018 21:00,-0.0005199700000000362
11/14/2018 22:00,0.0017000199999999133
11/14/2018 23:00,-0.002990000000000048
11/15/2018 00:00,-0.004370030000000025
11/15/2018 01:00,-0.00037999299999999514
11/15/2018 02:00,-0.006209999999999993
11/15/2018 03:00,0.001290010000000008
11/15/2018 04:00,0.0012899799999999961
11/15/2018 05:00,-0.0008399699999999677
11/15/2018 06:00,-0.005729890000000015
11/15/2018 07:00,0.0009698500000000221
11/15/2018 08:00,-0.002920000000000006
11/15/2018 09:00,0.005690050000000002
11/15/2018 10:00,0.0027299249999999664
11/15/2018 11:00,-0.0008700479999999566
11/15/2018 12:00,0.00545000000000001
11/15/2018 13:00,0.00042998000000002423
11/15/2018 14:00,0.0015699600000000924
11/15/2018 15:00,0.00328001
11/15/2018 16:00,-0.00387000000000004
11/15/2018 17:00,-0.0029599999999999627
11/15/2018 18:00,0.0031799999999999606
11/15/2018 19:00,0.003249959999999996
11/15/2018 20:00,-0.007199949999999955
11/15/2018 21:00,-0.0005100199999998889
11/15/2018 22:00,-0.0005899499999999502
11/15/2018 23:00,-0.006769999999999943
11/16/2018 00:00,0.0024399800000000083
11/16/2018 01:00,-0.006189982000000038
11/16/2018 02:00,-0.0010000000000000009
11/16/2018 03:00,0.003190000000000026
11/16/2018 04:00,0.0012900299999999976
11/16/2018 05:00,-0.0020399999999999863
11/16/2018 06:00,0.004270169999999962
11/16/2018 07:00,-0.0007099999999999884
11/16/2018 08:00,0.00030999999999992145
11/16/2018 09:00,0.0014700199999999608
11/16/2018 10:00,-0.00043999999999999595
11/16/2018 11:00,-0.0017400000000000748
11/16/2018 12:00,-0.005889999999999951
11/16/2018 13:00,0.004249969999999936
11/16/2018 14:00,-0.0027799949999999796
11/16/2018 15:00,-0.009350000000000025
11/16/2018 16:00,-0.0038700200000000295
11/16/2018 17:00,-0.003819979999999945
11/16/2018 18:00,0.0012199800000000094
11/16/2018 19:00,-0.003920020000000024
11/16/2018 20:00,0.002779970000000076
11/16/2018 21:00,-0.0005299200000001836
11/16/2018 22:00,-0.005610000000000004
11/16/2018 23:00,0.0003199799999999975
11/17/2018 00:00,-0.005689979999999983
11/17/2018 01:00,-0.002889986000000011
11/17/2018 02:00,-0.005659999999999998
11/17/2018 03:00,0.001850010000000013
11/17/2018 04:00,0.0018400000000000083
11/17/2018 05:00,0.00018999999999999573
11/17/2018 06:00,0.00017999999999995797
11/17/2018 07:00,-0.006519979999999981
11/17/2018 08:00,-0.002350060000000015
11/17/2018 09:00,0.006930040000000026
11/17/2018 10:00,-0.0027599750000000256
11/17/2018 11:00,-0.0032300199999999446
11/17/2018 12:00,-0.0005300000000000304
11/17/2018 13:00,-0.004170000000000118
11/17/2018 14:00,-0.008399999999999963
11/17/2018 15:00,0.003109989999999896
11/17/2018 16:00,-0.00875999999999999
11/17/2018 17:00,-0.003100000000000047
11/17/2018 18:00,0.0012099999999999889
11/17/2018 19:00,0.0011799700000000302
11/17/2018 20:00,0.000489980000000112
11/17/2018 21:00,0.0031598999999999933
11/17/2018 22:00,-0.0003000600000000464
11/17/2018 23:00,-0.004580020000000129
11/18/2018 00:00,-0.003289989999999965
11/18/2018 01:00,-0.003970000000000029
11/18/2018 02:00,-0.005659990000000004
11/18/2018 03:00,-0.008150020000000036
11/18/2018 04:00,-0.008139990000000041
11/18/2018 05:00,0.00017000000000000348
11/18/2018 06:00,0.00016006999999995664
11/18/2018 07:00,0.003479999999999983
11/18/2018 08:00,0.007649999999999935
11/18/2018 09:00,0.006950029999999996
11/18/2018 10:00,0.004629979999999978
11/18/2018 11:00,0.004450010000000004
11/18/2018 12:00,0.0013000000000000789
11/18/2018 13:00,-0.004159969999999902
11/18/2018 14:00,0.0027400300000000044
11/18/2018 15:00,0.0031100499999999753
11/18/2018 16:00,-0.0051799800000000285
11/18/2018 17:00,-0.0044800000000000395
11/18/2018 18:00,0.0072699899999999484
11/18/2018 19:00,0.0011999700000000502
11/18/2018 20:00,-0.0024499200000001053
11/18/2018 21:00,-0.00023996999999997826
11/18/2018 22:00,0.0008600399999999508
11/18/2018 23:00,0.0028000000000000247
11/19/2018 00:00,-0.004410059999999993
11/19/2018 01:00,-0.005640012
11/19/2018 02:00,-0.006230000000000013
11/19/2018 03:00,0.0012900000000000134
11/19/2018 04:00,0.001280009999999998
11/19/2018 05:00,-0.00037999999999999146
11/19/2018 06:00,-0.00037994999999999
11/19/2018 07:00,0.0029299299999999973
11/19/2018 08:00,-0.0029300100000000107
11/19/2018 09:00,0.005679979999999973
11/19/2018 10:00,0.002720025000000015
11/19/2018 11:00,0.0009099999999999664
11/19/2018 12:00,0.0009601000000000193
11/19/2018 13:00,0.007789979999999974
11/19/2018 14:00,-0.0012999999999999678
11/19/2018 15:00,0.004060060000000032
11/19/2018 16:00,-0.0014000000000000679
11/19/2018 17:00,-0.004630030000000063
11/19/2018 18:00,0.004459930000000001
11/19/2018 19:00,-0.00640003999999994
11/19/2018 20:00,0.006350020000000067
11/19/2018 21:00,0.0072599699999998935
11/19/2018 22:00,-0.010559969999999863
11/19/2018 23:00,-0.003100019999999981
11/20/2018 00:00,-0.00029000000000001247
11/20/2018 01:00,-0.00036000299999999763
11/20/2018 02:00,0.0037900000000000156
11/20/2018 03:00,0.001280009999999998
11/20/2018 04:00,0.0012999999999999956
11/20/2018 05:00,-0.00035998000000000974
11/20/2018 06:00,0.006199960000000004
11/20/2018 07:00,0.001149979999999995
11/20/2018 08:00,-0.0018500099999999575
11/20/2018 09:00,-0.007800000000000029
11/20/2018 10:00,-0.0037299599999999766
11/20/2018 11:00,0.001900009999999952
11/20/2018 12:00,-0.0005400399999999639
11/20/2018 13:00,0.0034300100000000944
11/20/2018 14:00,-0.0024399999999999977
11/20/2018 15:00,0.00015997000000000927
11/20/2018 16:00,0.0007199999999999984
11/20/2018 17:00,0.006199979999999994
11/20/2018 18:00,0.0012100099999998726
11/20/2018 19:00,0.004999999999999893
11/20/2018 20:00,0.001310029999999962
11/20/2018 21:00,-0.0005399699999999452
11/20/2018 22:00,-0.0005800500000001652
11/20/2018 23:00,0.0003099600000000535
11/21/2018 00:00,0.0043199999999999905
11/21/2018 01:00,-0.007450000000000012
11/21/2018 02:00,-0.002689999999999998
11/21/2018 03:00,-0.004470006999999998
11/21/2018 04:00,-0.003149999999999986
11/21/2018 05:00,0.005830000000000002
11/21/2018 06:00,0.00442001000000003
11/21/2018 07:00,0.004539979999999999
11/21/2018 08:00,0.004050044999999947
11/21/2018 09:00,0.0034500300000000483
11/21/2018 10:00,0.0027599649999999754
11/21/2018 11:00,0.0003300099999999917
11/21/2018 12:00,0.004970029999999959
11/21/2018 13:00,-0.0005900000000000349
11/21/2018 14:00,-0.002769995000000025
11/21/2018 15:00,0.0006599800000000045
11/21/2018 16:00,-0.00387000000000004
11/21/2018 17:00,-0.0019499799999999068
11/21/2018 18:00,0.00033000399999993935
11/21/2018 19:00,0.006399999999999961
11/21/2018 20:00,0.0035300599999998905
11/21/2018 21:00,0.0032200000000000006
11/21/2018 22:00,-0.005580000000000029
11/21/2018 23:00,-0.002749999999999919
11/22/2018 00:00,0.0024299700000000035
11/22/2018 01:00,-0.0030099660000000306
11/22/2018 02:00,-0.006209989999999999
11/22/2018 03:00,-0.007110000000000005
11/22/2018 04:00,0.0012900000000000134
11/22/2018 05:00,-0.0004000100000000062
11/22/2018 06:00,-0.0003700600000000054
11/22/2018 07:00,0.0012999800000000339
11/22/2018 08:00,-0.005960035000000086
11/22/2018 09:00,0.0034399600000001307
11/22/2018 10:00,0.0045199999999998575
11/22/2018 11:00,0.00826994999999997
11/22/2018 12:00,0.0041200000000000125
11/22/2018 13:00,-0.0022199800000000103
11/22/2018 14:00,-0.0030099399999999887
11/22/2018 15:00,0.004000059999999972
11/22/2018 16:00,0.00537999999999994
11/22/2018 17:00,-0.002469899999999914
11/22/2018 18:00,2.0050000000049195e-5
11/22/2018 19:00,0.006089999999999929
11/22/2018 20:00,0.00279000000000007
11/22/2018 21:00,-0.0005299199999999615
11/22/2018 22:00,-0.0005700399999999384
11/22/2018 23:00,0.005840020000000168
11/23/2018 00:00,-0.0010899899999999851
11/23/2018 01:00,-0.00037999299999999514
11/23/2018 02:00,-0.006209999999999993
11/23/2018 03:00,0.0013100100000000003
11/23/2018 04:00,0.0012800000000000034
11/23/2018 05:00,-0.00040002000000000093
11/23/2018 06:00,-0.000389980000000012
11/23/2018 07:00,0.0029199799999999887
11/23/2018 08:00,-0.0036500100000000923
11/23/2018 09:00,-0.0013100000000001444
11/23/2018 10:00,0.007919969999999998
11/23/2018 11:00,0.0006300499999999376
11/23/2018 12:00,0.0040901000000002075
11/23/2018 13:00,-0.0016100000000000003
11/23/2018 14:00,0.003399979999999858
11/23/2018 15:00,0.006649980000000055
11/23/2018 16:00,0.0035400300000000273
11/23/2018 17:00,0.007020000000000026
11/23/2018 18:00,-0.0008000600000001024
11/23/2018 19:00,-0.002460060000000208
11/23/2018 20:00,0.002790039999999827
11/23/2018 21:00,-0.007599910000000154
11/23/2018 22:00,0.005000020000000216
11/23/2018 23:00,-0.0027599500000000665
11/24/2018 00:00,-0.01082002999999998
11/24/2018 01:00,7.001000000000923e-5
11/24/2018 02:00,-0.005660020000000043
11/24/2018 03:00,0.0010399999999999854
11/24/2018 04:00,-0.00040004999999998514
11/24/2018 05:00,0.00015998999999999874
11/24/2018 06:00,0.0001800299999999977
11/24/2018 07:00,0.003489950000000075
11/24/2018 08:00,-0.0023499999999999632
11/24/2018 09:00,-0.0026700599999998076
11/24/2018 10:00,-0.0002500399999998404
11/24/2018 11:00,-0.0027299800000000207
11/24/2018 12:00,0.005539993999999937
11/24/2018 13:00,0.0009900000000000186
11/24/2018 14:00,0.0018500000000000183
11/24/2018 15:00,0.00435002000000001
11/24/2018 16:00,-0.003999990000000009
11/24/2018 17:00,-0.00038003399999997356
11/24/2018 18:00,-0.0027100099999999294
11/24/2018 19:00,0.001189980000000035
11/24/2018 20:00,-0.0040400400000000225
11/24/2018 21:00,0.0009600299999998896
11/24/2018 22:00,-0.0021299799999998648
11/24/2018 23:00,0.00018004000000004794
11/25/2018 00:00,-0.00440002000000006
11/25/2018 01:00,-0.0008900159999999935
11/25/2018 02:00,-0.005659999999999998
11/25/2018 03:00,0.001040000000000041
11/25/2018 04:00,-0.0023399799999999638
11/25/2018 05:00,-7.001000000006474e-5
11/25/2018 06:00,0.00017998999999996323
11/25/2018 07:00,0.005069989999999969
11/25/2018 08:00,0.00017000200000000243
11/25/2018 09:00,0.0054400249999999595
11/25/2018 10:00,0.0026000000000001577
11/25/2018 11:00,-0.0030399999999997096
11/25/2018 12:00,0.00023002000000005296
11/25/2018 13:00,0.005290013999999954
11/25/2018 14:00,-0.0024399800000000083
11/25/2018 15:00,0.003910079999999927
11/25/2018 16:00,-0.0010799000000001335
11/25/2018 17:00,0.004109900000000444
11/25/2018 18:00,-0.002720009999999995
11/25/2018 19:00,0.00026005000000006717
11/25/2018 20:00,-0.0049000000000001265
11/25/2018 21:00,0.005600230000000206
11/25/2018 22:00,0.004350059999999933
11/25/2018 23:00,0.00016997000000007478
11/26/2018 00:00,-0.0012000249999999935
11/26/2018 01:00,5.999700000000607e-5
11/26/2018 02:00,-0.006209999999999993
11/26/2018 03:00,0.0012999999999999956
11/26/2018 04:00,0.0012800000000000034
11/26/2018 05:00,-0.0008399700000000232
11/26/2018 06:00,0.004299949999999941
11/26/2018 07:00,0.001129979999999975
11/26/2018 08:00,-0.0014699849999999515
11/26/2018 09:00,0.004410099999999972
11/26/2018 10:00,-0.00298989999999999
11/26/2018 11:00,-0.0017299299999999906
11/26/2018 12:00,-0.0026798999999999573
11/26/2018 13:00,0.0009399800000000624
11/26/2018 14:00,0.0033999999999999586
11/26/2018 15:00,-0.0019999999999999463
11/26/2018 16:00,0.0026799899999999655
11/26/2018 17:00,0.0018599999999999728
11/26/2018 18:00,0.0012100099999999836
11/26/2018 19:00,-0.003920020000000024
11/26/2018 20:00,0.002790040000000049
11/26/2018 21:00,-0.0005099699999997487
11/26/2018 22:00,-0.0020599499999998105
11/26/2018 23:00,-0.0041500199999999765
11/27/2018 00:00,-0.004370030000000025
11/27/2018 01:00,-0.00038000300000001763
11/27/2018 02:00,0.0038000100000000203
11/27/2018 03:00,0.001280009999999998
11/27/2018 04:00,0.0012799800000000139
11/27/2018 05:00,-0.00039000000000000146
11/27/2018 06:00,-0.00036994000000001304
11/27/2018 07:00,0.0029200400000000126
11/27/2018 08:00,-0.00018999499999994285
11/27/2018 09:00,-0.009299999999999864
11/27/2018 10:00,-0.0013999900000001286
11/27/2018 11:00,7.999999999985796e-5
11/27/2018 12:00,-2.999999999997449e-5
11/27/2018 13:00,-0.0016100000000000003
11/27/2018 14:00,0.0034100200000000136
11/27/2018 15:00,-0.003359970000000101
11/27/2018 16:00,-0.00726989999999994
11/27/2018 17:00,-0.0038199500000000164
11/27/2018 18:00,0.0012300600000000328
11/27/2018 19:00,0.006080000000000085
11/27/2018 20:00,-0.007199999999999873
11/27/2018 21:00,0.0009199800000001535
11/27/2018 22:00,0.006450060000000146
11/27/2018 23:00,0.003230000000000066
11/28/2018 00:00,0.005639999999999978
11/28/2018 01:00,-0.00037000300000000763
11/28/2018 02:00,0.0037699999999999956
11/28/2018 03:00,0.001280009999999998
11/28/2018 04:00,0.0012800000000000034
11/28/2018 05:00,-0.0015800000000000258
11/28/2018 06:00,-0.0003700399999999604
11/28/2018 07:00,0.002939970000000014
11/28/2018 08:00,-0.0029000299999999424
11/28/2018 09:00,-0.005379990000000001
11/28/2018 10:00,-0.0037399999999999933
11/28/2018 11:00,0.0012900200000000028
11/28/2018 12:00,-0.002660046000000138
11/28/2018 13:00,0.000980049999999899
11/28/2018 14:00,-0.005900039999999995
11/28/2018 15:00,0.0006499999999999839
11/28/2018 16:00,-0.0038799799999999496
11/28/2018 17:00,-0.0044999999999999485
11/28/2018 18:00,-0.0015100400000001013
11/28/2018 19:00,0.0034501000000000115
11/28/2018 20:00,0.003989940000000303
11/28/2018 21:00,-0.0005299700000001017
11/28/2018 22:00,0.0011599999999998278
11/28/2018 23:00,-0.002170039999999984
11/29/2018 00:00,0.0024200200000000782
11/29/2018 01:00,0.0025500099999999915
11/29/2018 02:00,0.007309989999999933
11/29/2018 03:00,-0.003599996999999966
11/29/2018 04:00,0.0013099999999999778
11/29/2018 05:00,-0.0008400000000000074
11/29/2018 06:00,0.00429004999999999
11/29/2018 07:00,0.0011400000000000299
11/29/2018 08:00,0.007540010000000041
11/29/2018 09:00,0.0014800000000001479
11/29/2018 10:00,0.0013499699999999226
11/29/2018 11:00,-0.004059980000000074
11/29/2018 12:00,0.004110000000000058
11/29/2018 13:00,-0.0026998999999998663
11/29/2018 14:00,0.001919969999999993
11/29/2018 15:00,-0.0028099700000000505
11/29/2018 16:00,0.005489999999999995
11/29/2018 17:00,0.00125996000000006
11/29/2018 18:00,-0.0032199799999999
11/29/2018 19:00,0.006099999999999994
11/29/2018 20:00,-0.007189930000000011
11/29/2018 21:00,0.0015199999999999658
11/29/2018 22:00,-0.000580000000000247
11/29/2018 23:00,0.0003299500000002453
11/30/2018 00:00,-0.0019300500000000165
11/30/2018 01:00,0.004860009999999915
11/30/2018 02:00,-0.0002800050000000276
11/30/2018 03:00,-0.006790000000000018
11/30/2018 04:00,0.0012899999999999578
11/30/2018 05:00,-0.0004000100000000617
11/30/2018 06:00,-0.00040000000000001146
11/30/2018 07:00,0.004709960000000013
11/30/2018 08:00,-0.005949954999999951
11/30/2018 09:00,0.004659980000000008
11/30/2018 10:00,0.008729989999999965
11/30/2018 11:00,4.0000000000040004e-5
11/30/2018 12:00,-0.0005499999999999949
11/30/2018 13:00,-0.0005800199999999034
11/30/2018 14:00,0.0069699500000000025
11/30/2018 15:00,-0.0065899499999999556
11/30/2018 16:00,-0.0024799799999999372
11/30/2018 17:00,0.005629960000000045
11/30/2018 18:00,-0.00552001000000002
11/30/2018 19:00,0.001979960000000003
11/30/2018 20:00,0.008310039999999796
11/30/2018 21:00,0.003210030000000197
11/30/2018 22:00,-0.005580019999999908
11/30/2018 23:00,-0.0027599999999999847
12/01/2018 00:00,0.0024399999999999977
12/01/2018 01:00,0.004990019999999928
12/01/2018 02:00,-0.004519990000000029
12/01/2018 03:00,0.0003700000000000925
12/01/2018 04:00,-0.007079940000000007
12/01/2018 05:00,0.0011700099999999436
12/01/2018 06:00,0.0011599999999999389
12/01/2018 07:00,0.004610000000000003
12/01/2018 08:00,0.0013200199999999773
12/01/2018 09:00,0.0012799660000000213
12/01/2018 10:00,-0.008909999999999973
12/01/2018 11:00,0.002529990000000093
12/01/2018 12:00,-0.004279965999999968
12/01/2018 13:00,0.00277000000000005
12/01/2018 14:00,-0.004390080000000074
12/01/2018 15:00,0.005149990000000021
12/01/2018 16:00,-0.0031600199999999856
12/01/2018 17:00,0.0011599999999999944
12/01/2018 18:00,0.006659999999999999
12/01/2018 19:00,-0.005969980000000152
12/01/2018 20:00,0.010559900000000289
12/01/2018 21:00,-0.0040000000000000036
12/01/2018 22:00,0.001799969999999984
12/01/2018 23:00,-0.0031200000000000117
12/02/2018 00:00,0.0045700200000000635
12/02/2018 01:00,0.0011700000000000044
12/02/2018 02:00,-0.0045199900000000015
12/02/2018 03:00,0.0029100199999999576
12/02/2018 04:00,-0.007109969999999993
12/02/2018 05:00,-0.00884000000000007
12/02/2018 06:00,0.0011599400000000815
12/02/2018 07:00,0.0046100199999998814
12/02/2018 08:00,-0.0010700000000001264
12/02/2018 09:00,-0.0015799999999999148
12/02/2018 10:00,0.006320040000000304
12/02/2018 11:00,-0.003819979999999945
12/02/2018 12:00,0.00382991999999982
12/02/2018 13:00,0.000789998000000014
12/02/2018 14:00,0.0025400000000000145
12/02/2018 15:00,0.004199999999999926
12/02/2018 16:00,-0.0012799799999999584
12/02/2018 17:00,0.00024000000000001798
12/02/2018 18:00,-0.00273000000000001
12/02/2018 19:00,0.0041100199999999365
12/02/2018 20:00,0.0005599999999996719
12/02/2018 21:00,-0.0015199999999999658
12/02/2018 22:00,-0.005649949999999793
12/02/2018 23:00,-0.000539919999999916
12/03/2018 00:00,-0.005220000000000002
12/03/2018 01:00,0.0014399769999999812
12/03/2018 02:00,0.0048999700000000035
12/03/2018 03:00,-0.007659979999999983
12/03/2018 04:00,0.0023400000000000087
12/03/2018 05:00,0.0006000000000000172
12/03/2018 06:00,0.0005999500000000157
12/03/2018 07:00,0.004049980000000009
12/03/2018 08:00,0.008350020000000069
12/03/2018 09:00,0.005769978000000009
12/03/2018 10:00,-0.002840000000000009
12/03/2018 11:00,-0.0030899400000000687
12/03/2018 12:00,-0.0020499999999998852
12/03/2018 13:00,0.0008499699999999777
12/03/2018 14:00,0.0073799700000000135
12/03/2018 15:00,0.007879999999999998
12/03/2018 16:00,0.0015900000000000913
12/03/2018 17:00,0.004240030000000061
12/03/2018 18:00,0.0037300600000000905
12/03/2018 19:00,0.00031000000000003247
12/03/2018 20:00,0.002869999999999928
12/03/2018 21:00,0.0033599500000001115
12/03/2018 22:00,0.0026700000000001722
12/03/2018 23:00,-0.005570000000000075
12/04/2018 00:00,-0.008489999999999998
12/04/2018 01:00,0.0015199999999999658
12/04/2018 02:00,-0.002880000000000049
12/04/2018 03:00,-0.005669999999999981
12/04/2018 04:00,-0.00477004999999997
12/04/2018 05:00,-0.006280021999999996
12/04/2018 06:00,0.0008799179999999795
12/04/2018 07:00,0.004049980000000009
12/04/2018 08:00,-0.0016599999999999948
12/04/2018 09:00,-0.004220082000000014
12/04/2018 10:00,-0.01103997000000001
12/04/2018 11:00,-0.0005200099999997931
12/04/2018 12:00,0.00034000000000000696
12/04/2018 13:00,0.0007200000000000539
12/04/2018 14:00,-0.004740020000000067
12/04/2018 15:00,-0.0033499299999999455
12/04/2018 16:00,0.003609989999999952
12/04/2018 17:00,-0.0014400199999999863
12/04/2018 18:00,-0.0022400000000000198
12/04/2018 19:00,0.0005699699999999197
12/04/2018 20:00,0.0014100599999997687
12/04/2018 21:00,-0.006639929999999961
12/04/2018 22:00,9.900000000007125e-6
12/04/2018 23:00,0.0033800000000000496
12/05/2018 00:00,-0.0012599999999999834
12/05/2018 01:00,0.0009799970000000102
12/05/2018 02:00,-0.005089969999999999
12/05/2018 03:00,-0.007650000000000018
12/05/2018 04:00,0.002349999999999991
12/05/2018 05:00,0.0016899980000000259
12/05/2018 06:00,0.0033499800000000024
12/05/2018 07:00,0.001930105999999987
12/05/2018 08:00,-0.004349990000000026
12/05/2018 09:00,-0.0042099319999999996
12/05/2018 10:00,0.0029299600000001202
12/05/2018 11:00,0.0008300700000001271
12/05/2018 12:00,0.0006700299999999881
12/05/2018 13:00,0.0021099700000000166
12/05/2018 14:00,-0.00015998000000005952
12/05/2018 15:00,0.00036999000000004223
12/05/2018 16:00,-0.00039999999999995595
12/05/2018 17:00,-0.0021399900000000915
12/05/2018 18:00,-0.007729970000000086
12/05/2018 19:00,0.00475004999999995
12/05/2018 20:00,0.0024900000000003253
12/05/2018 21:00,-0.006640049999999897
12/05/2018 22:00,0.002649999999999819
12/05/2018 23:00,-0.005560000000000009
12/06/2018 00:00,0.003770000000000051
12/06/2018 01:00,0.003149999999999986
12/06/2018 02:00,-0.005079980000000012
12/06/2018 03:00,-0.007660010000000023
12/06/2018 04:00,0.002349999999999991
12/06/2018 05:00,-0.008310001999999983
12/06/2018 06:00,-0.0042799999999999505
12/06/2018 07:00,-3.0016000000077092e-5
12/06/2018 08:00,-0.005589970000000055
12/06/2018 09:00,-0.005909999999999971
12/06/2018 10:00,0.006410000000000027
12/06/2018 11:00,-0.0008000299999998406
12/06/2018 12:00,0.005830019999999991
12/06/2018 13:00,-0.009260020000000035
12/06/2018 14:00,0.0025899799999999917
12/06/2018 15:00,-0.009640030000000022
12/06/2018 16:00,-0.00040000000000006697
12/06/2018 17:00,-0.0007999800000000334
12/06/2018 18:00,0.0022600200000000292
12/06/2018 19:00,0.00031997000000005826
12/06/2018 20:00,-0.007139999999999924
12/06/2018 21:00,-0.0021000399999999697
12/06/2018 22:00,0.0010299999999998644
12/06/2018 23:00,-0.006500035999999987
12/07/2018 00:00,-0.0049099800000000915
12/07/2018 01:00,0.0009699970000000002
12/07/2018 02:00,0.00491999999999998
12/07/2018 03:00,-0.00765003000000003
12/07/2018 04:00,-0.007650000000000046
12/07/2018 05:00,0.0016899980000000259
12/07/2018 06:00,0.003370070000000003
12/07/2018 07:00,0.0014199950000000072
12/07/2018 08:00,-0.006390000000000118
12/07/2018 09:00,0.007140070000000165
12/07/2018 10:00,0.006409950000000109
12/07/2018 11:00,-0.0007900099999998966
12/07/2018 12:00,0.005840000000000067
12/07/2018 13:00,0.0007399799999999734
12/07/2018 14:00,-0.004740020000000067
12/07/2018 15:00,0.00036999000000004223
12/07/2018 16:00,0.011949990000000077
12/07/2018 17:00,9.939999999986071e-6
12/07/2018 18:00,0.0005700200000000599
12/07/2018 19:00,9.999999999843467e-6
12/07/2018 20:00,0.006309949999999898
12/07/2018 21:00,-0.004159980000000063
12/07/2018 22:00,-0.0035399999999998766
12/07/2018 23:00,0.004449970000000025
12/08/2018 00:00,0.0015100000000001224
12/08/2018 01:00,-0.009660020000000047
12/08/2018 02:00,-0.0045299999999999785
12/08/2018 03:00,0.002909990000000001
12/08/2018 04:00,0.002919990000000011
12/08/2018 05:00,0.0011700000000000044
12/08/2018 06:00,0.0011499700000000002
12/08/2018 07:00,0.004619979999999996
12/08/2018 08:00,0.0011400199999999638
12/08/2018 09:00,0.005780080000000021
12/08/2018 10:00,-0.0004000100000000062
12/08/2018 11:00,-0.00041999999999997595
12/08/2018 12:00,0.0024299700000001145
12/08/2018 13:00,0.0038299760000000127
12/08/2018 14:00,0.002210119999999982
12/08/2018 15:00,0.004289970000000004
12/08/2018 16:00,-0.0031399899999999814
12/08/2018 17:00,0.0011800200000000038
12/08/2018 18:00,-0.00218001000000001
12/08/2018 19:00,0.0015499500000000221
12/08/2018 20:00,0.00113995999999994
12/08/2018 21:00,-0.0015300400000000103
12/08/2018 22:00,0.007810050000000013
12/08/2018 23:00,-0.0017699799999999488
12/09/2018 00:00,-0.0007099999999999884
12/09/2018 01:00,0.0015299770000000157
12/09/2018 02:00,-0.004540000000000016
12/09/2018 03:00,0.0028900000000000037
12/09/2018 04:00,-0.007080000000000003
12/09/2018 05:00,0.0011599999999999944
12/09/2018 06:00,0.0011598200000000058
12/09/2018 07:00,0.002720039999999979
12/09/2018 08:00,-0.004670080000000021
12/09/2018 09:00,0.005770020000000042
12/09/2018 10:00,0.0004100400000000004
12/09/2018 11:00,0.0005899299999999608
12/09/2018 12:00,0.0038399599999999756
12/09/2018 13:00,-0.0018200000000000438
12/09/2018 14:00,0.0022099999999999898
12/09/2018 15:00,0.009219960000000027
12/09/2018 16:00,-0.0012900000000001244
12/09/2018 17:00,0.0026299399999999418
12/09/2018 18:00,0.004730000000000012
12/09/2018 19:00,-0.0033799000000001023
12/09/2018 20:00,-0.0025599999999998957
12/09/2018 21:00,-0.0013999999999998458
12/09/2018 22:00,0.0008099999999999774
12/09/2018 23:00,-0.0005399799999999955
12/10/2018 00:00,-0.003660010000000047
12/10/2018 01:00,0.001440007000000021
12/10/2018 02:00,-0.005090000000000011
12/10/2018 03:00,0.002349999999999991
12/10/2018 04:00,0.00234005000000001
12/10/2018 05:00,0.0016799779999999986
12/10/2018 06:00,-0.006630079999999983
12/10/2018 07:00,-0.008070104000000022
12/10/2018 08:00,0.000600000000000156
12/10/2018 09:00,-0.007139900000000088
12/10/2018 10:00,-0.0036200299999999963
12/10/2018 11:00,-0.0007899900000000182
12/10/2018 12:00,-0.0041999999999999815
12/10/2018 13:00,0.002160000000000162
12/10/2018 14:00,0.00273000000000001
12/10/2018 15:00,-0.0043999999999999595
12/10/2018 16:00,0.004970049999999837
12/10/2018 17:00,0.0013499999999999623
12/10/2018 18:00,0.0010900400000002364
12/10/2018 19:00,0.0045000000000000595
12/10/2018 20:00,0.004180010000000012
12/10/2018 21:00,-0.0038999999999999035
12/10/2018 22:00,-0.008970000000000034
12/10/2018 23:00,0.007789969999999924
12/11/2018 00:00,-0.005350000000000021
12/11/2018 01:00,0.0009699970000000002
12/11/2018 02:00,-0.0050799900000000064
12/11/2018 03:00,0.002349999999999991
12/11/2018 04:00,0.002340019999999998
12/11/2018 05:00,0.0006000399999999961
12/11/2018 06:00,0.0005900000000000072
12/11/2018 07:00,0.0071401399999999615
12/11/2018 08:00,-0.0022399899999999695
12/11/2018 09:00,-0.0029799999999999827
12/11/2018 10:00,0.0030799000000000243
12/11/2018 11:00,-0.007649960000000067
12/11/2018 12:00,0.005819979999999836
12/11/2018 13:00,-0.0026199800000000772
12/11/2018 14:00,0.00064993999999996
12/11/2018 15:00,-0.0013600799999999857
12/11/2018 16:00,0.0009400200000000414
12/11/2018 17:00,-0.0012999699999999281
12/11/2018 18:00,-0.0016899999999999693
12/11/2018 19:00,0.0032399899999999704
12/11/2018 20:00,0.0028799999999997716
12/11/2018 21:00,-0.006649950000000127
12/11/2018 22:00,-0.007340000000000124
12/11/2018 23:00,-0.0055699399999999955
12/12/2018 00:00,0.002430029999999972
12/12/2018 01:00,0.005140019999999912
12/12/2018 02:00,-0.0032300100000000054
12/12/2018 03:00,-0.007649999999999935
12/12/2018 04:00,0.0023399899999999862
12/12/2018 05:00,0.0006000000000000172
12/12/2018 06:00,0.0006000399999999961
12/12/2018 07:00,0.0029300199999999776
12/12/2018 08:00,-0.0034099800000000347
12/12/2018 09:00,0.007730029999999832
12/12/2018 10:00,-0.005659999999999998
12/12/2018 11:00,0.00921000999999999
12/12/2018 12:00,0.0031400000000000317
12/12/2018 13:00,0.0007499700000000997
12/12/2018 14:00,-0.004729999999999901
12/12/2018 15:00,0.0003599899999999767
12/12/2018 16:00,0.0009299899999999361
12/12/2018 17:00,0.0025499600000000733
12/12/2018 18:00,0.007239949999999995
12/12/2018 19:00,0.01061000000000023
12/12/2018 20:00,-0.00712995999999988
12/12/2018 21:00,0.0033400399999998776
12/12/2018 22:00,0.0026700000000001722
12/12/2018 23:00,-0.0035000300000003204
12/13/2018 00:00,0.004910040000000171
12/13/2018 01:00,0.003610000000000002
12/13/2018 02:00,-0.005080000000000029
12/13/2018 03:00,0.002350020000000008
12/13/2018 04:00,0.002330019999999988
12/13/2018 05:00,0.0016799980000000159
12/13/2018 06:00,0.003359940000000061
12/13/2018 07:00,0.0019100159999999589
12/13/2018 08:00,-0.0071399699999999955
12/13/2018 09:00,0.007010020000000061
12/13/2018 10:00,-0.0013200199999998663
12/13/2018 11:00,0.0023699999999999832
12/13/2018 12:00,0.0014799500000000076
12/13/2018 13:00,0.0009400099999999911
12/13/2018 14:00,-0.007959969999999983
12/13/2018 15:00,0.0015299699999999916
12/13/2018 16:00,-0.005660009999999938
12/13/2018 17:00,-0.006460000000000021
12/13/2018 18:00,0.005319999999999991
12/13/2018 19:00,0.0008000300000000626
12/13/2018 20:00,-0.005819990000000108
12/13/2018 21:00,-0.003910069999999877
12/13/2018 22:00,-0.008969969999999994
12/13/2018 23:00,-0.0023999999999999577
12/14/2018 00:00,0.0007000299999999626
12/14/2018 01:00,-0.0026900650000000192
12/14/2018 02:00,-0.0006999999999999784
12/14/2018 03:00,-0.00383
12/14/2018 04:00,-0.001890010000000053
12/14/2018 05:00,0.0046399800000000435
12/14/2018 06:00,0.0006000100000000119
12/14/2018 07:00,-0.0015900100000000306
12/14/2018 08:00,-0.002219960000000021
12/14/2018 09:00,-0.0012300240000000517
12/14/2018 10:00,-0.0024400700000000164
12/14/2018 11:00,0.004049960000000019
12/14/2018 12:00,0.0006699699999999642
12/14/2018 13:00,0.006929999999999881
12/14/2018 14:00,-0.004600019999999927
12/14/2018 15:00,0.0003700499999998996
12/14/2018 16:00,0.0009300400000000764
12/14/2018 17:00,0.00610997000000002
12/14/2018 18:00,0.0030299999999999216
12/14/2018 19:00,-0.00582005999999996
12/14/2018 20:00,0.0012399999999999078
12/14/2018 21:00,0.0019700000000000273
12/14/2018 22:00,0.0021800000000000708
12/14/2018 23:00,0.00520003999999985
12/15/2018 00:00,-0.0038799999999998835
12/15/2018 01:00,0.003369999999999984
12/15/2018 02:00,-0.003079979999999982
12/15/2018 03:00,-0.0070899800000000235
12/15/2018 04:00,-0.007110000000000005
12/15/2018 05:00,0.001170009999999999
12/15/2018 06:00,0.0011599399999999982
12/15/2018 07:00,0.004620039999999992
12/15/2018 08:00,-0.0010800400000000043
12/15/2018 09:00,-0.0024599499999998775
12/15/2018 10:00,0.0008900200000000469
12/15/2018 11:00,-0.0004399299999999773
12/15/2018 12:00,-0.004729970000000028
12/15/2018 13:00,0.0016900100000000196
12/15/2018 14:00,0.0025200000000000222
12/15/2018 15:00,0.005150000000000016
12/15/2018 16:00,-0.003149999999999986
12/15/2018 17:00,-0.001680031999999998
12/15/2018 18:00,0.007209999999999939
12/15/2018 19:00,-0.003450039999999821
12/15/2018 20:00,0.0012100799999998912
12/15/2018 21:00,0.0015200000000001879
12/15/2018 22:00,0.007830000000000004
12/15/2018 23:00,-0.00054997999999995
12/16/2018 00:00,0.0005699699999999752
12/16/2018 01:00,0.0015399970000000152
12/16/2018 02:00,-0.004519999999999996
12/16/2018 03:00,0.002909990000000001
12/16/2018 04:00,0.002899999999999986
12/16/2018 05:00,0.001169980000000015
12/16/2018 06:00,-0.00018008000000002689
12/16/2018 07:00,0.004590000000000011
12/16/2018 08:00,-0.0010699700000000034
12/16/2018 09:00,-0.008080054999999975
12/16/2018 10:00,-0.004440005999999996
12/16/2018 11:00,0.002549950000000023
12/16/2018 12:00,-0.0033000200000000146
12/16/2018 13:00,0.0016899800000000076
12/16/2018 14:00,0.0025400000000000145
12/16/2018 15:00,0.005140000000000006
12/16/2018 16:00,-0.0031600199999999856
12/16/2018 17:00,0.0011700000000000044
12/16/2018 18:00,-0.0045200000000000795
12/16/2018 19:00,-0.003099970000000063
12/16/2018 20:00,-0.002429999999999932
12/16/2018 21:00,-0.0015300400000000103
12/16/2018 22:00,0.0028699599999999492
12/16/2018 23:00,0.0040501000000001675
12/17/2018 00:00,0.005400000000000071
12/17/2018 01:00,0.0010399799999999404
12/17/2018 02:00,-0.0050799900000000064
12/17/2018 03:00,-0.007650000000000018
12/17/2018 04:00,0.0023299999999999987
12/17/2018 05:00,0.0006000000000000172
12/17/2018 06:00,0.0017400199999999533
12/17/2018 07:00,-0.002250054999999973
12/17/2018 08:00,-0.0016200000000000103
12/17/2018 09:00,0.00042997499999997135
12/17/2018 10:00,0.0016300200000000098
12/17/2018 11:00,0.0008399699999999122
12/17/2018 12:00,-0.005030019999999968
12/17/2018 13:00,-0.005009989999999909
12/17/2018 14:00,0.005480019999999919
12/17/2018 15:00,-0.008439940000000035
12/17/2018 16:00,-3.0000000000085514e-5
12/17/2018 17:00,-0.00037994000000007855
12/17/2018 18:00,0.002260019999999918
12/17/2018 19:00,0.0003200200000001985
12/17/2018 20:00,-0.0037199999999999456
12/17/2018 21:00,-0.002209939999999966
12/17/2018 22:00,0.0026600399999998636
12/17/2018 23:00,0.005749999999999922
12/18/2018 00:00,-0.0010699699999998646
12/18/2018 01:00,0.000980007000000005
12/18/2018 02:00,-0.0050799900000000064
12/18/2018 03:00,0.002329990000000004
12/18/2018 04:00,-0.007650000000000018
12/18/2018 05:00,0.0006000000000000172
12/18/2018 06:00,0.0006000300000000014
12/18/2018 07:00,0.004049980000000009
12/18/2018 08:00,-0.0016400000000000026
12/18/2018 09:00,0.0008399799999999624
12/18/2018 10:00,0.007559960000000032
12/18/2018 11:00,-0.007859969999999938
12/18/2018 12:00,0.0021901300000001234
12/18/2018 13:00,0.007400040000000052
12/18/2018 14:00,-0.0020799000000000234
12/18/2018 15:00,0.0016299300000000017
12/18/2018 16:00,-0.005659989999999948
12/18/2018 17:00,0.004860030000000015
12/18/2018 18:00,0.0002500000000000835
12/18/2018 19:00,-0.0055100299999998326
12/18/2018 20:00,0.004179890000000075
12/18/2018 21:00,-0.003909980000000091
12/18/2018 22:00,0.0010299700000000467
12/18/2018 23:00,-0.0037399899999999153
12/19/2018 00:00,-0.0038799999999999946
12/19/2018 01:00,0.005139989999999983
12/19/2018 02:00,0.0071099900000000105
12/19/2018 03:00,0.003730000000000011
12/19/2018 04:00,-0.007650000000000018
12/19/2018 05:00,-0.00939998999999997
12/19/2018 06:00,0.0005999500000000157
12/19/2018 07:00,0.00401994
12/19/2018 08:00,-0.0035998960000001023
12/19/2018 09:00,0.0039799999999998725
12/19/2018 10:00,0.007920069999999946
12/19/2018 11:00,0.0055400000000001
12/19/2018 12:00,-0.006390059999999975
12/19/2018 13:00,0.000720000000000165
12/19/2018 14:00,-0.00475004999999995
12/19/2018 15:00,0.00036999000000015325
12/19/2018 16:00,-0.0015799999999999148
12/19/2018 17:00,0.004080060000000163
12/19/2018 18:00,-0.005270019999999764
12/19/2018 19:00,-0.005669980000000185
12/19/2018 20:00,0.0014900399999999703
12/19/2018 21:00,0.000909810000000455
12/19/2018 22:00,0.0033901000000002846
12/19/2018 23:00,-0.0007199900000000037
12/20/2018 00:00,0.003549959999999963
12/20/2018 01:00,-0.0021900000000000253
12/20/2018 02:00,0.006939980000000012
12/20/2018 03:00,-0.006949999999999984
12/20/2018 04:00,0.002329990000000004
12/20/2018 05:00,0.0006000000000000172
12/20/2018 06:00,-0.0009800000000000364
12/20/2018 07:00,-0.0009499640000000253
12/20/2018 08:00,0.007200100000000154
12/20/2018 09:00,-0.007390039999999987
12/20/2018 10:00,-0.0036099800000000126
12/20/2018 11:00,-0.0008200099999999821
12/20/2018 12:00,-0.004179960000000094
12/20/2018 13:00,0.0022699999999999942
12/20/2018 14:00,-0.002870030000000079
12/20/2018 15:00,0.00036999000000004223
12/20/2018 16:00,0.0009299899999999361
12/20/2018 17:00,0.004930019999999979
12/20/2018 18:00,0.007700029999999858
12/20/2018 19:00,0.004490030000000034
12/20/2018 20:00,-0.003449999999999953
12/20/2018 21:00,-0.005199999999999871
12/20/2018 22:00,0.0026600000000001067
12/20/2018 23:00,-0.005560000000000009
12/21/2018 00:00,-0.008490000000000109
12/21/2018 01:00,0.0002300100000000027
12/21/2018 02:00,-0.005080000000000001
12/21/2018 03:00,0.002329990000000004
12/21/2018 04:00,0.0023400000000000087
12/21/2018 05:00,0.0006000000000000172
12/21/2018 06:00,0.0006000399999999961
12/21/2018 07:00,0.0040300100000000005
12/21/2018 08:00,-0.001659930000000004
12/21/2018 09:00,0.0014299700000000026
12/21/2018 10:00,-0.005669999999999842
12/21/2018 11:00,-0.005950000000000011
12/21/2018 12:00,0.004959900000000017
12/21/2018 13:00,-0.00770000000000004
12/21/2018 14:00,0.0020199899999999715
12/21/2018 15:00,0.0022500199999999637
12/21/2018 16:00,-0.0010299999999999754
12/21/2018 17:00,0.003530030000000073
12/21/2018 18:00,-0.003610000000000002
12/21/2018 19:00,0.0009200000000000319
12/21/2018 20:00,0.0004899999999999904
12/21/2018 21:00,-0.0021099599999998553
12/21/2018 22:00,-0.008970029999999962
12/21/2018 23:00,-0.001730030000000049
12/22/2018 00:00,-0.007000019999999996
12/22/2018 01:00,-0.0020699999999999608
12/22/2018 02:00,-0.0045199900000000015
12/22/2018 03:00,0.002900020000000003
12/22/2018 04:00,-0.00709000999999998
12/22/2018 05:00,-0.008839999999999959
12/22/2018 06:00,-0.00883993999999999
12/22/2018 07:00,0.0045899400000000146
12/22/2018 08:00,-0.0010799800000000082
12/22/2018 09:00,0.0019099650000000135
12/22/2018 10:00,0.0010999799999999449
12/22/2018 11:00,0.0025200000000000222
12/22/2018 12:00,-0.003290000000000015
12/22/2018 13:00,0.0016900000000000248
12/22/2018 14:00,0.0025300200000000217
12/22/2018 15:00,0.005149990000000021
12/22/2018 16:00,0.006850000000000023
12/22/2018 17:00,-0.0004799399999999565
12/22/2018 18:00,0.007230029999999998
12/22/2018 19:00,0.001169900000000057
12/22/2018 20:00,0.0005599999999998939
12/22/2018 21:00,0.006019949999999996
12/22/2018 22:00,0.0013599799999999274
12/22/2018 23:00,0.0014600200000000063
12/23/2018 00:00,0.004559969999999969
12/23/2018 01:00,-0.0018000000000000238
12/23/2018 02:00,0.005959987
12/23/2018 03:00,0.002920009999999973
12/23/2018 04:00,0.002920009999999973
12/23/2018 05:00,0.0011599999999999944
12/23/2018 06:00,0.0011600600000000183
12/23/2018 07:00,0.004619979999999968
12/23/2018 08:00,0.008939990000000009
12/23/2018 09:00,0.008179960000000097
12/23/2018 10:00,0.003569960000000094
12/23/2018 11:00,-0.0044500199999999435
12/23/2018 12:00,-0.00310005999999996
12/23/2018 13:00,-0.006279979999999963
12/23/2018 14:00,0.0046599599999999075
12/23/2018 15:00,0.005150000000000016
12/23/2018 16:00,-0.003139999999999976
12/23/2018 17:00,0.0011599999999999944
12/23/2018 18:00,0.00671998000000007
12/23/2018 19:00,0.004120030000000163
12/23/2018 20:00,-0.009459999999999802
12/23/2018 21:00,-0.001529899999999751
12/23/2018 22:00,0.0028900499999997553
12/23/2018 23:00,-0.0003999799999999665
12/24/2018 00:00,-0.00267004000000004
12/24/2018 01:00,-0.0021900199999999592
12/24/2018 02:00,-0.006559999999999955
12/24/2018 03:00,0.002350020000000008
12/24/2018 04:00,-0.007650000000000018
12/24/2018 05:00,0.0016799980000000159
12/24/2018 06:00,0.0033700799999999975
12/24/2018 07:00,0.0019200360000000138
12/24/2018 08:00,-0.002220049999999918
12/24/2018 09:00,-0.0011900199999999028
12/24/2018 10:00,-0.0020001099999999994
12/24/2018 11:00,-0.0010300999999999227
12/24/2018 12:00,0.005229999999999846
12/24/2018 13:00,-0.009080000000000032
12/24/2018 14:00,-0.004390009999999944
12/24/2018 15:00,0.0003799899999999967
12/24/2018 16:00,-0.009060070000000087
12/24/2018 17:00,-0.001680049999999933
12/24/2018 18:00,0.0022699999999999942
12/24/2018 19:00,0.010309970000000224
12/24/2018 20:00,0.0028600000000000847
12/24/2018 21:00,0.003350000000000186
12/24/2018 22:00,0.0026600000000001067
12/24/2018 23:00,0.0044399999999999995
12/25/2018 00:00,-0.0038799999999999946
12/25/2018 01:00,-0.00021999000000000324
12/25/2018 02:00,0.004910009999999965
12/25/2018 03:00,-0.007659980000000011
12/25/2018 04:00,0.0023499999999999632
12/25/2018 05:00,0.0006000000000000449
12/25/2018 06:00,0.0005900400000000139
12/25/2018 07:00,0.004039960000000009
12/25/2018 08:00,0.0015501000000002207
12/25/2018 09:00,-0.0005500940000000565
12/25/2018 10:00,-0.003600060000000127
12/25/2018 11:00,-0.0008000299999999516
12/25/2018 12:00,0.00583004999999992
12/25/2018 13:00,0.0007299699999999687
12/25/2018 14:00,0.00047002000000007094
12/25/2018 15:00,0.006330019999999936
12/25/2018 16:00,-0.001030030000000015
12/25/2018 17:00,0.0005300099999999697
12/25/2018 18:00,0.0022800000000000598
12/25/2018 19:00,0.0003200200000001985
12/25/2018 20:00,0.00288004999999969
12/25/2018 21:00,-0.0066399299999997385
12/25/2018 22:00,-0.0018198499999999562
12/25/2018 23:00,-0.0042099799999999465
12/26/2018 00:00,0.00043000000000004146
12/26/2018 01:00,-0.004860010000000026
12/26/2018 02:00,0.004299996999999944
12/26/2018 03:00,-0.010559989999999964
12/26/2018 04:00,0.002340019999999998
12/26/2018 05:00,0.001680028
12/26/2018 06:00,0.00333996999999997
12/26/2018 07:00,-0.0007600239999998593
12/26/2018 08:00,0.00013010000000002186
12/26/2018 09:00,0.007390000000000008
12/26/2018 10:00,0.0016099999999999448
12/26/2018 11:00,0.0008199999999999874
12/26/2018 12:00,-0.007009999999999961
12/26/2018 13:00,0.0007399999999999629
12/26/2018 14:00,0.0017000000000000348
12/26/2018 15:00,-0.007219990000000065
12/26/2018 16:00,0.008960010000000018
12/26/2018 17:00,-0.010799979999999931
12/26/2018 18:00,-0.00038999999999989043
12/26/2018 19:00,0.00031997000000005826
12/26/2018 20:00,-0.007120000000000015
12/26/2018 21:00,-0.0048899799999999605
12/26/2018 22:00,-0.005210000000000159
12/26/2018 23:00,0.004430059999999791
12/27/2018 00:00,-0.003870039999999908
12/27/2018 01:00,-0.0036300500000001623
12/27/2018 02:00,-0.0028799700000000095
12/27/2018 03:00,0.0043299799999999555
12/27/2018 04:00,0.005209950000000019
12/27/2018 05:00,-0.007360079999999991
12/27/2018 06:00,0.0006000000000000449
12/27/2018 07:00,-0.00158003000000001
12/27/2018 08:00,0.00034999999999996145
12/27/2018 09:00,-0.0023099700000002166
12/27/2018 10:00,0.00017000000000000348
12/27/2018 11:00,0.0029899800000001697
12/27/2018 12:00,0.0036199599999999776
12/27/2018 13:00,0.0023200000000000998
12/27/2018 14:00,-0.003269999999999995
12/27/2018 15:00,0.00037001999999997093
12/27/2018 16:00,0.0009300100000000366
12/27/2018 17:00,0.0047599600000000075
12/27/2018 18:00,0.0011099500000000262
12/27/2018 19:00,0.00042991000000025537
12/27/2018 20:00,0.002879929999999975
12/27/2018 21:00,-0.006659959999999909
12/27/2018 22:00,-0.0018199999999999328
12/27/2018 23:00,-0.004769999999999941
12/28/2018 00:00,-0.0012799799999999861
12/28/2018 01:00,0.0009799970000000102
12/28/2018 02:00,-0.005080000000000001
12/28/2018 03:00,0.0023600099999999957
12/28/2018 04:00,0.002349999999999991
12/28/2018 05:00,0.0006000100000000119
12/28/2018 06:00,0.0006000399999999961
12/28/2018 07:00,0.004039960000000009
12/28/2018 08:00,0.0012900399999999923
12/28/2018 09:00,0.001729949999999869
12/28/2018 10:00,0.0047999999999999154
12/28/2018 11:00,0.005749999999999922
12/28/2018 12:00,0.0006700299999999881
12/28/2018 13:00,0.0009200000000000319
12/28/2018 14:00,0.003740010000000016
12/28/2018 15:00,0.0022500199999999637
12/28/2018 16:00,-0.0010299699999999357
12/28/2018 17:00,0.001570030000000111
12/28/2018 18:00,-0.0003499599999999825
12/28/2018 19:00,0.004759940000000018
12/28/2018 20:00,-0.005839990000000017
12/28/2018 21:00,-0.003889999999999949
12/28/2018 22:00,0.001040000000000041
12/28/2018 23:00,-0.004239980000000032
12/29/2018 00:00,0.008920019999999917
12/29/2018 01:00,-0.0035000100000000534
12/29/2018 02:00,-0.0045199900000000015
12/29/2018 03:00,0.002899999999999986
12/29/2018 04:00,0.002909999999999996
12/29/2018 05:00,0.0011599999999999944
12/29/2018 06:00,0.0011599700000000102
12/29/2018 07:00,0.004609959999999996
12/29/2018 08:00,0.001119960000000031
12/29/2018 09:00,-0.003119969999999972
12/29/2018 10:00,-0.0025399999999999867
12/29/2018 11:00,-0.0015899829999999615
12/29/2018 12:00,-0.004729899999999954
12/29/2018 13:00,0.0016899800000000076
12/29/2018 14:00,-0.00887994000000003
12/29/2018 15:00,-0.0007800700000000216
12/29/2018 16:00,-0.0012999999999999678
12/29/2018 17:00,0.0009500000000000064
12/29/2018 18:00,0.0021998999999999214
12/29/2018 19:00,0.00654003000000003
12/29/2018 20:00,-0.00661999000000002
12/29/2018 21:00,0.004049999999999887
12/29/2018 22:00,0.0028799999999999937
12/29/2018 23:00,-0.007519999999999971
12/30/2018 00:00,-0.00158998999999993
12/30/2018 01:00,0.0015299770000000157
12/30/2018 02:00,-0.0045299900000000115
12/30/2018 03:00,-0.0070899800000000235
12/30/2018 04:00,-0.007080000000000003
12/30/2018 05:00,0.002460099999999965
12/30/2018 06:00,0.001169950000000003
12/30/2018 07:00,-0.0012900799999999712
12/30/2018 08:00,0.007150129999999977
12/30/2018 09:00,-0.00873994400000011
12/30/2018 10:00,0.004950039999999989
12/30/2018 11:00,0.005440100000000059
12/30/2018 12:00,0.001500049999999975
12/30/2018 13:00,0.0008000479999999976
12/30/2018 14:00,0.0025501000000000273
12/30/2018 15:00,0.005150020000000005
12/30/2018 16:00,-0.008060039999999935
12/30/2018 17:00,0.00023996999999997826
12/30/2018 18:00,0.00026996999999995275
12/30/2018 19:00,-0.003459939999999939
12/30/2018 20:00,0.0033499799999999746
12/30/2018 21:00,0.0039599999999999635
12/30/2018 22:00,-0.003550000000000053
12/30/2018 23:00,0.0006900199999999579
12/31/2018 00:00,-0.0006899999999999962
12/31/2018 01:00,0.001420007000000001
12/31/2018 02:00,0.00492999999999999
12/31/2018 03:00,0.002349999999999991
12/31/2018 04:00,0.0023299999999999987
12/31/2018 05:00,0.0005900000000000072
12/31/2018 06:00,0.0005998899999999918
12/31/2018 07:00,-0.0015898899999999827
12/31/2018 08:00,-0.0022299499999999806
12/31/2018 09:00,-0.0006000239999999768
12/31/2018 10:00,-0.0024500499999999814
12/31/2018 11:00,0.004039999999999988
12/31/2018 12:00,0.0006600800000000073
12/31/2018 13:00,-0.0005999999999999894
12/31/2018 14:00,-0.004749990000000093
12/31/2018 15:00,0.0003799399999999675
12/31/2018 16:00,0.0009299899999999361
12/31/2018 17:00,-0.00038000000000004697
12/31/2018 18:00,-0.000520000000000076
12/31/2018 19:00,-0.007100099999999943
12/31/2018 20:00,0.0015000000000000568
12/31/2018 21:00,0.0009099599999999874
12/31/2018 22:00,0.004809999999999981
12/31/2018 23:00,0.003939979999999954
01/01/2019 00:00,0.000419980000000042
